ISO-10303-21;
HEADER;
FILE_DESCRIPTION (( 'STEP AP214' ),
    '1' );
FILE_NAME ('display_cover.STEP',
    '2026-06-22T00:12:03',
    ( '' ),
    ( '' ),
    'SwSTEP 2.0',
    'SolidWorks 2026',
    '' );
FILE_SCHEMA (( 'AUTOMOTIVE_DESIGN' ));
ENDSEC;

DATA;
#1 = LINE ( 'NONE', #1776, #53 ) ;
#2 = DIRECTION ( 'NONE',  ( -1.000000000000000000, 0.000000000000000000, 0.000000000000000000 ) ) ;
#3 = ORIENTED_EDGE ( 'NONE', *, *, #2346, .F. ) ;
#4 = LINE ( 'NONE', #1843, #792 ) ;
#5 = ORIENTED_EDGE ( 'NONE', *, *, #155, .T. ) ;
#6 = VECTOR ( 'NONE', #1494, 1000.000000000000000 ) ;
#7 = CARTESIAN_POINT ( 'NONE',  ( 38.32836607801179696, -2.406117203293549611, 5.324999999999996625 ) ) ;
#8 = ORIENTED_EDGE ( 'NONE', *, *, #274, .F. ) ;
#9 = LINE ( 'NONE', #456, #200 ) ;
#10 = CARTESIAN_POINT ( 'NONE',  ( 106.3783660780117941, 4.443882796706457583, 1.000000000000000000 ) ) ;
#11 = EDGE_CURVE ( 'NONE', #649, #670, #2051, .T. ) ;
#12 = DIRECTION ( 'NONE',  ( 1.000000000000000000, 0.000000000000000000, 0.000000000000000000 ) ) ;
#13 = ADVANCED_FACE ( 'NONE', ( #1420 ), #327, .F. ) ;
#14 = CARTESIAN_POINT ( 'NONE',  ( 103.7283660780117742, 55.09388279670645971, 1.000000000000000000 ) ) ;
#15 = AXIS2_PLACEMENT_3D ( 'NONE', #220, #1138, #279 ) ;
#16 = ORIENTED_EDGE ( 'NONE', *, *, #867, .T. ) ;
#17 = ADVANCED_FACE ( 'NONE', ( #113 ), #1408, .F. ) ;
#18 = PLANE ( 'NONE',  #1097 ) ;
#19 = EDGE_LOOP ( 'NONE', ( #504, #69, #884, #2638, #2156, #2081, #2584 ) ) ;
#20 = CARTESIAN_POINT ( 'NONE',  ( 79.22836607801178843, 61.94388279670645403, 7.499999999999999112 ) ) ;
#21 = ORIENTED_EDGE ( 'NONE', *, *, #236, .T. ) ;
#22 = VERTEX_POINT ( 'NONE', #2475 ) ;
#23 = VECTOR ( 'NONE', #2754, 1000.000000000000000 ) ;
#24 = VECTOR ( 'NONE', #758, 1000.000000000000000 ) ;
#25 = FACE_BOUND ( 'NONE', #1053, .T. ) ;
#26 = PLANE ( 'NONE',  #1524 ) ;
#27 = VECTOR ( 'NONE', #2536, 1000.000000000000000 ) ;
#28 = DIRECTION ( 'NONE',  ( -1.000000000000000000, 0.000000000000000000, 0.000000000000000000 ) ) ;
#29 = LINE ( 'NONE', #1357, #711 ) ;
#30 = ADVANCED_FACE ( 'NONE', ( #1821 ), #984, .T. ) ;
#31 = VECTOR ( 'NONE', #40, 1000.000000000000000 ) ;
#32 = EDGE_LOOP ( 'NONE', ( #1497, #476, #501, #739, #1367, #2106, #296 ) ) ;
#33 = CARTESIAN_POINT ( 'NONE',  ( 11.57836607801180051, 20.04388279670645190, 1.000000000000000000 ) ) ;
#34 = ORIENTED_EDGE ( 'NONE', *, *, #1342, .F. ) ;
#35 = FACE_BOUND ( 'NONE', #1370, .T. ) ;
#36 = ADVANCED_FACE ( 'NONE', ( #2216 ), #291, .F. ) ;
#37 = ORIENTED_EDGE ( 'NONE', *, *, #1870, .T. ) ;
#38 = ORIENTED_EDGE ( 'NONE', *, *, #2020, .T. ) ;
#39 = CARTESIAN_POINT ( 'NONE',  ( 89.22836607801178843, 57.69388279670645403, 3.000000000000000000 ) ) ;
#40 = DIRECTION ( 'NONE',  ( -0.000000000000000000, -0.000000000000000000, -1.000000000000000000 ) ) ;
#41 = CARTESIAN_POINT ( 'NONE',  ( 43.32836607801179696, 1.793882796706454341, 10.49999999999999822 ) ) ;
#42 = CARTESIAN_POINT ( 'NONE',  ( 81.32836607801179696, -4.056117203293553963, 10.49999999999999822 ) ) ;
#43 = ORIENTED_EDGE ( 'NONE', *, *, #570, .T. ) ;
#44 = LINE ( 'NONE', #911, #696 ) ;
#45 = EDGE_CURVE ( 'NONE', #94, #2039, #309, .T. ) ;
#46 = ORIENTED_EDGE ( 'NONE', *, *, #2122, .F. ) ;
#47 = PLANE ( 'NONE',  #15 ) ;
#48 = ORIENTED_EDGE ( 'NONE', *, *, #577, .T. ) ;
#49 = CARTESIAN_POINT ( 'NONE',  ( 13.32836607801184137, -6.056117203293561069, 0.000000000000000000 ) ) ;
#50 = ADVANCED_FACE ( 'NONE', ( #537, #971 ), #2078, .F. ) ;
#51 = EDGE_CURVE ( 'NONE', #1952, #2632, #1713, .T. ) ;
#52 = ORIENTED_EDGE ( 'NONE', *, *, #1306, .T. ) ;
#53 = VECTOR ( 'NONE', #2362, 999.9999999999998863 ) ;
#54 = CARTESIAN_POINT ( 'NONE',  ( 35.22836607801179554, 58.69388279670644692, 10.49999999999999822 ) ) ;
#55 = AXIS2_PLACEMENT_3D ( 'NONE', #2550, #629, #1489 ) ;
#56 = DIRECTION ( 'NONE',  ( -1.000000000000000000, 0.000000000000000000, 0.000000000000000000 ) ) ;
#57 = DIRECTION ( 'NONE',  ( -1.000000000000000000, 0.000000000000000000, 0.000000000000000000 ) ) ;
#58 = VECTOR ( 'NONE', #276, 1000.000000000000000 ) ;
#59 = VERTEX_POINT ( 'NONE', #2134 ) ;
#60 = CARTESIAN_POINT ( 'NONE',  ( 45.22836607801179554, 60.69388279670644692, 10.49999999999999822 ) ) ;
#61 = EDGE_LOOP ( 'NONE', ( #48, #793, #1383, #2429 ) ) ;
#62 = CARTESIAN_POINT ( 'NONE',  ( 49.10940975207680026, 61.94388279670645403, 7.499999999999999112 ) ) ;
#63 = ORIENTED_EDGE ( 'NONE', *, *, #2020, .F. ) ;
#64 = LINE ( 'NONE', #1754, #2456 ) ;
#65 = ORIENTED_EDGE ( 'NONE', *, *, #1385, .F. ) ;
#66 = AXIS2_PLACEMENT_3D ( 'NONE', #1234, #2732, #2094 ) ;
#67 =( NAMED_UNIT ( * ) SI_UNIT ( $, .STERADIAN. ) SOLID_ANGLE_UNIT ( ) );
#68 = EDGE_CURVE ( 'NONE', #1346, #1962, #1021, .T. ) ;
#69 = ORIENTED_EDGE ( 'NONE', *, *, #1956, .F. ) ;
#70 = EDGE_CURVE ( 'NONE', #1669, #578, #160, .T. ) ;
#71 = EDGE_CURVE ( 'NONE', #737, #2208, #633, .T. ) ;
#72 = ADVANCED_FACE ( 'NONE', ( #368 ), #1463, .F. ) ;
#73 = DIRECTION ( 'NONE',  ( 0.000000000000000000, -0.000000000000000000, 1.000000000000000000 ) ) ;
#74 = CARTESIAN_POINT ( 'NONE',  ( 16.72836607801176001, 55.09388279670645971, 1.000000000000000000 ) ) ;
#75 = EDGE_CURVE ( 'NONE', #331, #1826, #2730, .T. ) ;
#76 = CARTESIAN_POINT ( 'NONE',  ( 38.32836607801179696, -4.056117203293553963, 5.324999999999996625 ) ) ;
#77 = EDGE_LOOP ( 'NONE', ( #205, #164, #2164, #2653 ) ) ;
#78 = DIRECTION ( 'NONE',  ( 0.000000000000000000, -1.000000000000000000, 0.000000000000000000 ) ) ;
#79 = VERTEX_POINT ( 'NONE', #817 ) ;
#80 = ORIENTED_EDGE ( 'NONE', *, *, #1085, .F. ) ;
#81 = LINE ( 'NONE', #885, #832 ) ;
#82 = EDGE_LOOP ( 'NONE', ( #1073, #1922, #1739, #652 ) ) ;
#83 = LINE ( 'NONE', #1382, #955 ) ;
#84 = EDGE_LOOP ( 'NONE', ( #1011, #2479, #946, #1175 ) ) ;
#85 = FACE_OUTER_BOUND ( 'NONE', #2710, .T. ) ;
#86 = AXIS2_PLACEMENT_3D ( 'NONE', #525, #297, #1322 ) ;
#87 = ORIENTED_EDGE ( 'NONE', *, *, #370, .T. ) ;
#88 = EDGE_LOOP ( 'NONE', ( #555, #945, #1728, #2041 ) ) ;
#89 = DIRECTION ( 'NONE',  ( 0.000000000000000000, -0.7071067811865475727, -0.7071067811865475727 ) ) ;
#90 = CARTESIAN_POINT ( 'NONE',  ( 41.10336607801180264, 0.1438827967064504887, 3.999999999999999112 ) ) ;
#91 = ADVANCED_FACE ( 'NONE', ( #1275 ), #1064, .F. ) ;
#92 = CARTESIAN_POINT ( 'NONE',  ( 35.55336607801179838, -2.406117203293550055, 10.49999999999999822 ) ) ;
#93 = ADVANCED_FACE ( 'NONE', ( #1217 ), #2566, .F. ) ;
#94 = VERTEX_POINT ( 'NONE', #1887 ) ;
#95 = DIRECTION ( 'NONE',  ( 0.000000000000000000, 1.000000000000000000, 0.000000000000000000 ) ) ;
#96 = CARTESIAN_POINT ( 'NONE',  ( 35.22836607801179554, 60.69388279670644692, 10.49999999999999822 ) ) ;
#97 = ORIENTED_EDGE ( 'NONE', *, *, #1752, .F. ) ;
#98 = FACE_OUTER_BOUND ( 'NONE', #1387, .T. ) ;
#99 = ORIENTED_EDGE ( 'NONE', *, *, #470, .T. ) ;
#100 = DIRECTION ( 'NONE',  ( -0.000000000000000000, -0.000000000000000000, 1.000000000000000000 ) ) ;
#101 = VERTEX_POINT ( 'NONE', #1262 ) ;
#102 = VERTEX_POINT ( 'NONE', #185 ) ;
#103 = VECTOR ( 'NONE', #1912, 1000.000000000000000 ) ;
#104 = ORIENTED_EDGE ( 'NONE', *, *, #1537, .T. ) ;
#105 = VECTOR ( 'NONE', #2398, 1000.000000000000000 ) ;
#106 = FACE_OUTER_BOUND ( 'NONE', #2648, .T. ) ;
#107 = CARTESIAN_POINT ( 'NONE',  ( 12.72836607801179554, 56.94388279670644692, 1.000000000000000000 ) ) ;
#108 = ORIENTED_EDGE ( 'NONE', *, *, #2352, .F. ) ;
#109 = DIRECTION ( 'NONE',  ( 0.000000000000000000, -0.000000000000000000, -1.000000000000000000 ) ) ;
#110 = EDGE_CURVE ( 'NONE', #1100, #2772, #590, .T. ) ;
#111 = VECTOR ( 'NONE', #2464, 1000.000000000000000 ) ;
#112 = EDGE_CURVE ( 'NONE', #2252, #1964, #2756, .T. ) ;
#113 = FACE_OUTER_BOUND ( 'NONE', #874, .T. ) ;
#114 = CARTESIAN_POINT ( 'NONE',  ( 89.22836607801178843, 58.69388279670643982, 10.49999999999999822 ) ) ;
#115 = ORIENTED_EDGE ( 'NONE', *, *, #1537, .F. ) ;
#116 = ORIENTED_EDGE ( 'NONE', *, *, #2577, .F. ) ;
#117 = ORIENTED_EDGE ( 'NONE', *, *, #274, .T. ) ;
#118 = PLANE ( 'NONE',  #267 ) ;
#119 = CARTESIAN_POINT ( 'NONE',  ( 24.32836607801179696, 49.44388279670646114, 0.000000000000000000 ) ) ;
#120 = VERTEX_POINT ( 'NONE', #1034 ) ;
#121 = CARTESIAN_POINT ( 'NONE',  ( 113.8283660780117970, 62.94388279670645403, 0.000000000000000000 ) ) ;
#122 = AXIS2_PLACEMENT_3D ( 'NONE', #2402, #95, #2006 ) ;
#123 = AXIS2_PLACEMENT_3D ( 'NONE', #835, #2342, #1690 ) ;
#124 = CARTESIAN_POINT ( 'NONE',  ( 11.57836607801179696, 36.04388279670645545, 1.000000000000000000 ) ) ;
#125 = DIRECTION ( 'NONE',  ( 0.000000000000000000, 0.000000000000000000, 1.000000000000000000 ) ) ;
#126 = ADVANCED_FACE ( 'NONE', ( #2553 ), #1047, .T. ) ;
#127 = EDGE_CURVE ( 'NONE', #796, #649, #617, .T. ) ;
#128 = PLANE ( 'NONE',  #734 ) ;
#129 = AXIS2_PLACEMENT_3D ( 'NONE', #1391, #2198, #1801 ) ;
#130 = EDGE_LOOP ( 'NONE', ( #2206, #2701, #8, #2463 ) ) ;
#131 = ADVANCED_FACE ( 'NONE', ( #2293 ), #844, .F. ) ;
#132 = DIRECTION ( 'NONE',  ( 0.000000000000000000, 0.000000000000000000, -1.000000000000000000 ) ) ;
#133 = LINE ( 'NONE', #1016, #2189 ) ;
#134 = EDGE_LOOP ( 'NONE', ( #65, #2395, #2606, #2651, #2426, #466, #936, #52 ) ) ;
#135 = DIRECTION ( 'NONE',  ( -1.000000000000000000, 0.000000000000000000, 0.000000000000000000 ) ) ;
#136 = DIRECTION ( 'NONE',  ( 2.168404344971008375E-16, -1.000000000000000000, 0.000000000000000000 ) ) ;
#137 = PLANE ( 'NONE',  #2576 ) ;
#138 = CARTESIAN_POINT ( 'NONE',  ( 79.22836607801178843, 60.69388279670645403, 7.499999999999999112 ) ) ;
#139 = ORIENTED_EDGE ( 'NONE', *, *, #438, .T. ) ;
#140 = EDGE_CURVE ( 'NONE', #2235, #2388, #2713, .T. ) ;
#141 = PLANE ( 'NONE',  #1246 ) ;
#142 = FACE_OUTER_BOUND ( 'NONE', #1083, .T. ) ;
#143 = FACE_OUTER_BOUND ( 'NONE', #1508, .T. ) ;
#144 = EDGE_CURVE ( 'NONE', #310, #2250, #2349, .T. ) ;
#145 = AXIS2_PLACEMENT_3D ( 'NONE', #1917, #1434, #2108 ) ;
#146 = ORIENTED_EDGE ( 'NONE', *, *, #1595, .F. ) ;
#147 = FACE_OUTER_BOUND ( 'NONE', #1210, .T. ) ;
#148 = DIRECTION ( 'NONE',  ( 0.000000000000000000, 1.000000000000000000, 0.000000000000000000 ) ) ;
#149 = SURFACE_SIDE_STYLE ('',( #1218 ) ) ;
#150 = CARTESIAN_POINT ( 'NONE',  ( 49.10940975207680026, 60.69388279670645403, 7.499999999999999112 ) ) ;
#151 = VERTEX_POINT ( 'NONE', #459 ) ;
#152 = CARTESIAN_POINT ( 'NONE',  ( 79.22836607801178843, 60.69388279670644692, 3.000000000000000000 ) ) ;
#153 = LINE ( 'NONE', #1842, #1697 ) ;
#154 = DIRECTION ( 'NONE',  ( 1.000000000000000000, 0.000000000000000000, 0.000000000000000000 ) ) ;
#155 = EDGE_CURVE ( 'NONE', #943, #1580, #1, .T. ) ;
#156 = LINE ( 'NONE', #1679, #1700 ) ;
#157 = VECTOR ( 'NONE', #1729, 1000.000000000000000 ) ;
#158 = DIRECTION ( 'NONE',  ( 1.000000000000000000, 1.263148162119034625E-16, -0.000000000000000000 ) ) ;
#159 = EDGE_LOOP ( 'NONE', ( #2444, #925, #2237, #463 ) ) ;
#160 = LINE ( 'NONE', #1901, #1939 ) ;
#161 = PLANE ( 'NONE',  #2336 ) ;
#162 = VECTOR ( 'NONE', #1461, 1000.000000000000000 ) ;
#163 = CARTESIAN_POINT ( 'NONE',  ( 16.72836607801176001, 56.94388279670644692, 3.000000000000000000 ) ) ;
#164 = ORIENTED_EDGE ( 'NONE', *, *, #2727, .F. ) ;
#165 = VECTOR ( 'NONE', #588, 1000.000000000000000 ) ;
#166 = CARTESIAN_POINT ( 'NONE',  ( 81.32836607801179696, 1.793882796706454341, 10.49999999999999822 ) ) ;
#167 = CARTESIAN_POINT ( 'NONE',  ( 43.32836607801179696, -4.056117203293553963, 10.49999999999999822 ) ) ;
#168 = DIRECTION ( 'NONE',  ( 0.000000000000000000, -0.000000000000000000, 1.000000000000000000 ) ) ;
#169 = VECTOR ( 'NONE', #1286, 1000.000000000000000 ) ;
#170 = EDGE_CURVE ( 'NONE', #747, #2765, #487, .T. ) ;
#171 = ADVANCED_FACE ( 'NONE', ( #659, #675 ), #1077, .F. ) ;
#172 = CARTESIAN_POINT ( 'NONE',  ( 41.10336607801180264, -2.406117203293549167, 3.999999999999999112 ) ) ;
#173 = EDGE_LOOP ( 'NONE', ( #263, #849, #2420, #2421 ) ) ;
#174 = CARTESIAN_POINT ( 'NONE',  ( 13.07836607801180051, 20.04388279670645190, 1.000000000000000000 ) ) ;
#175 = CARTESIAN_POINT ( 'NONE',  ( 103.7283660780117742, -0.5561172032935430831, -6.071067811865478170 ) ) ;
#176 = DIRECTION ( 'NONE',  ( 0.000000000000000000, 0.000000000000000000, -1.000000000000000000 ) ) ;
#177 = ORIENTED_EDGE ( 'NONE', *, *, #521, .F. ) ;
#178 = CARTESIAN_POINT ( 'NONE',  ( 11.57836607801180051, 20.04388279670645190, 3.000000000000000000 ) ) ;
#179 = LINE ( 'NONE', #1056, #482 ) ;
#180 = LINE ( 'NONE', #1895, #103 ) ;
#181 = ORIENTED_EDGE ( 'NONE', *, *, #1737, .T. ) ;
#182 = FACE_OUTER_BOUND ( 'NONE', #88, .T. ) ;
#183 = DIRECTION ( 'NONE',  ( 0.000000000000000000, 0.000000000000000000, -1.000000000000000000 ) ) ;
#184 = EDGE_CURVE ( 'NONE', #2244, #1496, #2591, .T. ) ;
#185 = CARTESIAN_POINT ( 'NONE',  ( 83.55336607801177706, -2.406117203293549167, 3.999999999999999112 ) ) ;
#186 = PLANE ( 'NONE',  #628 ) ;
#187 = EDGE_CURVE ( 'NONE', #1992, #918, #2147, .T. ) ;
#188 = CARTESIAN_POINT ( 'NONE',  ( 103.7283660780117742, 1.793882796706454341, 1.000000000000000000 ) ) ;
#189 = EDGE_CURVE ( 'NONE', #2431, #1501, #1735, .T. ) ;
#190 = VECTOR ( 'NONE', #271, 1000.000000000000000 ) ;
#191 = VERTEX_POINT ( 'NONE', #869 ) ;
#192 = ORIENTED_EDGE ( 'NONE', *, *, #1857, .T. ) ;
#193 = CARTESIAN_POINT ( 'NONE',  ( 108.7283660780117884, 4.443882796706457583, 3.000000000000000000 ) ) ;
#194 = VECTOR ( 'NONE', #721, 1000.000000000000000 ) ;
#195 = DIRECTION ( 'NONE',  ( 0.000000000000000000, -0.2576626505603326067, -0.9662349396012461789 ) ) ;
#196 = CARTESIAN_POINT ( 'NONE',  ( 13.07836607801180229, 1.793882796706454341, 3.000000000000000000 ) ) ;
#197 = VERTEX_POINT ( 'NONE', #1516 ) ;
#198 = DIRECTION ( 'NONE',  ( 0.000000000000000000, 0.000000000000000000, -1.000000000000000000 ) ) ;
#199 = CARTESIAN_POINT ( 'NONE',  ( 35.22836607801179554, 60.69388279670645403, 7.499999999999999112 ) ) ;
#200 = VECTOR ( 'NONE', #1285, 1000.000000000000000 ) ;
#201 = AXIS2_PLACEMENT_3D ( 'NONE', #150, #1447, #2505 ) ;
#202 = DIRECTION ( 'NONE',  ( -1.000000000000000000, 0.000000000000000000, 0.000000000000000000 ) ) ;
#203 = EDGE_CURVE ( 'NONE', #365, #578, #1606, .T. ) ;
#204 = DIRECTION ( 'NONE',  ( -1.000000000000000000, 0.000000000000000000, 0.000000000000000000 ) ) ;
#205 = ORIENTED_EDGE ( 'NONE', *, *, #2597, .T. ) ;
#206 = DIRECTION ( 'NONE',  ( -1.000000000000000000, 0.000000000000000000, 0.000000000000000000 ) ) ;
#207 = ORIENTED_EDGE ( 'NONE', *, *, #2560, .F. ) ;
#208 = PLANE ( 'NONE',  #2276 ) ;
#209 = EDGE_CURVE ( 'NONE', #959, #1522, #2172, .T. ) ;
#210 = CARTESIAN_POINT ( 'NONE',  ( 81.32836607801179696, 1.793882796706454341, 10.49999999999999822 ) ) ;
#211 = VERTEX_POINT ( 'NONE', #242 ) ;
#212 = AXIS2_PLACEMENT_3D ( 'NONE', #1300, #635, #176 ) ;
#213 = PLANE ( 'NONE',  #2753 ) ;
#214 = FACE_OUTER_BOUND ( 'NONE', #952, .T. ) ;
#215 = CYLINDRICAL_SURFACE ( 'NONE', #561, 2.500000000000002220 ) ;
#216 = DIRECTION ( 'NONE',  ( 1.000000000000000000, 1.562813942321448017E-16, 0.000000000000000000 ) ) ;
#217 = ORIENTED_EDGE ( 'NONE', *, *, #1609, .T. ) ;
#218 = CARTESIAN_POINT ( 'NONE',  ( 113.8283660780117970, 62.94388279670645403, 3.000000000000000000 ) ) ;
#219 = VERTEX_POINT ( 'NONE', #1106 ) ;
#220 = CARTESIAN_POINT ( 'NONE',  ( 35.55336607801179838, -2.406117203293550055, 3.999999999999999112 ) ) ;
#221 = ADVANCED_FACE ( 'NONE', ( #2200 ), #215, .T. ) ;
#222 = ORIENTED_EDGE ( 'NONE', *, *, #1358, .F. ) ;
#223 = EDGE_CURVE ( 'NONE', #2632, #2403, #2159, .T. ) ;
#224 = DIRECTION ( 'NONE',  ( 0.000000000000000000, 0.000000000000000000, -1.000000000000000000 ) ) ;
#225 = DIRECTION ( 'NONE',  ( -0.000000000000000000, 1.000000000000000000, -0.000000000000000000 ) ) ;
#226 = AXIS2_PLACEMENT_3D ( 'NONE', #2011, #1424, #1825 ) ;
#227 = CARTESIAN_POINT ( 'NONE',  ( 21.82836607801179696, 49.44388279670646114, 0.5000000000000003331 ) ) ;
#228 = DIRECTION ( 'NONE',  ( 1.186135710069610038E-15, -1.000000000000000000, -0.000000000000000000 ) ) ;
#229 = VECTOR ( 'NONE', #529, 1000.000000000000000 ) ;
#230 = ORIENTED_EDGE ( 'NONE', *, *, #2203, .T. ) ;
#231 = CARTESIAN_POINT ( 'NONE',  ( 102.8283660780117970, 51.94388279670646114, 1.000000000000000000 ) ) ;
#232 = ORIENTED_EDGE ( 'NONE', *, *, #1154, .F. ) ;
#233 = AXIS2_PLACEMENT_3D ( 'NONE', #124, #1169, #136 ) ;
#234 = CARTESIAN_POINT ( 'NONE',  ( 100.3283660780117970, 52.44388279670647535, 0.000000000000000000 ) ) ;
#235 = VERTEX_POINT ( 'NONE', #2578 ) ;
#236 = EDGE_CURVE ( 'NONE', #2369, #544, #1343, .T. ) ;
#237 = ORIENTED_EDGE ( 'NONE', *, *, #2110, .T. ) ;
#238 = AXIS2_PLACEMENT_3D ( 'NONE', #1921, #436, #785 ) ;
#239 = LINE ( 'NONE', #1062, #1057 ) ;
#240 = LINE ( 'NONE', #457, #1744 ) ;
#241 = EDGE_CURVE ( 'NONE', #1051, #663, #1759, .T. ) ;
#242 = CARTESIAN_POINT ( 'NONE',  ( 89.22836607801178843, 60.69388279670644692, 10.49999999999999822 ) ) ;
#243 = CARTESIAN_POINT ( 'NONE',  ( 13.07836607801179873, 3.943882796706457139, 1.000000000000000000 ) ) ;
#244 = AXIS2_PLACEMENT_3D ( 'NONE', #767, #928, #1208 ) ;
#245 = VERTEX_POINT ( 'NONE', #896 ) ;
#246 = PLANE ( 'NONE',  #1371 ) ;
#247 = ORIENTED_EDGE ( 'NONE', *, *, #951, .F. ) ;
#248 = LINE ( 'NONE', #1718, #2093 ) ;
#249 = ORIENTED_EDGE ( 'NONE', *, *, #1033, .F. ) ;
#250 =( NAMED_UNIT ( * ) PLANE_ANGLE_UNIT ( ) SI_UNIT ( $, .RADIAN. ) );
#251 = ORIENTED_EDGE ( 'NONE', *, *, #2073, .T. ) ;
#252 = VECTOR ( 'NONE', #602, 1000.000000000000000 ) ;
#253 = VECTOR ( 'NONE', #132, 1000.000000000000000 ) ;
#254 = DIRECTION ( 'NONE',  ( -7.437185320372165018E-17, -1.000000000000000000, 0.000000000000000000 ) ) ;
#255 = CARTESIAN_POINT ( 'NONE',  ( 103.7283660780117742, 1.793882796706454341, -6.071067811865478170 ) ) ;
#256 = CIRCLE ( 'NONE', #306, 2.999999999999985345 ) ;
#257 = EDGE_CURVE ( 'NONE', #2388, #2014, #2373, .T. ) ;
#258 = CARTESIAN_POINT ( 'NONE',  ( 86.32836607801179696, 2.897183655605564123, 7.199999999999999289 ) ) ;
#259 = CARTESIAN_POINT ( 'NONE',  ( 100.3283660780117970, 51.94388279670646114, 1.000000000000000000 ) ) ;
#260 = EDGE_CURVE ( 'NONE', #2318, #331, #2616, .T. ) ;
#261 = VERTEX_POINT ( 'NONE', #227 ) ;
#262 = CARTESIAN_POINT ( 'NONE',  ( 100.3283660780117970, 7.443882796706436267, 0.000000000000000000 ) ) ;
#263 = ORIENTED_EDGE ( 'NONE', *, *, #714, .T. ) ;
#264 = LINE ( 'NONE', #1996, #2581 ) ;
#265 = ORIENTED_EDGE ( 'NONE', *, *, #898, .F. ) ;
#266 = EDGE_CURVE ( 'NONE', #771, #861, #2414, .T. ) ;
#267 = AXIS2_PLACEMENT_3D ( 'NONE', #334, #376, #586 ) ;
#268 = ORIENTED_EDGE ( 'NONE', *, *, #298, .T. ) ;
#269 = DIRECTION ( 'NONE',  ( 0.000000000000000000, -0.7071067811865389130, -0.7071067811865561215 ) ) ;
#270 = DIRECTION ( 'NONE',  ( 0.000000000000000000, 0.000000000000000000, -1.000000000000000000 ) ) ;
#271 = DIRECTION ( 'NONE',  ( 0.000000000000000000, -0.3846153846153867462, 0.9230769230769222400 ) ) ;
#272 = ORIENTED_EDGE ( 'NONE', *, *, #1924, .T. ) ;
#273 = DIRECTION ( 'NONE',  ( -1.000000000000000000, 0.000000000000000000, 0.000000000000000000 ) ) ;
#274 = EDGE_CURVE ( 'NONE', #622, #292, #1748, .T. ) ;
#275 = ORIENTED_EDGE ( 'NONE', *, *, #2329, .F. ) ;
#276 = DIRECTION ( 'NONE',  ( 1.000000000000000000, -0.000000000000000000, -0.000000000000000000 ) ) ;
#277 = ADVANCED_FACE ( 'NONE', ( #686 ), #882, .F. ) ;
#278 = ORIENTED_EDGE ( 'NONE', *, *, #2446, .F. ) ;
#279 = DIRECTION ( 'NONE',  ( 1.000000000000000000, 1.562813942321448017E-16, 0.000000000000000000 ) ) ;
#280 = ORIENTED_EDGE ( 'NONE', *, *, #550, .T. ) ;
#281 =( LENGTH_UNIT ( ) NAMED_UNIT ( * ) SI_UNIT ( .MILLI., .METRE. ) );
#282 = AXIS2_PLACEMENT_3D ( 'NONE', #1836, #938, #580 ) ;
#283 = ADVANCED_FACE ( 'NONE', ( #534 ), #950, .F. ) ;
#284 = ORIENTED_EDGE ( 'NONE', *, *, #184, .T. ) ;
#285 = DIRECTION ( 'NONE',  ( -1.000000000000000000, 0.000000000000000000, 0.000000000000000000 ) ) ;
#286 = CARTESIAN_POINT ( 'NONE',  ( 35.22836607801179554, 61.94388279670645403, 7.499999999999999112 ) ) ;
#287 = LINE ( 'NONE', #1803, #1123 ) ;
#288 = VECTOR ( 'NONE', #206, 1000.000000000000000 ) ;
#289 = ORIENTED_EDGE ( 'NONE', *, *, #632, .T. ) ;
#290 = DIRECTION ( 'NONE',  ( -0.000000000000000000, 0.000000000000000000, 1.000000000000000000 ) ) ;
#291 = CYLINDRICAL_SURFACE ( 'NONE', #1092, 1.875000000000003331 ) ;
#292 = VERTEX_POINT ( 'NONE', #935 ) ;
#293 = LINE ( 'NONE', #900, #194 ) ;
#294 = EDGE_LOOP ( 'NONE', ( #2008, #1624, #1686, #1005 ) ) ;
#295 = CARTESIAN_POINT ( 'NONE',  ( 10.82836607801181117, -3.556117203293560181, 3.000000000000000000 ) ) ;
#296 = ORIENTED_EDGE ( 'NONE', *, *, #2364, .T. ) ;
#297 = DIRECTION ( 'NONE',  ( 0.000000000000000000, 0.000000000000000000, 1.000000000000000000 ) ) ;
#298 = EDGE_CURVE ( 'NONE', #120, #865, #746, .T. ) ;
#299 = ORIENTED_EDGE ( 'NONE', *, *, #11, .F. ) ;
#300 = ORIENTED_EDGE ( 'NONE', *, *, #1102, .F. ) ;
#301 = EDGE_CURVE ( 'NONE', #903, #2555, #287, .T. ) ;
#302 = FACE_OUTER_BOUND ( 'NONE', #872, .T. ) ;
#303 = CIRCLE ( 'NONE', #1333, 2.499999999999998668 ) ;
#304 = LINE ( 'NONE', #1163, #1478 ) ;
#305 = DIRECTION ( 'NONE',  ( -0.000000000000000000, -0.000000000000000000, -1.000000000000000000 ) ) ;
#306 = AXIS2_PLACEMENT_3D ( 'NONE', #119, #1630, #2510 ) ;
#307 = ORIENTED_EDGE ( 'NONE', *, *, #2333, .T. ) ;
#308 = CARTESIAN_POINT ( 'NONE',  ( 113.8283660780117970, -6.056117203293548634, 3.000000000000000000 ) ) ;
#309 = LINE ( 'NONE', #956, #2438 ) ;
#310 = VERTEX_POINT ( 'NONE', #1788 ) ;
#311 = DIRECTION ( 'NONE',  ( -1.000000000000000000, 0.000000000000000000, 0.000000000000000000 ) ) ;
#312 = ORIENTED_EDGE ( 'NONE', *, *, #184, .F. ) ;
#313 = VECTOR ( 'NONE', #2132, 1000.000000000000000 ) ;
#314 = CARTESIAN_POINT ( 'NONE',  ( 79.22836607801178843, 60.69388279670644692, 3.000000000000000000 ) ) ;
#315 = ORIENTED_EDGE ( 'NONE', *, *, #954, .T. ) ;
#316 = PRODUCT_CONTEXT ( 'NONE', #467, 'mechanical' ) ;
#317 =( GEOMETRIC_REPRESENTATION_CONTEXT ( 3 ) GLOBAL_UNCERTAINTY_ASSIGNED_CONTEXT ( ( #547 ) ) GLOBAL_UNIT_ASSIGNED_CONTEXT ( ( #958, #1809, #328 ) ) REPRESENTATION_CONTEXT ( 'NONE', 'WORKASPACE' ) );
#318 = ORIENTED_EDGE ( 'NONE', *, *, #508, .F. ) ;
#319 = VERTEX_POINT ( 'NONE', #76 ) ;
#320 = ADVANCED_FACE ( 'NONE', ( #2660 ), #717, .F. ) ;
#321 = LINE ( 'NONE', #1176, #1804 ) ;
#322 = EDGE_CURVE ( 'NONE', #2244, #2473, #2631, .T. ) ;
#323 = FACE_OUTER_BOUND ( 'NONE', #2525, .T. ) ;
#324 = DIRECTION ( 'NONE',  ( 0.000000000000000000, -0.000000000000000000, 1.000000000000000000 ) ) ;
#325 = ORIENTED_EDGE ( 'NONE', *, *, #322, .F. ) ;
#326 = FACE_OUTER_BOUND ( 'NONE', #2689, .T. ) ;
#327 = PLANE ( 'NONE',  #233 ) ;
#328 =( NAMED_UNIT ( * ) SI_UNIT ( $, .STERADIAN. ) SOLID_ANGLE_UNIT ( ) );
#329 = LINE ( 'NONE', #1366, #390 ) ;
#330 = ORIENTED_EDGE ( 'NONE', *, *, #716, .F. ) ;
#331 = VERTEX_POINT ( 'NONE', #2213 ) ;
#332 = VECTOR ( 'NONE', #2184, 1000.000000000000000 ) ;
#333 = ORIENTED_EDGE ( 'NONE', *, *, #45, .F. ) ;
#334 = CARTESIAN_POINT ( 'NONE',  ( 93.10940975207680026, 61.94388279670645403, 7.499999999999999112 ) ) ;
#335 = EDGE_CURVE ( 'NONE', #1886, #2473, #1145, .T. ) ;
#336 = LINE ( 'NONE', #1654, #891 ) ;
#337 = EDGE_CURVE ( 'NONE', #2473, #1520, #2230, .T. ) ;
#338 = VERTEX_POINT ( 'NONE', #1374 ) ;
#339 = DIRECTION ( 'NONE',  ( 0.000000000000000000, -1.000000000000000000, 0.000000000000000000 ) ) ;
#340 = VECTOR ( 'NONE', #2650, 1000.000000000000000 ) ;
#341 = ORIENTED_EDGE ( 'NONE', *, *, #2088, .T. ) ;
#342 = CARTESIAN_POINT ( 'NONE',  ( 16.72836607801176001, 55.09388279670645971, 3.000000000000000000 ) ) ;
#343 = PLANE ( 'NONE',  #2655 ) ;
#344 = VERTEX_POINT ( 'NONE', #1164 ) ;
#345 = AXIS2_PLACEMENT_3D ( 'NONE', #2371, #2360, #2588 ) ;
#346 = AXIS2_PLACEMENT_3D ( 'NONE', #2519, #400, #2775 ) ;
#347 = ORIENTED_EDGE ( 'NONE', *, *, #583, .F. ) ;
#348 = UNCERTAINTY_MEASURE_WITH_UNIT (LENGTH_MEASURE( 1.000000000000000082E-05 ), #281, 'distance_accuracy_value', 'NONE');
#349 = CARTESIAN_POINT ( 'NONE',  ( 13.07836607801179873, 51.94388279670647535, 3.000000000000000000 ) ) ;
#350 = LINE ( 'NONE', #1471, #27 ) ;
#351 = ORIENTED_EDGE ( 'NONE', *, *, #2709, .T. ) ;
#352 = DIRECTION ( 'NONE',  ( 0.7071067811865474617, 0.000000000000000000, -0.7071067811865474617 ) ) ;
#353 = AXIS2_PLACEMENT_3D ( 'NONE', #1945, #411, #396 ) ;
#354 = ADVANCED_FACE ( 'NONE', ( #2021 ), #118, .T. ) ;
#355 = ORIENTED_EDGE ( 'NONE', *, *, #823, .T. ) ;
#356 = FACE_OUTER_BOUND ( 'NONE', #130, .T. ) ;
#357 = EDGE_CURVE ( 'NONE', #197, #245, #1664, .T. ) ;
#358 = DIRECTION ( 'NONE',  ( 0.000000000000000000, 0.000000000000000000, 1.000000000000000000 ) ) ;
#359 = AXIS2_PLACEMENT_3D ( 'NONE', #378, #979, #168 ) ;
#360 = VERTEX_POINT ( 'NONE', #1629 ) ;
#361 = EDGE_CURVE ( 'NONE', #319, #720, #1839, .T. ) ;
#362 = LINE ( 'NONE', #2314, #397 ) ;
#363 = DIRECTION ( 'NONE',  ( -2.731847993664263711E-16, -1.000000000000000000, 0.000000000000000000 ) ) ;
#364 = CARTESIAN_POINT ( 'NONE',  ( 103.7283660780117742, 55.09388279670645971, -6.071067811865478170 ) ) ;
#365 = VERTEX_POINT ( 'NONE', #2273 ) ;
#366 = VERTEX_POINT ( 'NONE', #349 ) ;
#367 = PLANE ( 'NONE',  #1245 ) ;
#368 = FACE_OUTER_BOUND ( 'NONE', #2718, .T. ) ;
#369 = CARTESIAN_POINT ( 'NONE',  ( 83.55336607801177706, -2.406117203293549167, 10.49999999999999822 ) ) ;
#370 = EDGE_CURVE ( 'NONE', #1501, #2252, #1240, .T. ) ;
#371 = DIRECTION ( 'NONE',  ( 0.000000000000000000, 0.000000000000000000, -1.000000000000000000 ) ) ;
#372 = ORIENTED_EDGE ( 'NONE', *, *, #71, .F. ) ;
#373 = EDGE_CURVE ( 'NONE', #1171, #1550, #362, .T. ) ;
#374 = CARTESIAN_POINT ( 'NONE',  ( 103.7283660780117742, 57.44388279670644692, 1.000000000000000000 ) ) ;
#375 = AXIS2_PLACEMENT_3D ( 'NONE', #2254, #781, #1579 ) ;
#376 = DIRECTION ( 'NONE',  ( 0.000000000000000000, 0.9230769230769222400, 0.3846153846153867462 ) ) ;
#377 = LINE ( 'NONE', #231, #654 ) ;
#378 = CARTESIAN_POINT ( 'NONE',  ( 83.55336607801177706, 0.1438827967064503222, 3.999999999999999112 ) ) ;
#379 = FACE_OUTER_BOUND ( 'NONE', #772, .T. ) ;
#380 = ORIENTED_EDGE ( 'NONE', *, *, #112, .F. ) ;
#381 = CARTESIAN_POINT ( 'NONE',  ( 24.32836607801179696, 51.94388279670646114, 0.000000000000000000 ) ) ;
#382 = FACE_OUTER_BOUND ( 'NONE', #84, .T. ) ;
#383 = CARTESIAN_POINT ( 'NONE',  ( 35.22836607801179554, 58.69388279670644692, 6.749999999999999112 ) ) ;
#384 = ORIENTED_EDGE ( 'NONE', *, *, #783, .F. ) ;
#385 = CARTESIAN_POINT ( 'NONE',  ( 86.32836607801179696, 2.897183655605564123, 9.075000000000001066 ) ) ;
#386 = EDGE_CURVE ( 'NONE', #1978, #1952, #2471, .T. ) ;
#387 = CARTESIAN_POINT ( 'NONE',  ( 13.07836607801180051, 20.04388279670645190, 1.000000000000000000 ) ) ;
#388 = LINE ( 'NONE', #2569, #567 ) ;
#389 = DIRECTION ( 'NONE',  ( 0.000000000000000000, 0.7071067811865370256, 0.7071067811865578978 ) ) ;
#390 = VECTOR ( 'NONE', #2029, 1000.000000000000000 ) ;
#391 = CARTESIAN_POINT ( 'NONE',  ( 35.55336607801179838, 0.1438827967064498226, 3.999999999999999112 ) ) ;
#392 = ORIENTED_EDGE ( 'NONE', *, *, #209, .F. ) ;
#393 = DIRECTION ( 'NONE',  ( -1.000000000000000000, -1.263148162119034625E-16, 0.000000000000000000 ) ) ;
#394 = DIRECTION ( 'NONE',  ( -0.000000000000000000, 0.3846153846153867462, -0.9230769230769222400 ) ) ;
#395 = VECTOR ( 'NONE', #676, 1000.000000000000000 ) ;
#396 = DIRECTION ( 'NONE',  ( 1.476360405086643816E-16, -1.000000000000000000, 0.000000000000000000 ) ) ;
#397 = VECTOR ( 'NONE', #2721, 1000.000000000000000 ) ;
#398 = ORIENTED_EDGE ( 'NONE', *, *, #2434, .F. ) ;
#399 = AXIS2_PLACEMENT_3D ( 'NONE', #2615, #2659, #921 ) ;
#400 = DIRECTION ( 'NONE',  ( 0.000000000000000000, 0.000000000000000000, -1.000000000000000000 ) ) ;
#401 = CARTESIAN_POINT ( 'NONE',  ( 10.82836607801181117, -3.556117203293560181, 0.000000000000000000 ) ) ;
#402 = PLANE ( 'NONE',  #2036 ) ;
#403 = EDGE_CURVE ( 'NONE', #59, #509, #2060, .T. ) ;
#404 = VECTOR ( 'NONE', #1341, 1000.000000000000000 ) ;
#405 = PLANE ( 'NONE',  #1421 ) ;
#406 = EDGE_CURVE ( 'NONE', #101, #1826, #574, .T. ) ;
#407 = DIRECTION ( 'NONE',  ( 1.000000000000000000, -7.437185320372163785E-17, 0.000000000000000000 ) ) ;
#408 = CARTESIAN_POINT ( 'NONE',  ( 0.000000000000000000, 0.000000000000000000, 10.49999999999999822 ) ) ;
#409 = PLANE ( 'NONE',  #808 ) ;
#410 = VECTOR ( 'NONE', #1652, 1000.000000000000000 ) ;
#411 = DIRECTION ( 'NONE',  ( -1.000000000000000000, -1.476360405086643816E-16, 0.000000000000000000 ) ) ;
#412 = ORIENTED_EDGE ( 'NONE', *, *, #11, .T. ) ;
#413 = ORIENTED_EDGE ( 'NONE', *, *, #1571, .T. ) ;
#414 = CARTESIAN_POINT ( 'NONE',  ( 21.82836607801180406, 7.443882796706436267, 1.000000000000000000 ) ) ;
#415 = CARTESIAN_POINT ( 'NONE',  ( 12.72836607801179554, 56.94388279670644692, 1.000000000000000000 ) ) ;
#416 = LINE ( 'NONE', #2115, #2523 ) ;
#417 = ORIENTED_EDGE ( 'NONE', *, *, #904, .T. ) ;
#418 = CARTESIAN_POINT ( 'NONE',  ( 0.000000000000000000, 0.000000000000000000, 1.000000000000000000 ) ) ;
#419 = LINE ( 'NONE', #1272, #313 ) ;
#420 = EDGE_CURVE ( 'NONE', #2022, #903, #1853, .T. ) ;
#421 = DIRECTION ( 'NONE',  ( 0.000000000000000000, 1.000000000000000000, 0.000000000000000000 ) ) ;
#422 = CARTESIAN_POINT ( 'NONE',  ( 13.32836607801179873, 60.44388279670645403, 3.000000000000000000 ) ) ;
#423 = VECTOR ( 'NONE', #1311, 1000.000000000000000 ) ;
#424 = ORIENTED_EDGE ( 'NONE', *, *, #241, .F. ) ;
#425 = ORIENTED_EDGE ( 'NONE', *, *, #1642, .T. ) ;
#426 = DIRECTION ( 'NONE',  ( 0.000000000000000000, -1.000000000000000000, 0.000000000000000000 ) ) ;
#427 = AXIS2_PLACEMENT_3D ( 'NONE', #1409, #311, #125 ) ;
#428 = DIRECTION ( 'NONE',  ( 0.000000000000000000, -0.2576626505603326067, -0.9662349396012461789 ) ) ;
#429 = ORIENTED_EDGE ( 'NONE', *, *, #1769, .F. ) ;
#430 = FACE_OUTER_BOUND ( 'NONE', #1667, .T. ) ;
#431 = DIRECTION ( 'NONE',  ( 2.011273595335427833E-16, -1.000000000000000000, 0.000000000000000000 ) ) ;
#432 = VECTOR ( 'NONE', #708, 1000.000000000000000 ) ;
#433 = CARTESIAN_POINT ( 'NONE',  ( 16.72836607801176001, 1.793882796706454341, -6.071067811865478170 ) ) ;
#434 = PLANE ( 'NONE',  #1070 ) ;
#435 = ORIENTED_EDGE ( 'NONE', *, *, #1870, .F. ) ;
#436 = DIRECTION ( 'NONE',  ( -0.000000000000000000, -0.000000000000000000, -1.000000000000000000 ) ) ;
#437 = ORIENTED_EDGE ( 'NONE', *, *, #236, .F. ) ;
#438 = EDGE_CURVE ( 'NONE', #2383, #338, #2326, .T. ) ;
#439 = DIRECTION ( 'NONE',  ( -0.000000000000000000, -0.000000000000000000, -1.000000000000000000 ) ) ;
#440 = ORIENTED_EDGE ( 'NONE', *, *, #1090, .T. ) ;
#441 = CARTESIAN_POINT ( 'NONE',  ( 10.82836607801179696, 62.94388279670645403, 3.000000000000000000 ) ) ;
#442 = DIRECTION ( 'NONE',  ( 0.000000000000000000, 0.000000000000000000, -1.000000000000000000 ) ) ;
#443 = CIRCLE ( 'NONE', #1967, 2.500000000000002220 ) ;
#444 = DIRECTION ( 'NONE',  ( 0.000000000000000000, 1.000000000000000000, 0.000000000000000000 ) ) ;
#445 = CARTESIAN_POINT ( 'NONE',  ( 35.55336607801179838, -2.406117203293550055, 10.49999999999999822 ) ) ;
#446 = EDGE_CURVE ( 'NONE', #1852, #331, #2300, .T. ) ;
#447 = ORIENTED_EDGE ( 'NONE', *, *, #2695, .F. ) ;
#448 = LINE ( 'NONE', #2509, #619 ) ;
#449 = EDGE_LOOP ( 'NONE', ( #1331, #412, #2459, #2684 ) ) ;
#450 = FACE_OUTER_BOUND ( 'NONE', #2440, .T. ) ;
#451 = EDGE_LOOP ( 'NONE', ( #901, #1598, #1032, #2582 ) ) ;
#452 = EDGE_CURVE ( 'NONE', #1402, #892, #1619, .T. ) ;
#453 = EDGE_CURVE ( 'NONE', #245, #2383, #1426, .T. ) ;
#454 = ORIENTED_EDGE ( 'NONE', *, *, #2517, .F. ) ;
#455 = ADVANCED_FACE ( 'NONE', ( #2481 ), #141, .F. ) ;
#456 = CARTESIAN_POINT ( 'NONE',  ( 21.82836607801179696, 49.44388279670646114, 0.5000000000000003331 ) ) ;
#457 = CARTESIAN_POINT ( 'NONE',  ( 45.22836607801179554, 58.69388279670643982, 10.49999999999999822 ) ) ;
#458 = VECTOR ( 'NONE', #1500, 1000.000000000000000 ) ;
#459 = CARTESIAN_POINT ( 'NONE',  ( 79.22836607801178843, 61.94388279670645403, 7.499999999999999112 ) ) ;
#460 = CARTESIAN_POINT ( 'NONE',  ( 13.07836607801179873, 51.94388279670647535, -6.071067811865478170 ) ) ;
#461 = ORIENTED_EDGE ( 'NONE', *, *, #1685, .T. ) ;
#462 = FACE_OUTER_BOUND ( 'NONE', #594, .T. ) ;
#463 = ORIENTED_EDGE ( 'NONE', *, *, #2183, .T. ) ;
#464 = DIRECTION ( 'NONE',  ( -1.000000000000000000, 0.000000000000000000, -0.000000000000000000 ) ) ;
#465 = ORIENTED_EDGE ( 'NONE', *, *, #453, .F. ) ;
#466 = ORIENTED_EDGE ( 'NONE', *, *, #1560, .T. ) ;
#467 = APPLICATION_CONTEXT ( 'automotive_design' ) ;
#468 = AXIS2_PLACEMENT_3D ( 'NONE', #1854, #2707, #799 ) ;
#469 = DIRECTION ( 'NONE',  ( 0.000000000000000000, 0.000000000000000000, -1.000000000000000000 ) ) ;
#470 = EDGE_CURVE ( 'NONE', #2431, #1992, #1001, .T. ) ;
#471 = PLANE ( 'NONE',  #540 ) ;
#472 = CARTESIAN_POINT ( 'NONE',  ( 81.32836607801179696, -4.056117203293553963, 3.000000000000000000 ) ) ;
#473 = LINE ( 'NONE', #2441, #2370 ) ;
#474 = ORIENTED_EDGE ( 'NONE', *, *, #1004, .T. ) ;
#475 = LINE ( 'NONE', #738, #1007 ) ;
#476 = ORIENTED_EDGE ( 'NONE', *, *, #948, .T. ) ;
#477 = CARTESIAN_POINT ( 'NONE',  ( 35.22836607801179554, 60.69388279670644692, 10.49999999999999822 ) ) ;
#478 = ORIENTED_EDGE ( 'NONE', *, *, #852, .T. ) ;
#479 = DIRECTION ( 'NONE',  ( -1.000000000000000000, 0.000000000000000000, 0.000000000000000000 ) ) ;
#480 = ORIENTED_EDGE ( 'NONE', *, *, #1327, .F. ) ;
#481 = VECTOR ( 'NONE', #2363, 1000.000000000000000 ) ;
#482 = VECTOR ( 'NONE', #2327, 1000.000000000000000 ) ;
#483 = DIRECTION ( 'NONE',  ( 0.000000000000000000, 0.000000000000000000, -1.000000000000000000 ) ) ;
#484 = EDGE_CURVE ( 'NONE', #2139, #2477, #2673, .T. ) ;
#485 = CARTESIAN_POINT ( 'NONE',  ( 35.22836607801179554, 60.69388279670644692, 10.49999999999999822 ) ) ;
#486 = AXIS2_PLACEMENT_3D ( 'NONE', #846, #1495, #1254 ) ;
#487 = LINE ( 'NONE', #1132, #2612 ) ;
#488 = CARTESIAN_POINT ( 'NONE',  ( 13.32836607801181295, -3.556117203293561069, 3.000000000000000000 ) ) ;
#489 = VECTOR ( 'NONE', #1368, 1000.000000000000000 ) ;
#490 = ORIENTED_EDGE ( 'NONE', *, *, #45, .T. ) ;
#491 = EDGE_CURVE ( 'NONE', #1863, #197, #2706, .T. ) ;
#492 = CARTESIAN_POINT ( 'NONE',  ( 106.3783660780117941, 55.09388279670645971, 1.000000000000000000 ) ) ;
#493 = ORIENTED_EDGE ( 'NONE', *, *, #682, .F. ) ;
#494 = DIRECTION ( 'NONE',  ( 0.000000000000000000, -1.000000000000000000, 0.000000000000000000 ) ) ;
#495 = ORIENTED_EDGE ( 'NONE', *, *, #2058, .T. ) ;
#496 = CYLINDRICAL_SURFACE ( 'NONE', #1166, 2.500000000000002220 ) ;
#497 = ORIENTED_EDGE ( 'NONE', *, *, #209, .T. ) ;
#498 = DIRECTION ( 'NONE',  ( -1.000000000000000000, 0.000000000000000000, 0.000000000000000000 ) ) ;
#499 = CARTESIAN_POINT ( 'NONE',  ( 108.7283660780117884, -0.5561172032935430831, -6.071067811865478170 ) ) ;
#500 = DIRECTION ( 'NONE',  ( 0.000000000000000000, 0.000000000000000000, -1.000000000000000000 ) ) ;
#501 = ORIENTED_EDGE ( 'NONE', *, *, #298, .F. ) ;
#502 = CARTESIAN_POINT ( 'NONE',  ( 35.55336607801179838, 0.1438827967064498226, 3.999999999999999112 ) ) ;
#503 = EDGE_CURVE ( 'NONE', #2252, #506, #153, .T. ) ;
#504 = ORIENTED_EDGE ( 'NONE', *, *, #2480, .T. ) ;
#505 = CARTESIAN_POINT ( 'NONE',  ( 79.22836607801178843, 60.69388279670644692, 10.49999999999999822 ) ) ;
#506 = VERTEX_POINT ( 'NONE', #798 ) ;
#507 = DIRECTION ( 'NONE',  ( 1.476360405086643816E-16, -1.000000000000000000, 0.000000000000000000 ) ) ;
#508 = EDGE_CURVE ( 'NONE', #310, #1462, #1014, .T. ) ;
#509 = VERTEX_POINT ( 'NONE', #415 ) ;
#510 = DIRECTION ( 'NONE',  ( -0.000000000000000000, -0.000000000000000000, 1.000000000000000000 ) ) ;
#511 = ORIENTED_EDGE ( 'NONE', *, *, #2649, .T. ) ;
#512 = LINE ( 'NONE', #1555, #960 ) ;
#513 = DIRECTION ( 'NONE',  ( 0.000000000000000000, -0.000000000000000000, -1.000000000000000000 ) ) ;
#514 = DIRECTION ( 'NONE',  ( 1.000000000000000000, 0.000000000000000000, 0.000000000000000000 ) ) ;
#515 = ORIENTED_EDGE ( 'NONE', *, *, #337, .T. ) ;
#516 = DIRECTION ( 'NONE',  ( 0.000000000000000000, -1.000000000000000000, -0.000000000000000000 ) ) ;
#517 = ORIENTED_EDGE ( 'NONE', *, *, #144, .T. ) ;
#518 = EDGE_LOOP ( 'NONE', ( #2359, #1582, #988, #2503 ) ) ;
#519 = PLANE ( 'NONE',  #2221 ) ;
#520 = EDGE_CURVE ( 'NONE', #2223, #2000, #2545, .T. ) ;
#521 = EDGE_CURVE ( 'NONE', #863, #2039, #1268, .T. ) ;
#522 = ORIENTED_EDGE ( 'NONE', *, *, #51, .T. ) ;
#523 = CARTESIAN_POINT ( 'NONE',  ( 35.22836607801179554, 60.69388279670644692, 10.49999999999999822 ) ) ;
#524 = ORIENTED_EDGE ( 'NONE', *, *, #2140, .F. ) ;
#525 = CARTESIAN_POINT ( 'NONE',  ( 0.000000000000000000, 0.000000000000000000, 0.000000000000000000 ) ) ;
#526 = VECTOR ( 'NONE', #507, 1000.000000000000000 ) ;
#527 = ORIENTED_EDGE ( 'NONE', *, *, #1644, .F. ) ;
#528 = ORIENTED_EDGE ( 'NONE', *, *, #491, .F. ) ;
#529 = DIRECTION ( 'NONE',  ( 0.000000000000000000, 1.000000000000000000, 0.000000000000000000 ) ) ;
#530 = ADVANCED_FACE ( 'NONE', ( #1499 ), #2356, .F. ) ;
#531 = VECTOR ( 'NONE', #2232, 1000.000000000000000 ) ;
#532 = DIRECTION ( 'NONE',  ( 0.000000000000000000, 0.000000000000000000, -1.000000000000000000 ) ) ;
#533 = VECTOR ( 'NONE', #548, 1000.000000000000000 ) ;
#534 = FACE_OUTER_BOUND ( 'NONE', #1270, .T. ) ;
#535 = ORIENTED_EDGE ( 'NONE', *, *, #733, .F. ) ;
#536 = CARTESIAN_POINT ( 'NONE',  ( 113.8283660780117970, -6.056117203293548634, 0.000000000000000000 ) ) ;
#537 = FACE_BOUND ( 'NONE', #930, .T. ) ;
#538 = ORIENTED_EDGE ( 'NONE', *, *, #1775, .F. ) ;
#539 = LINE ( 'NONE', #1683, #2062 ) ;
#540 = AXIS2_PLACEMENT_3D ( 'NONE', #255, #868, #1514 ) ;
#541 = DIRECTION ( 'NONE',  ( -0.000000000000000000, 0.000000000000000000, 1.000000000000000000 ) ) ;
#542 = ORIENTED_EDGE ( 'NONE', *, *, #1084, .T. ) ;
#543 = VECTOR ( 'NONE', #618, 1000.000000000000000 ) ;
#544 = VERTEX_POINT ( 'NONE', #1678 ) ;
#545 = ORIENTED_EDGE ( 'NONE', *, *, #1885, .T. ) ;
#546 = ADVANCED_FACE ( 'NONE', ( #1707 ), #612, .T. ) ;
#547 = UNCERTAINTY_MEASURE_WITH_UNIT (LENGTH_MEASURE( 1.000000000000000082E-05 ), #958, 'distance_accuracy_value', 'NONE');
#548 = DIRECTION ( 'NONE',  ( -1.000000000000000000, 0.000000000000000000, 0.000000000000000000 ) ) ;
#549 = CARTESIAN_POINT ( 'NONE',  ( 103.7283660780117742, 1.793882796706454341, -6.071067811865478170 ) ) ;
#550 = EDGE_CURVE ( 'NONE', #1964, #1717, #179, .T. ) ;
#551 = ORIENTED_EDGE ( 'NONE', *, *, #70, .F. ) ;
#552 = PLANE ( 'NONE',  #2413 ) ;
#553 = VERTEX_POINT ( 'NONE', #401 ) ;
#554 = FACE_OUTER_BOUND ( 'NONE', #2231, .T. ) ;
#555 = ORIENTED_EDGE ( 'NONE', *, *, #2577, .T. ) ;
#556 = VERTEX_POINT ( 'NONE', #1484 ) ;
#557 = ORIENTED_EDGE ( 'NONE', *, *, #2104, .T. ) ;
#558 = DIRECTION ( 'NONE',  ( -0.000000000000000000, -0.000000000000000000, 1.000000000000000000 ) ) ;
#559 = DIRECTION ( 'NONE',  ( 1.000000000000000000, -0.000000000000000000, 0.000000000000000000 ) ) ;
#560 = EDGE_CURVE ( 'NONE', #1852, #101, #1041, .T. ) ;
#561 = AXIS2_PLACEMENT_3D ( 'NONE', #1972, #2186, #57 ) ;
#562 = AXIS2_PLACEMENT_3D ( 'NONE', #1162, #254, #2422 ) ;
#563 = ADVANCED_FACE ( 'NONE', ( #1881 ), #853, .F. ) ;
#564 = EDGE_LOOP ( 'NONE', ( #1247, #2042, #2269, #1376 ) ) ;
#565 = EDGE_LOOP ( 'NONE', ( #750, #842, #2272, #1994 ) ) ;
#566 = DIRECTION ( 'NONE',  ( 0.000000000000000000, -1.000000000000000000, 0.000000000000000000 ) ) ;
#567 = VECTOR ( 'NONE', #2072, 1000.000000000000000 ) ;
#568 = ORIENTED_EDGE ( 'NONE', *, *, #503, .T. ) ;
#569 = DIRECTION ( 'NONE',  ( -0.000000000000000000, -0.000000000000000000, 1.000000000000000000 ) ) ;
#570 = EDGE_CURVE ( 'NONE', #1826, #2181, #2558, .T. ) ;
#571 = CARTESIAN_POINT ( 'NONE',  ( 81.32836607801179696, 1.793882796706454341, 10.49999999999999822 ) ) ;
#572 = ORIENTED_EDGE ( 'NONE', *, *, #1004, .F. ) ;
#573 = VECTOR ( 'NONE', #1892, 1000.000000000000000 ) ;
#574 = LINE ( 'NONE', #1639, #1957 ) ;
#575 = CARTESIAN_POINT ( 'NONE',  ( 13.32836607801180051, 62.94388279670645403, 3.000000000000000000 ) ) ;
#576 = FACE_OUTER_BOUND ( 'NONE', #1792, .T. ) ;
#577 = EDGE_CURVE ( 'NONE', #1099, #2760, #702, .T. ) ;
#578 = VERTEX_POINT ( 'NONE', #2116 ) ;
#579 = LINE ( 'NONE', #536, #2544 ) ;
#580 = DIRECTION ( 'NONE',  ( -1.000000000000000000, 0.000000000000000000, 0.000000000000000000 ) ) ;
#581 = FACE_OUTER_BOUND ( 'NONE', #1279, .T. ) ;
#582 = DIRECTION ( 'NONE',  ( -0.000000000000000000, -0.000000000000000000, 1.000000000000000000 ) ) ;
#583 = EDGE_CURVE ( 'NONE', #2323, #912, #1075, .T. ) ;
#584 = ORIENTED_EDGE ( 'NONE', *, *, #1560, .F. ) ;
#585 = DIRECTION ( 'NONE',  ( 0.000000000000000000, 1.000000000000000000, 0.000000000000000000 ) ) ;
#586 = DIRECTION ( 'NONE',  ( 0.000000000000000000, -0.3846153846153867462, 0.9230769230769222400 ) ) ;
#587 = CARTESIAN_POINT ( 'NONE',  ( 13.07836607801180051, 20.04388279670645190, 1.000000000000000000 ) ) ;
#588 = DIRECTION ( 'NONE',  ( -0.000000000000000000, -0.000000000000000000, 1.000000000000000000 ) ) ;
#589 = PLANE ( 'NONE',  #2097 ) ;
#590 = LINE ( 'NONE', #2319, #870 ) ;
#591 = CARTESIAN_POINT ( 'NONE',  ( 12.72836607801179554, 51.94388279670647535, 1.000000000000000000 ) ) ;
#592 = EDGE_CURVE ( 'NONE', #22, #544, #239, .T. ) ;
#593 = LINE ( 'NONE', #2516, #1422 ) ;
#594 = EDGE_LOOP ( 'NONE', ( #495, #1348, #1187, #2076 ) ) ;
#595 = CARTESIAN_POINT ( 'NONE',  ( 21.32836607801181827, 7.443882796706437155, 0.000000000000000000 ) ) ;
#596 = VECTOR ( 'NONE', #2128, 1000.000000000000000 ) ;
#597 = DIRECTION ( 'NONE',  ( 0.000000000000000000, 0.000000000000000000, -1.000000000000000000 ) ) ;
#598 = CARTESIAN_POINT ( 'NONE',  ( 79.22836607801178843, 60.69388279670644692, 10.49999999999999822 ) ) ;
#599 = CARTESIAN_POINT ( 'NONE',  ( 24.32836607801180406, 7.443882796706437155, 0.000000000000000000 ) ) ;
#600 = VECTOR ( 'NONE', #285, 1000.000000000000000 ) ;
#601 = ORIENTED_EDGE ( 'NONE', *, *, #1676, .T. ) ;
#602 = DIRECTION ( 'NONE',  ( 1.000000000000000000, -7.437185320372163785E-17, 0.000000000000000000 ) ) ;
#603 = ORIENTED_EDGE ( 'NONE', *, *, #2428, .T. ) ;
#604 = DIRECTION ( 'NONE',  ( -1.000000000000000000, 0.000000000000000000, -0.000000000000000000 ) ) ;
#605 = DIRECTION ( 'NONE',  ( -0.000000000000000000, -0.000000000000000000, 1.000000000000000000 ) ) ;
#606 = PLANE ( 'NONE',  #66 ) ;
#607 = VECTOR ( 'NONE', #1546, 1000.000000000000000 ) ;
#608 = ADVANCED_FACE ( 'NONE', ( #1928 ), #1101, .F. ) ;
#609 = ADVANCED_FACE ( 'NONE', ( #430 ), #2145, .F. ) ;
#610 = ORIENTED_EDGE ( 'NONE', *, *, #773, .T. ) ;
#611 = LINE ( 'NONE', #2734, #2755 ) ;
#612 = PLANE ( 'NONE',  #980 ) ;
#613 = CARTESIAN_POINT ( 'NONE',  ( 35.22836607801179554, 60.69388279670644692, 3.000000000000000000 ) ) ;
#614 = VECTOR ( 'NONE', #439, 1000.000000000000000 ) ;
#615 = ORIENTED_EDGE ( 'NONE', *, *, #520, .F. ) ;
#616 = LINE ( 'NONE', #1261, #2325 ) ;
#617 = LINE ( 'NONE', #1477, #2744 ) ;
#618 = DIRECTION ( 'NONE',  ( -0.000000000000000000, -0.000000000000000000, -1.000000000000000000 ) ) ;
#619 = VECTOR ( 'NONE', #1640, 1000.000000000000000 ) ;
#620 = PLANE ( 'NONE',  #353 ) ;
#621 = VECTOR ( 'NONE', #1894, 1000.000000000000000 ) ;
#622 = VERTEX_POINT ( 'NONE', #2778 ) ;
#623 = VECTOR ( 'NONE', #2736, 1000.000000000000000 ) ;
#624 = DIRECTION ( 'NONE',  ( 0.000000000000000000, -0.000000000000000000, 1.000000000000000000 ) ) ;
#625 = CARTESIAN_POINT ( 'NONE',  ( 49.10940975207680026, 57.69388279670644692, 3.000000000000000000 ) ) ;
#626 = DIRECTION ( 'NONE',  ( 1.000000000000000000, 0.000000000000000000, 0.000000000000000000 ) ) ;
#627 = ORIENTED_EDGE ( 'NONE', *, *, #144, .F. ) ;
#628 = AXIS2_PLACEMENT_3D ( 'NONE', #2109, #2092, #2540 ) ;
#629 = DIRECTION ( 'NONE',  ( 0.000000000000000000, -0.9662349396012467340, 0.2576626505603309414 ) ) ;
#630 = DIRECTION ( 'NONE',  ( 0.000000000000000000, 1.000000000000000000, 0.000000000000000000 ) ) ;
#631 = CARTESIAN_POINT ( 'NONE',  ( 79.22836607801178843, 57.69388279670645403, 3.000000000000000000 ) ) ;
#632 = EDGE_CURVE ( 'NONE', #1580, #261, #9, .T. ) ;
#633 = LINE ( 'NONE', #1251, #1850 ) ;
#634 = VECTOR ( 'NONE', #2644, 1000.000000000000000 ) ;
#635 = DIRECTION ( 'NONE',  ( 0.000000000000000000, -1.000000000000000000, 0.000000000000000000 ) ) ;
#636 = ORIENTED_EDGE ( 'NONE', *, *, #1306, .F. ) ;
#637 = VERTEX_POINT ( 'NONE', #1953 ) ;
#638 = CARTESIAN_POINT ( 'NONE',  ( 13.07836607801180229, 55.09388279670645261, 1.000000000000000000 ) ) ;
#639 = DIRECTION ( 'NONE',  ( 1.000000000000000000, 0.000000000000000000, -0.000000000000000000 ) ) ;
#640 = LINE ( 'NONE', #210, #458 ) ;
#641 = EDGE_LOOP ( 'NONE', ( #1777, #1184, #97, #2624 ) ) ;
#642 = CARTESIAN_POINT ( 'NONE',  ( 38.32836607801179696, -2.406117203293549611, 7.200000000000000178 ) ) ;
#643 = ADVANCED_FACE ( 'NONE', ( #1297 ), #213, .F. ) ;
#644 = CARTESIAN_POINT ( 'NONE',  ( 13.07836607801179873, 51.94388279670647535, 1.000000000000000000 ) ) ;
#645 = DIRECTION ( 'NONE',  ( 0.000000000000000000, -0.000000000000000000, 1.000000000000000000 ) ) ;
#646 = AXIS2_PLACEMENT_3D ( 'NONE', #408, #829, #604 ) ;
#647 = ADVANCED_FACE ( 'NONE', ( #2574, #1473 ), #2768, .T. ) ;
#648 = FACE_OUTER_BOUND ( 'NONE', #2636, .T. ) ;
#649 = VERTEX_POINT ( 'NONE', #1260 ) ;
#650 = EDGE_CURVE ( 'NONE', #2179, #2338, #877, .T. ) ;
#651 = CARTESIAN_POINT ( 'NONE',  ( 35.55336607801179838, -2.406117203293550055, 3.999999999999999112 ) ) ;
#652 = ORIENTED_EDGE ( 'NONE', *, *, #592, .T. ) ;
#653 = DIRECTION ( 'NONE',  ( -1.000000000000000000, 0.000000000000000000, 0.000000000000000000 ) ) ;
#654 = VECTOR ( 'NONE', #1867, 1000.000000000000000 ) ;
#655 = ORIENTED_EDGE ( 'NONE', *, *, #1552, .F. ) ;
#656 = DIRECTION ( 'NONE',  ( -0.000000000000000000, -0.000000000000000000, -1.000000000000000000 ) ) ;
#657 = CARTESIAN_POINT ( 'NONE',  ( 100.3283660780117970, 7.443882796706436267, 1.000000000000000000 ) ) ;
#658 = ADVANCED_FACE ( 'NONE', ( #182 ), #405, .F. ) ;
#659 = FACE_BOUND ( 'NONE', #743, .T. ) ;
#660 = DIRECTION ( 'NONE',  ( -1.000000000000000000, 0.000000000000000000, 0.000000000000000000 ) ) ;
#661 = EDGE_CURVE ( 'NONE', #1185, #211, #2562, .T. ) ;
#662 = ADVANCED_FACE ( 'NONE', ( #2169, #25 ), #893, .F. ) ;
#663 = VERTEX_POINT ( 'NONE', #2751 ) ;
#664 = CARTESIAN_POINT ( 'NONE',  ( 83.55336607801177706, -2.406117203293549167, 3.999999999999999112 ) ) ;
#665 = AXIS2_PLACEMENT_3D ( 'NONE', #2038, #1006, #109 ) ;
#666 = EDGE_LOOP ( 'NONE', ( #2239, #2070, #284, #724 ) ) ;
#667 = DIRECTION ( 'NONE',  ( 0.000000000000000000, 1.000000000000000000, 0.000000000000000000 ) ) ;
#668 = ADVANCED_FACE ( 'NONE', ( #840 ), #1694, .T. ) ;
#669 = VECTOR ( 'NONE', #2074, 1000.000000000000000 ) ;
#670 = VERTEX_POINT ( 'NONE', #2345 ) ;
#671 = DIRECTION ( 'NONE',  ( 0.000000000000000000, 1.000000000000000000, 0.000000000000000000 ) ) ;
#672 = DIRECTION ( 'NONE',  ( -0.000000000000000000, 0.000000000000000000, -1.000000000000000000 ) ) ;
#673 = AXIS2_PLACEMENT_3D ( 'NONE', #933, #745, #1556 ) ;
#674 =( GEOMETRIC_REPRESENTATION_CONTEXT ( 3 ) GLOBAL_UNCERTAINTY_ASSIGNED_CONTEXT ( ( #348 ) ) GLOBAL_UNIT_ASSIGNED_CONTEXT ( ( #281, #250, #67 ) ) REPRESENTATION_CONTEXT ( 'NONE', 'WORKASPACE' ) );
#675 = FACE_OUTER_BOUND ( 'NONE', #82, .T. ) ;
#676 = DIRECTION ( 'NONE',  ( -0.000000000000000000, -0.000000000000000000, 1.000000000000000000 ) ) ;
#677 = ORIENTED_EDGE ( 'NONE', *, *, #583, .T. ) ;
#678 = DIRECTION ( 'NONE',  ( -1.000000000000000000, -0.000000000000000000, -0.000000000000000000 ) ) ;
#679 = EDGE_LOOP ( 'NONE', ( #2190, #461, #848, #974 ) ) ;
#680 = CARTESIAN_POINT ( 'NONE',  ( 93.10940975207680026, 60.69388279670645403, 7.499999999999999112 ) ) ;
#681 = ORIENTED_EDGE ( 'NONE', *, *, #770, .T. ) ;
#682 = EDGE_CURVE ( 'NONE', #2610, #1475, #1271, .T. ) ;
#683 = ORIENTED_EDGE ( 'NONE', *, *, #592, .F. ) ;
#684 = CARTESIAN_POINT ( 'NONE',  ( 16.72836607801176001, 55.09388279670645971, 3.000000000000000000 ) ) ;
#685 = FACE_BOUND ( 'NONE', #2150, .T. ) ;
#686 = FACE_OUTER_BOUND ( 'NONE', #2033, .T. ) ;
#687 = CARTESIAN_POINT ( 'NONE',  ( 11.57836607801179696, 36.04388279670645545, 3.000000000000000000 ) ) ;
#688 = VERTEX_POINT ( 'NONE', #1130 ) ;
#689 = DIRECTION ( 'NONE',  ( 1.000000000000000000, 0.000000000000000000, 0.000000000000000000 ) ) ;
#690 = ORIENTED_EDGE ( 'NONE', *, *, #266, .F. ) ;
#691 = AXIS2_PLACEMENT_3D ( 'NONE', #1121, #1328, #645 ) ;
#692 = LINE ( 'NONE', #2599, #879 ) ;
#693 = ORIENTED_EDGE ( 'NONE', *, *, #1525, .F. ) ;
#694 = EDGE_CURVE ( 'NONE', #1968, #1550, #2197, .T. ) ;
#695 = ORIENTED_EDGE ( 'NONE', *, *, #446, .F. ) ;
#696 = VECTOR ( 'NONE', #1562, 1000.000000000000000 ) ;
#697 = ADVANCED_FACE ( 'NONE', ( #106 ), #2658, .F. ) ;
#698 = DIRECTION ( 'NONE',  ( 0.000000000000000000, -1.000000000000000000, 0.000000000000000000 ) ) ;
#699 = CARTESIAN_POINT ( 'NONE',  ( 12.72836607801179554, -0.05611720329355088938, 1.000000000000000000 ) ) ;
#700 = EDGE_CURVE ( 'NONE', #888, #927, #2246, .T. ) ;
#701 = CARTESIAN_POINT ( 'NONE',  ( 89.10336607801177422, -2.406117203293549167, 10.49999999999999822 ) ) ;
#702 = CIRCLE ( 'NONE', #2275, 1.875000000000003331 ) ;
#703 = VECTOR ( 'NONE', #1024, 1000.000000000000000 ) ;
#704 = PLANE ( 'NONE',  #1915 ) ;
#705 = ORIENTED_EDGE ( 'NONE', *, *, #823, .F. ) ;
#706 = CARTESIAN_POINT ( 'NONE',  ( 100.3283660780117970, 4.943882796706438043, 0.000000000000000000 ) ) ;
#707 = ORIENTED_EDGE ( 'NONE', *, *, #1875, .T. ) ;
#708 = DIRECTION ( 'NONE',  ( -0.000000000000000000, -1.000000000000000000, -0.000000000000000000 ) ) ;
#709 = ORIENTED_EDGE ( 'NONE', *, *, #403, .T. ) ;
#710 = ORIENTED_EDGE ( 'NONE', *, *, #2512, .F. ) ;
#711 = VECTOR ( 'NONE', #897, 1000.000000000000114 ) ;
#712 = CARTESIAN_POINT ( 'NONE',  ( 100.3283660780117970, 4.943882796706438043, 1.000000000000000000 ) ) ;
#713 = DIRECTION ( 'NONE',  ( 0.000000000000000000, -1.000000000000000000, 0.000000000000000000 ) ) ;
#714 = EDGE_CURVE ( 'NONE', #1715, #235, #2182, .T. ) ;
#715 = VECTOR ( 'NONE', #860, 1000.000000000000000 ) ;
#716 = EDGE_CURVE ( 'NONE', #1139, #1741, #1353, .T. ) ;
#717 = PLANE ( 'NONE',  #992 ) ;
#718 = ORIENTED_EDGE ( 'NONE', *, *, #1385, .T. ) ;
#719 = PLANE ( 'NONE',  #2055 ) ;
#720 = VERTEX_POINT ( 'NONE', #2411 ) ;
#721 = DIRECTION ( 'NONE',  ( 1.000000000000000000, -6.938893903907227392E-16, 0.000000000000000000 ) ) ;
#722 = ORIENTED_EDGE ( 'NONE', *, *, #68, .T. ) ;
#723 = DIRECTION ( 'NONE',  ( 0.000000000000000000, 0.000000000000000000, -1.000000000000000000 ) ) ;
#724 = ORIENTED_EDGE ( 'NONE', *, *, #1944, .T. ) ;
#725 = APPLICATION_PROTOCOL_DEFINITION ( 'draft international standard', 'automotive_design', 1998, #467 ) ;
#726 = VERTEX_POINT ( 'NONE', #2642 ) ;
#727 = DIRECTION ( 'NONE',  ( 1.000000000000000000, 0.000000000000000000, 0.000000000000000000 ) ) ;
#728 = LINE ( 'NONE', #1817, #1393 ) ;
#729 = EDGE_CURVE ( 'NONE', #815, #245, #2491, .T. ) ;
#730 = DIRECTION ( 'NONE',  ( 1.000000000000000000, 1.562813942321448017E-16, 0.000000000000000000 ) ) ;
#731 = ORIENTED_EDGE ( 'NONE', *, *, #2434, .T. ) ;
#732 = CARTESIAN_POINT ( 'NONE',  ( 43.32836607801179696, -4.056117203293553963, 10.49999999999999822 ) ) ;
#733 = EDGE_CURVE ( 'NONE', #2103, #1170, #789, .T. ) ;
#734 = AXIS2_PLACEMENT_3D ( 'NONE', #2222, #1635, #541 ) ;
#735 = ADVANCED_FACE ( 'NONE', ( #2018 ), #2211, .T. ) ;
#736 = CARTESIAN_POINT ( 'NONE',  ( 103.7283660780117742, 55.09388279670645971, 3.000000000000000000 ) ) ;
#737 = VERTEX_POINT ( 'NONE', #39 ) ;
#738 = CARTESIAN_POINT ( 'NONE',  ( 16.72836607801176001, -0.05611720329354959180, 3.000000000000000000 ) ) ;
#739 = ORIENTED_EDGE ( 'NONE', *, *, #1973, .F. ) ;
#740 = CARTESIAN_POINT ( 'NONE',  ( 13.32836607801181295, -3.556117203293561069, 0.000000000000000000 ) ) ;
#741 = ORIENTED_EDGE ( 'NONE', *, *, #1490, .F. ) ;
#742 = ORIENTED_EDGE ( 'NONE', *, *, #948, .F. ) ;
#743 = EDGE_LOOP ( 'NONE', ( #535, #2243 ) ) ;
#744 = DIRECTION ( 'NONE',  ( 1.000000000000000000, 0.000000000000000000, 0.000000000000000000 ) ) ;
#745 = DIRECTION ( 'NONE',  ( -0.000000000000000000, 0.000000000000000000, -1.000000000000000000 ) ) ;
#746 = LINE ( 'NONE', #1603, #2340 ) ;
#747 = VERTEX_POINT ( 'NONE', #1390 ) ;
#748 = CARTESIAN_POINT ( 'NONE',  ( 24.32836607801179696, 49.44388279670646114, 0.5000000000000003331 ) ) ;
#749 = ORIENTED_EDGE ( 'NONE', *, *, #904, .F. ) ;
#750 = ORIENTED_EDGE ( 'NONE', *, *, #694, .F. ) ;
#751 = PLANE ( 'NONE',  #427 ) ;
#752 = CARTESIAN_POINT ( 'NONE',  ( 24.32836607801180406, 4.943882796706438043, 1.000000000000000000 ) ) ;
#753 = VERTEX_POINT ( 'NONE', #712 ) ;
#754 = VECTOR ( 'NONE', #1294, 1000.000000000000000 ) ;
#755 = ORIENTED_EDGE ( 'NONE', *, *, #2767, .F. ) ;
#756 = EDGE_CURVE ( 'NONE', #2555, #888, #1583, .T. ) ;
#757 = ORIENTED_EDGE ( 'NONE', *, *, #2628, .F. ) ;
#758 = DIRECTION ( 'NONE',  ( 1.000000000000000000, -0.000000000000000000, -0.000000000000000000 ) ) ;
#759 = AXIS2_PLACEMENT_3D ( 'NONE', #1698, #183, #1871 ) ;
#760 = CARTESIAN_POINT ( 'NONE',  ( 21.82836607801180406, 7.443882796706437155, 0.5000000000000003331 ) ) ;
#761 = VECTOR ( 'NONE', #2045, 1000.000000000000000 ) ;
#762 = VECTOR ( 'NONE', #2457, 1000.000000000000000 ) ;
#763 = ORIENTED_EDGE ( 'NONE', *, *, #1771, .F. ) ;
#764 = FACE_OUTER_BOUND ( 'NONE', #2257, .T. ) ;
#765 = ORIENTED_EDGE ( 'NONE', *, *, #1358, .T. ) ;
#766 = LINE ( 'NONE', #369, #1319 ) ;
#767 = CARTESIAN_POINT ( 'NONE',  ( 100.3283660780117970, 49.44388279670646114, 0.000000000000000000 ) ) ;
#768 = ORIENTED_EDGE ( 'NONE', *, *, #716, .T. ) ;
#769 = VECTOR ( 'NONE', #510, 1000.000000000000000 ) ;
#770 = EDGE_CURVE ( 'NONE', #637, #1462, #321, .T. ) ;
#771 = VERTEX_POINT ( 'NONE', #54 ) ;
#772 = EDGE_LOOP ( 'NONE', ( #515, #2416, #312, #2175 ) ) ;
#773 = EDGE_CURVE ( 'NONE', #1796, #1466, #512, .T. ) ;
#774 = DIRECTION ( 'NONE',  ( -0.000000000000000000, -0.000000000000000000, 1.000000000000000000 ) ) ;
#775 = AXIS2_PLACEMENT_3D ( 'NONE', #2425, #514, #500 ) ;
#776 = DIRECTION ( 'NONE',  ( -0.000000000000000000, -1.000000000000000000, -0.000000000000000000 ) ) ;
#777 = ORIENTED_EDGE ( 'NONE', *, *, #2442, .F. ) ;
#778 = DIRECTION ( 'NONE',  ( 0.000000000000000000, -0.000000000000000000, -1.000000000000000000 ) ) ;
#779 = ORIENTED_EDGE ( 'NONE', *, *, #2715, .F. ) ;
#780 = CARTESIAN_POINT ( 'NONE',  ( 108.7283660780117884, 52.44388279670644692, -6.071067811865478170 ) ) ;
#781 = DIRECTION ( 'NONE',  ( -0.000000000000000000, 0.000000000000000000, -1.000000000000000000 ) ) ;
#782 = ORIENTED_EDGE ( 'NONE', *, *, #1787, .F. ) ;
#783 = EDGE_CURVE ( 'NONE', #2760, #1099, #2305, .T. ) ;
#784 = CARTESIAN_POINT ( 'NONE',  ( 38.32836607801179696, -4.056117203293553963, 7.200000000000000178 ) ) ;
#785 = DIRECTION ( 'NONE',  ( -1.000000000000000000, 0.000000000000000000, 0.000000000000000000 ) ) ;
#786 = LINE ( 'NONE', #2687, #2241 ) ;
#787 = EDGE_CURVE ( 'NONE', #905, #1171, #2034, .T. ) ;
#788 = VECTOR ( 'NONE', #421, 1000.000000000000000 ) ;
#789 = CIRCLE ( 'NONE', #1313, 1.875000000000003331 ) ;
#790 = ORIENTED_EDGE ( 'NONE', *, *, #2087, .F. ) ;
#791 = DIRECTION ( 'NONE',  ( -1.000000000000000000, -0.000000000000000000, -0.000000000000000000 ) ) ;
#792 = VECTOR ( 'NONE', #2697, 1000.000000000000000 ) ;
#793 = ORIENTED_EDGE ( 'NONE', *, *, #1291, .T. ) ;
#794 = DIRECTION ( 'NONE',  ( 1.000000000000000000, 1.186135710069610038E-15, -0.000000000000000000 ) ) ;
#795 = DIRECTION ( 'NONE',  ( -0.000000000000000000, -1.000000000000000000, -0.000000000000000000 ) ) ;
#796 = VERTEX_POINT ( 'NONE', #1119 ) ;
#797 = VECTOR ( 'NONE', #1687, 1000.000000000000000 ) ;
#798 = CARTESIAN_POINT ( 'NONE',  ( 13.07836607801180051, 20.04388279670645190, 3.000000000000000000 ) ) ;
#799 = DIRECTION ( 'NONE',  ( -2.731847993664263711E-16, -1.000000000000000000, 0.000000000000000000 ) ) ;
#800 = CARTESIAN_POINT ( 'NONE',  ( 16.72836607801176001, -0.05611720329354959180, 3.000000000000000000 ) ) ;
#801 = CARTESIAN_POINT ( 'NONE',  ( 89.10336607801177422, -2.406117203293549167, 3.999999999999999112 ) ) ;
#802 = CARTESIAN_POINT ( 'NONE',  ( 45.22836607801179554, 60.69388279670645403, 7.499999999999999112 ) ) ;
#803 = EDGE_CURVE ( 'NONE', #1135, #1913, #2227, .T. ) ;
#804 = DIRECTION ( 'NONE',  ( 0.000000000000000000, -0.000000000000000000, 1.000000000000000000 ) ) ;
#805 = CARTESIAN_POINT ( 'NONE',  ( 38.32836607801179696, 2.897183655605564123, 7.200000000000000178 ) ) ;
#806 = ORIENTED_EDGE ( 'NONE', *, *, #420, .T. ) ;
#807 = AXIS2_PLACEMENT_3D ( 'NONE', #2575, #442, #1298 ) ;
#808 = AXIS2_PLACEMENT_3D ( 'NONE', #2757, #1263, #1253 ) ;
#809 = CARTESIAN_POINT ( 'NONE',  ( 108.7283660780117884, 57.44388279670644692, 3.000000000000000000 ) ) ;
#810 = DIRECTION ( 'NONE',  ( 0.7071067811865378028, 0.000000000000000000, -0.7071067811865573427 ) ) ;
#811 = CARTESIAN_POINT ( 'NONE',  ( 79.22836607801178843, 60.69388279670644692, 3.000000000000000000 ) ) ;
#812 = DIRECTION ( 'NONE',  ( 0.000000000000000000, -1.000000000000000000, 0.000000000000000000 ) ) ;
#813 = ORIENTED_EDGE ( 'NONE', *, *, #2530, .T. ) ;
#814 = DIRECTION ( 'NONE',  ( -1.000000000000000000, -1.220948392438631595E-16, 0.000000000000000000 ) ) ;
#815 = VERTEX_POINT ( 'NONE', #1143 ) ;
#816 = EDGE_CURVE ( 'NONE', #1051, #892, #2002, .T. ) ;
#817 = CARTESIAN_POINT ( 'NONE',  ( 102.8283660780117970, 7.443882796706436267, 1.000000000000000000 ) ) ;
#818 = CARTESIAN_POINT ( 'NONE',  ( 35.55336607801179838, 0.1438827967064498226, 10.49999999999999822 ) ) ;
#819 = LINE ( 'NONE', #2080, #2409 ) ;
#820 = ADVANCED_FACE ( 'NONE', ( #302 ), #947, .F. ) ;
#821 = ORIENTED_EDGE ( 'NONE', *, *, #1824, .T. ) ;
#822 = LINE ( 'NONE', #1677, #1905 ) ;
#823 = EDGE_CURVE ( 'NONE', #2139, #1596, #2614, .T. ) ;
#824 = AXIS2_PLACEMENT_3D ( 'NONE', #1410, #2652, #2268 ) ;
#825 = CARTESIAN_POINT ( 'NONE',  ( 91.32836607801178275, 1.793882796706454341, 10.49999999999999822 ) ) ;
#826 = DIRECTION ( 'NONE',  ( 0.000000000000000000, -1.000000000000000000, -0.000000000000000000 ) ) ;
#827 = VECTOR ( 'NONE', #922, 1000.000000000000000 ) ;
#828 = DIRECTION ( 'NONE',  ( -0.000000000000000000, -0.000000000000000000, 1.000000000000000000 ) ) ;
#829 = DIRECTION ( 'NONE',  ( 0.000000000000000000, 0.000000000000000000, -1.000000000000000000 ) ) ;
#830 = CARTESIAN_POINT ( 'NONE',  ( 111.3283660780117827, -6.056117203293548634, 0.000000000000000000 ) ) ;
#831 = LINE ( 'NONE', #1276, #1519 ) ;
#832 = VECTOR ( 'NONE', #1993, 1000.000000000000000 ) ;
#833 = ORIENTED_EDGE ( 'NONE', *, *, #756, .T. ) ;
#834 = FACE_OUTER_BOUND ( 'NONE', #641, .T. ) ;
#835 = CARTESIAN_POINT ( 'NONE',  ( 16.72836607801176001, -0.05611720329354959180, -6.071067811865478170 ) ) ;
#836 = EDGE_CURVE ( 'NONE', #1278, #865, #2717, .T. ) ;
#837 = VECTOR ( 'NONE', #2113, 1000.000000000000000 ) ;
#838 = LINE ( 'NONE', #2343, #596 ) ;
#839 = ORIENTED_EDGE ( 'NONE', *, *, #438, .F. ) ;
#840 = FACE_OUTER_BOUND ( 'NONE', #1615, .T. ) ;
#841 = DIRECTION ( 'NONE',  ( -1.000000000000000000, 0.000000000000000000, 0.000000000000000000 ) ) ;
#842 = ORIENTED_EDGE ( 'NONE', *, *, #1609, .F. ) ;
#843 = CYLINDRICAL_SURFACE ( 'NONE', #759, 2.500000000000002220 ) ;
#844 = CYLINDRICAL_SURFACE ( 'NONE', #1637, 1.875000000000003331 ) ;
#845 = VECTOR ( 'NONE', #1623, 1000.000000000000000 ) ;
#846 = CARTESIAN_POINT ( 'NONE',  ( 24.32836607801179696, 49.44388279670646114, 1.000000000000000000 ) ) ;
#847 = VECTOR ( 'NONE', #558, 1000.000000000000000 ) ;
#848 = ORIENTED_EDGE ( 'NONE', *, *, #1983, .T. ) ;
#849 = ORIENTED_EDGE ( 'NONE', *, *, #2668, .F. ) ;
#850 = CIRCLE ( 'NONE', #2635, 2.999999999999988898 ) ;
#851 = CARTESIAN_POINT ( 'NONE',  ( 79.22836607801178843, 57.69388279670645403, 3.000000000000000000 ) ) ;
#852 = EDGE_CURVE ( 'NONE', #292, #912, #593, .T. ) ;
#853 = PLANE ( 'NONE',  #123 ) ;
#854 = LINE ( 'NONE', #1708, #1673 ) ;
#855 = ORIENTED_EDGE ( 'NONE', *, *, #1557, .T. ) ;
#856 = DIRECTION ( 'NONE',  ( -1.000000000000000000, 0.000000000000000000, 0.000000000000000000 ) ) ;
#857 = DIRECTION ( 'NONE',  ( -1.000000000000000000, 0.000000000000000000, 0.000000000000000000 ) ) ;
#858 = ADVANCED_FACE ( 'NONE', ( #1851 ), #2703, .F. ) ;
#859 = CARTESIAN_POINT ( 'NONE',  ( 0.000000000000000000, 4.443882796706451366, 0.000000000000000000 ) ) ;
#860 = DIRECTION ( 'NONE',  ( -2.731847993664263711E-16, -1.000000000000000000, 0.000000000000000000 ) ) ;
#861 = VERTEX_POINT ( 'NONE', #383 ) ;
#862 = CARTESIAN_POINT ( 'NONE',  ( 89.10336607801177422, -2.406117203293549167, 10.49999999999999822 ) ) ;
#863 = VERTEX_POINT ( 'NONE', #998 ) ;
#864 = CARTESIAN_POINT ( 'NONE',  ( 89.10336607801177422, -2.406117203293549167, 3.999999999999999112 ) ) ;
#865 = VERTEX_POINT ( 'NONE', #1219 ) ;
#866 = DIRECTION ( 'NONE',  ( 1.000000000000000000, 2.011273595335427586E-16, -0.000000000000000000 ) ) ;
#867 = EDGE_CURVE ( 'NONE', #1926, #1886, #819, .T. ) ;
#868 = DIRECTION ( 'NONE',  ( -1.000000000000000000, 0.000000000000000000, -0.000000000000000000 ) ) ;
#869 = CARTESIAN_POINT ( 'NONE',  ( 103.7283660780117742, -0.5561172032935430831, 1.000000000000000000 ) ) ;
#870 = VECTOR ( 'NONE', #2770, 1000.000000000000000 ) ;
#871 = LINE ( 'NONE', #2111, #715 ) ;
#872 = EDGE_LOOP ( 'NONE', ( #722, #2501, #1167, #474 ) ) ;
#873 = LINE ( 'NONE', #1521, #1856 ) ;
#874 = EDGE_LOOP ( 'NONE', ( #1118, #1984, #1645, #115 ) ) ;
#875 = LINE ( 'NONE', #2193, #754 ) ;
#876 = ORIENTED_EDGE ( 'NONE', *, *, #2560, .T. ) ;
#877 = LINE ( 'NONE', #1732, #1904 ) ;
#878 = LINE ( 'NONE', #1104, #332 ) ;
#879 = VECTOR ( 'NONE', #2407, 1000.000000000000000 ) ;
#880 = ADVANCED_FACE ( 'NONE', ( #1661 ), #606, .T. ) ;
#881 = ADVANCED_FACE ( 'NONE', ( #1674 ), #1650, .T. ) ;
#882 = CYLINDRICAL_SURFACE ( 'NONE', #1971, 1.875000000000003331 ) ;
#883 = CARTESIAN_POINT ( 'NONE',  ( 89.10336607801177422, 0.1438827967064503222, 3.999999999999999112 ) ) ;
#884 = ORIENTED_EDGE ( 'NONE', *, *, #140, .T. ) ;
#885 = CARTESIAN_POINT ( 'NONE',  ( 102.8283660780117970, 7.443882796706436267, 1.000000000000000000 ) ) ;
#886 = VECTOR ( 'NONE', #407, 1000.000000000000000 ) ;
#887 = VECTOR ( 'NONE', #774, 1000.000000000000000 ) ;
#888 = VERTEX_POINT ( 'NONE', #163 ) ;
#889 = LINE ( 'NONE', #1565, #614 ) ;
#890 = ORIENTED_EDGE ( 'NONE', *, *, #1084, .F. ) ;
#891 = VECTOR ( 'NONE', #389, 1000.000000000000114 ) ;
#892 = VERTEX_POINT ( 'NONE', #1878 ) ;
#893 = PLANE ( 'NONE',  #1990 ) ;
#894 = FACE_OUTER_BOUND ( 'NONE', #1920, .T. ) ;
#895 = VECTOR ( 'NONE', #532, 1000.000000000000000 ) ;
#896 = CARTESIAN_POINT ( 'NONE',  ( 13.32836607801180051, 62.94388279670645403, 0.000000000000000000 ) ) ;
#897 = DIRECTION ( 'NONE',  ( 0.000000000000000000, -0.2576626505603308859, -0.9662349396012466229 ) ) ;
#898 = EDGE_CURVE ( 'NONE', #151, #2194, #2531, .T. ) ;
#899 = ORIENTED_EDGE ( 'NONE', *, *, #520, .T. ) ;
#900 = CARTESIAN_POINT ( 'NONE',  ( 35.22836607801179554, 58.69388279670644692, 10.49999999999999822 ) ) ;
#901 = ORIENTED_EDGE ( 'NONE', *, *, #1103, .T. ) ;
#902 = LINE ( 'NONE', #2585, #2674 ) ;
#903 = VERTEX_POINT ( 'NONE', #1071 ) ;
#904 = EDGE_CURVE ( 'NONE', #1182, #2103, #2533, .T. ) ;
#905 = VERTEX_POINT ( 'NONE', #193 ) ;
#906 = CARTESIAN_POINT ( 'NONE',  ( 100.3283660780117970, 4.943882796706435379, 0.5000000000000004441 ) ) ;
#907 = CARTESIAN_POINT ( 'NONE',  ( 102.8283660780117970, 49.44388279670646114, 1.000000000000000000 ) ) ;
#908 = CARTESIAN_POINT ( 'NONE',  ( 24.32836607801180406, 4.943882796706438043, 0.4999999999999865663 ) ) ;
#909 = LINE ( 'NONE', #308, #1563 ) ;
#910 = ORIENTED_EDGE ( 'NONE', *, *, #1885, .F. ) ;
#911 = CARTESIAN_POINT ( 'NONE',  ( 49.10940975207680026, 61.94388279670645403, 7.499999999999999112 ) ) ;
#912 = VERTEX_POINT ( 'NONE', #809 ) ;
#913 = VECTOR ( 'NONE', #1723, 1000.000000000000000 ) ;
#914 = FACE_OUTER_BOUND ( 'NONE', #2290, .T. ) ;
#915 = ORIENTED_EDGE ( 'NONE', *, *, #1689, .F. ) ;
#916 = APPLICATION_PROTOCOL_DEFINITION ( 'draft international standard', 'automotive_design', 1998, #1040 ) ;
#917 = VECTOR ( 'NONE', #920, 1000.000000000000000 ) ;
#918 = VERTEX_POINT ( 'NONE', #178 ) ;
#919 = AXIS2_PLACEMENT_3D ( 'NONE', #262, #1976, #2620 ) ;
#920 = DIRECTION ( 'NONE',  ( -0.000000000000000000, -0.000000000000000000, 1.000000000000000000 ) ) ;
#921 = DIRECTION ( 'NONE',  ( 0.000000000000000000, 0.000000000000000000, -1.000000000000000000 ) ) ;
#922 = DIRECTION ( 'NONE',  ( -0.000000000000000000, -0.000000000000000000, -1.000000000000000000 ) ) ;
#923 = ORIENTED_EDGE ( 'NONE', *, *, #1085, .T. ) ;
#924 = CARTESIAN_POINT ( 'NONE',  ( 91.32836607801178275, -4.056117203293553963, 10.49999999999999822 ) ) ;
#925 = ORIENTED_EDGE ( 'NONE', *, *, #803, .F. ) ;
#926 = CARTESIAN_POINT ( 'NONE',  ( 45.22836607801179554, 60.69388279670644692, 3.000000000000000000 ) ) ;
#927 = VERTEX_POINT ( 'NONE', #1663 ) ;
#928 = DIRECTION ( 'NONE',  ( -0.000000000000000000, -0.000000000000000000, -1.000000000000000000 ) ) ;
#929 = ORIENTED_EDGE ( 'NONE', *, *, #1642, .F. ) ;
#930 = EDGE_LOOP ( 'NONE', ( #2728, #2645, #2478, #1883 ) ) ;
#931 = ADVANCED_FACE ( 'NONE', ( #834 ), #2747, .F. ) ;
#932 = DIRECTION ( 'NONE',  ( -1.000000000000000000, 0.000000000000000000, 0.000000000000000000 ) ) ;
#933 = CARTESIAN_POINT ( 'NONE',  ( 24.32836607801180406, 7.443882796706437155, 1.000000000000000000 ) ) ;
#934 = EDGE_CURVE ( 'NONE', #863, #1250, #2311, .T. ) ;
#935 = CARTESIAN_POINT ( 'NONE',  ( 108.7283660780117884, 52.44388279670644692, 3.000000000000000000 ) ) ;
#936 = ORIENTED_EDGE ( 'NONE', *, *, #2104, .F. ) ;
#937 = CARTESIAN_POINT ( 'NONE',  ( 103.7283660780117742, 55.09388279670645971, 1.000000000000000000 ) ) ;
#938 = DIRECTION ( 'NONE',  ( 0.000000000000000000, 0.000000000000000000, -1.000000000000000000 ) ) ;
#939 = EDGE_LOOP ( 'NONE', ( #1783, #2661, #232, #538 ) ) ;
#940 = DIRECTION ( 'NONE',  ( -0.000000000000000000, -0.000000000000000000, 1.000000000000000000 ) ) ;
#941 = ORIENTED_EDGE ( 'NONE', *, *, #266, .T. ) ;
#942 = PLANE ( 'NONE',  #824 ) ;
#943 = VERTEX_POINT ( 'NONE', #595 ) ;
#944 = LINE ( 'NONE', #2451, #769 ) ;
#945 = ORIENTED_EDGE ( 'NONE', *, *, #787, .T. ) ;
#946 = ORIENTED_EDGE ( 'NONE', *, *, #2261, .F. ) ;
#947 = PLANE ( 'NONE',  #1089 ) ;
#948 = EDGE_CURVE ( 'NONE', #2208, #865, #1280, .T. ) ;
#949 = DIRECTION ( 'NONE',  ( -0.000000000000000000, 0.000000000000000000, 1.000000000000000000 ) ) ;
#950 = PLANE ( 'NONE',  #775 ) ;
#951 = EDGE_CURVE ( 'NONE', #1266, #2208, #2125, .T. ) ;
#952 = EDGE_LOOP ( 'NONE', ( #1067, #139, #1425, #38, #1334, #855, #2095, #2168 ) ) ;
#953 = CARTESIAN_POINT ( 'NONE',  ( 13.07836607801179873, 51.94388279670647535, -6.071067811865478170 ) ) ;
#954 = EDGE_CURVE ( 'NONE', #2556, #1997, #611, .T. ) ;
#955 = VECTOR ( 'NONE', #2476, 1000.000000000000000 ) ;
#956 = CARTESIAN_POINT ( 'NONE',  ( 91.32836607801178275, -4.056117203293553963, 3.000000000000000000 ) ) ;
#957 = EDGE_LOOP ( 'NONE', ( #63, #398, #636, #1891 ) ) ;
#958 =( LENGTH_UNIT ( ) NAMED_UNIT ( * ) SI_UNIT ( .MILLI., .METRE. ) );
#959 = VERTEX_POINT ( 'NONE', #1706 ) ;
#960 = VECTOR ( 'NONE', #483, 1000.000000000000000 ) ;
#961 = FACE_OUTER_BOUND ( 'NONE', #1770, .T. ) ;
#962 = ORIENTED_EDGE ( 'NONE', *, *, #2453, .F. ) ;
#963 = ORIENTED_EDGE ( 'NONE', *, *, #2767, .T. ) ;
#964 = ORIENTED_EDGE ( 'NONE', *, *, #2260, .F. ) ;
#965 = CARTESIAN_POINT ( 'NONE',  ( 113.8283660780117970, 60.44388279670645403, 3.000000000000000000 ) ) ;
#966 = LINE ( 'NONE', #74, #404 ) ;
#967 = AXIS2_PLACEMENT_3D ( 'NONE', #492, #1861, #2066 ) ;
#968 = ORIENTED_EDGE ( 'NONE', *, *, #1492, .F. ) ;
#969 = CARTESIAN_POINT ( 'NONE',  ( 12.72836607801179554, 3.943882796706457139, 1.000000000000000000 ) ) ;
#970 = ADVANCED_FACE ( 'NONE', ( #2142, #1039 ), #1257, .F. ) ;
#971 = FACE_OUTER_BOUND ( 'NONE', #1768, .T. ) ;
#972 = DIRECTION ( 'NONE',  ( 0.000000000000000000, 0.000000000000000000, 1.000000000000000000 ) ) ;
#973 = FACE_OUTER_BOUND ( 'NONE', #2676, .T. ) ;
#974 = ORIENTED_EDGE ( 'NONE', *, *, #301, .F. ) ;
#975 = ORIENTED_EDGE ( 'NONE', *, *, #1107, .F. ) ;
#976 = ORIENTED_EDGE ( 'NONE', *, *, #1362, .T. ) ;
#977 = DIRECTION ( 'NONE',  ( 1.000000000000000000, 0.000000000000000000, 0.000000000000000000 ) ) ;
#978 = CIRCLE ( 'NONE', #2630, 2.999999999999988898 ) ;
#979 = DIRECTION ( 'NONE',  ( -0.000000000000000000, 1.000000000000000000, 0.000000000000000000 ) ) ;
#980 = AXIS2_PLACEMENT_3D ( 'NONE', #625, #1470, #195 ) ;
#981 = VECTOR ( 'NONE', #2579, 1000.000000000000000 ) ;
#982 = ORIENTED_EDGE ( 'NONE', *, *, #223, .F. ) ;
#983 = LINE ( 'NONE', #1646, #1955 ) ;
#984 = CYLINDRICAL_SURFACE ( 'NONE', #282, 2.500000000000000444 ) ;
#985 = LINE ( 'NONE', #1837, #1142 ) ;
#986 = EDGE_CURVE ( 'NONE', #1250, #22, #822, .T. ) ;
#987 = PLANE ( 'NONE',  #226 ) ;
#988 = ORIENTED_EDGE ( 'NONE', *, *, #1239, .T. ) ;
#989 = ADVANCED_FACE ( 'NONE', ( #1468, #1027 ), #208, .F. ) ;
#990 = PRODUCT_DEFINITION_CONTEXT ( 'detailed design', #1040, 'design' ) ;
#991 = CARTESIAN_POINT ( 'NONE',  ( 89.10336607801177422, 0.1438827967064503222, 3.999999999999999112 ) ) ;
#992 = AXIS2_PLACEMENT_3D ( 'NONE', #2249, #1392, #324 ) ;
#993 = DIRECTION ( 'NONE',  ( 0.000000000000000000, 0.7071067811865474617, -0.7071067811865474617 ) ) ;
#994 = ORIENTED_EDGE ( 'NONE', *, *, #1243, .F. ) ;
#995 = PLANE ( 'NONE',  #1384 ) ;
#996 = ORIENTED_EDGE ( 'NONE', *, *, #2727, .T. ) ;
#997 = CARTESIAN_POINT ( 'NONE',  ( 13.07836607801179696, 36.04388279670645545, 3.000000000000000000 ) ) ;
#998 = CARTESIAN_POINT ( 'NONE',  ( 91.32836607801178275, 1.793882796706454341, 10.49999999999999822 ) ) ;
#999 = ORIENTED_EDGE ( 'NONE', *, *, #68, .F. ) ;
#1000 = VECTOR ( 'NONE', #1670, 1000.000000000000000 ) ;
#1001 = LINE ( 'NONE', #1028, #847 ) ;
#1002 = PLANE ( 'NONE',  #468 ) ;
#1003 = CARTESIAN_POINT ( 'NONE',  ( 103.3283660780118112, 0.000000000000000000, 0.000000000000000000 ) ) ;
#1004 = EDGE_CURVE ( 'NONE', #1966, #1346, #1013, .T. ) ;
#1005 = ORIENTED_EDGE ( 'NONE', *, *, #403, .F. ) ;
#1006 = DIRECTION ( 'NONE',  ( 0.000000000000000000, -1.000000000000000000, 0.000000000000000000 ) ) ;
#1007 = VECTOR ( 'NONE', #2430, 1000.000000000000000 ) ;
#1008 = DIRECTION ( 'NONE',  ( -0.000000000000000000, 1.000000000000000000, -0.000000000000000000 ) ) ;
#1009 = SURFACE_STYLE_USAGE ( .BOTH. , #149 ) ;
#1010 = DIRECTION ( 'NONE',  ( 0.000000000000000000, -1.000000000000000000, 0.000000000000000000 ) ) ;
#1011 = ORIENTED_EDGE ( 'NONE', *, *, #2053, .T. ) ;
#1012 = VECTOR ( 'NONE', #494, 1000.000000000000000 ) ;
#1013 = LINE ( 'NONE', #2507, #1058 ) ;
#1014 = LINE ( 'NONE', #1866, #2546 ) ;
#1015 = DIRECTION ( 'NONE',  ( 1.000000000000000000, 0.000000000000000000, 0.000000000000000000 ) ) ;
#1016 = CARTESIAN_POINT ( 'NONE',  ( 100.3283660780117970, 51.94388279670646114, 0.5000000000000143219 ) ) ;
#1017 = ADVANCED_FACE ( 'NONE', ( #1880 ), #1909, .F. ) ;
#1018 = VECTOR ( 'NONE', #273, 1000.000000000000000 ) ;
#1019 = CARTESIAN_POINT ( 'NONE',  ( 79.22836607801178843, 60.69388279670644692, 10.49999999999999822 ) ) ;
#1020 = ORIENTED_EDGE ( 'NONE', *, *, #1103, .F. ) ;
#1021 = LINE ( 'NONE', #381, #6 ) ;
#1022 = CIRCLE ( 'NONE', #1961, 2.500000000000002220 ) ;
#1023 = FACE_OUTER_BOUND ( 'NONE', #564, .T. ) ;
#1024 = DIRECTION ( 'NONE',  ( -1.000000000000000000, 0.000000000000000000, 0.000000000000000000 ) ) ;
#1025 = ORIENTED_EDGE ( 'NONE', *, *, #1571, .F. ) ;
#1026 = AXIS2_PLACEMENT_3D ( 'NONE', #2003, #2629, #270 ) ;
#1027 = FACE_OUTER_BOUND ( 'NONE', #173, .T. ) ;
#1028 = CARTESIAN_POINT ( 'NONE',  ( 11.57836607801179696, 36.04388279670645545, 1.000000000000000000 ) ) ;
#1029 = DIRECTION ( 'NONE',  ( -0.000000000000000000, -0.000000000000000000, -1.000000000000000000 ) ) ;
#1030 = VERTEX_POINT ( 'NONE', #414 ) ;
#1031 = FACE_OUTER_BOUND ( 'NONE', #2454, .T. ) ;
#1032 = ORIENTED_EDGE ( 'NONE', *, *, #155, .F. ) ;
#1033 = EDGE_CURVE ( 'NONE', #506, #1717, #1923, .T. ) ;
#1034 = CARTESIAN_POINT ( 'NONE',  ( 79.22836607801178843, 58.69388279670643982, 10.49999999999999822 ) ) ;
#1035 = LINE ( 'NONE', #818, #1209 ) ;
#1036 = CYLINDRICAL_SURFACE ( 'NONE', #2766, 2.500000000000000444 ) ;
#1037 = EDGE_CURVE ( 'NONE', #556, #310, #1648, .T. ) ;
#1038 = VERTEX_POINT ( 'NONE', #864 ) ;
#1039 = FACE_OUTER_BOUND ( 'NONE', #77, .T. ) ;
#1040 = APPLICATION_CONTEXT ( 'automotive_design' ) ;
#1041 = LINE ( 'NONE', #1910, #1335 ) ;
#1042 = LINE ( 'NONE', #2749, #2163 ) ;
#1043 = ORIENTED_EDGE ( 'NONE', *, *, #1486, .F. ) ;
#1044 = DIRECTION ( 'NONE',  ( 0.000000000000000000, 0.000000000000000000, -1.000000000000000000 ) ) ;
#1045 = VECTOR ( 'NONE', #1542, 1000.000000000000000 ) ;
#1046 = CARTESIAN_POINT ( 'NONE',  ( 49.10940975207680026, 60.69388279670645403, 7.499999999999999112 ) ) ;
#1047 = PLANE ( 'NONE',  #1186 ) ;
#1048 = CARTESIAN_POINT ( 'NONE',  ( 24.32836607801180406, 7.443882796706437155, 0.000000000000000000 ) ) ;
#1049 = EDGE_CURVE ( 'NONE', #2323, #796, #1864, .T. ) ;
#1050 = CARTESIAN_POINT ( 'NONE',  ( 83.55336607801177706, 0.1438827967064503222, 10.49999999999999822 ) ) ;
#1051 = VERTEX_POINT ( 'NONE', #2082 ) ;
#1052 = EDGE_CURVE ( 'NONE', #2654, #1170, #2720, .T. ) ;
#1053 = EDGE_LOOP ( 'NONE', ( #572, #1592, #1536, #1323, #2161, #1510, #1418, #2532 ) ) ;
#1054 = EDGE_CURVE ( 'NONE', #509, #927, #64, .T. ) ;
#1055 = DIRECTION ( 'NONE',  ( -1.000000000000000000, -0.000000000000000000, 0.000000000000000000 ) ) ;
#1056 = CARTESIAN_POINT ( 'NONE',  ( 13.07836607801179873, 3.943882796706457139, -6.071067811865478170 ) ) ;
#1057 = VECTOR ( 'NONE', #656, 1000.000000000000000 ) ;
#1058 = VECTOR ( 'NONE', #1055, 1000.000000000000000 ) ;
#1059 = DIRECTION ( 'NONE',  ( 1.000000000000000000, -7.437185320372163785E-17, 0.000000000000000000 ) ) ;
#1060 = EDGE_CURVE ( 'NONE', #1731, #94, #889, .T. ) ;
#1061 = EDGE_LOOP ( 'NONE', ( #963, #2065, #2506, #493 ) ) ;
#1062 = CARTESIAN_POINT ( 'NONE',  ( 81.32836607801179696, -4.056117203293553963, 10.49999999999999822 ) ) ;
#1063 = LINE ( 'NONE', #2769, #169 ) ;
#1064 = PLANE ( 'NONE',  #1359 ) ;
#1065 = VECTOR ( 'NONE', #2188, 1000.000000000000000 ) ;
#1066 = LINE ( 'NONE', #2554, #1203 ) ;
#1067 = ORIENTED_EDGE ( 'NONE', *, *, #1942, .T. ) ;
#1068 = LINE ( 'NONE', #664, #2494 ) ;
#1069 = ORIENTED_EDGE ( 'NONE', *, *, #1291, .F. ) ;
#1070 = AXIS2_PLACEMENT_3D ( 'NONE', #1724, #2160, #1889 ) ;
#1071 = CARTESIAN_POINT ( 'NONE',  ( 16.72836607801176001, 55.09388279670645971, 1.000000000000000000 ) ) ;
#1072 = CARTESIAN_POINT ( 'NONE',  ( 0.000000000000000000, 0.000000000000000000, 10.49999999999999822 ) ) ;
#1073 = ORIENTED_EDGE ( 'NONE', *, *, #1107, .T. ) ;
#1074 = ADVANCED_FACE ( 'NONE', ( #914 ), #2228, .F. ) ;
#1075 = LINE ( 'NONE', #1940, #1195 ) ;
#1076 = LINE ( 'NONE', #1747, #2017 ) ;
#1077 = PLANE ( 'NONE',  #691 ) ;
#1078 = CARTESIAN_POINT ( 'NONE',  ( 113.8283660780117970, -3.556117203293545970, 3.000000000000000000 ) ) ;
#1079 = ORIENTED_EDGE ( 'NONE', *, *, #1445, .T. ) ;
#1080 = LINE ( 'NONE', #1302, #1995 ) ;
#1081 = ORIENTED_EDGE ( 'NONE', *, *, #335, .F. ) ;
#1082 = CARTESIAN_POINT ( 'NONE',  ( 45.22836607801179554, 57.69388279670644692, 3.000000000000000000 ) ) ;
#1083 = EDGE_LOOP ( 'NONE', ( #1158, #2030, #1116, #275 ) ) ;
#1084 = EDGE_CURVE ( 'NONE', #622, #2323, #902, .T. ) ;
#1085 = EDGE_CURVE ( 'NONE', #344, #959, #875, .T. ) ;
#1086 = VECTOR ( 'NONE', #1810, 1000.000000000000000 ) ;
#1087 = DIRECTION ( 'NONE',  ( -1.000000000000000000, 0.000000000000000000, -0.000000000000000000 ) ) ;
#1088 = LINE ( 'NONE', #2361, #1256 ) ;
#1089 = AXIS2_PLACEMENT_3D ( 'NONE', #1324, #1757, #73 ) ;
#1090 = EDGE_CURVE ( 'NONE', #1908, #191, #2623, .T. ) ;
#1091 = CARTESIAN_POINT ( 'NONE',  ( 35.22836607801179554, 58.69388279670644692, 10.49999999999999822 ) ) ;
#1092 = AXIS2_PLACEMENT_3D ( 'NONE', #2443, #1378, #2234 ) ;
#1093 = LINE ( 'NONE', #2758, #981 ) ;
#1094 = EDGE_LOOP ( 'NONE', ( #1114, #1406, #417, #2025 ) ) ;
#1095 = CARTESIAN_POINT ( 'NONE',  ( 10.82836607801181117, -3.556117203293560181, 3.000000000000000000 ) ) ;
#1096 = ORIENTED_EDGE ( 'NONE', *, *, #1160, .T. ) ;
#1097 = AXIS2_PLACEMENT_3D ( 'NONE', #505, #1361, #1764 ) ;
#1098 = CARTESIAN_POINT ( 'NONE',  ( 16.72836607801176001, -0.05611720329354959180, -6.071067811865478170 ) ) ;
#1099 = VERTEX_POINT ( 'NONE', #7 ) ;
#1100 = VERTEX_POINT ( 'NONE', #1082 ) ;
#1101 = PLANE ( 'NONE',  #345 ) ;
#1102 = EDGE_CURVE ( 'NONE', #360, #151, #2382, .T. ) ;
#1103 = EDGE_CURVE ( 'NONE', #1933, #261, #2609, .T. ) ;
#1104 = CARTESIAN_POINT ( 'NONE',  ( 13.07836607801179873, 3.943882796706457139, 3.000000000000000000 ) ) ;
#1105 = VECTOR ( 'NONE', #100, 1000.000000000000000 ) ;
#1106 = CARTESIAN_POINT ( 'NONE',  ( 89.22836607801178843, 61.94388279670645403, 7.499999999999999112 ) ) ;
#1107 = EDGE_CURVE ( 'NONE', #544, #94, #692, .T. ) ;
#1108 = DIRECTION ( 'NONE',  ( 1.000000000000000000, 0.000000000000000000, 0.000000000000000000 ) ) ;
#1109 = ORIENTED_EDGE ( 'NONE', *, *, #2446, .T. ) ;
#1110 = ADVANCED_FACE ( 'NONE', ( #450 ), #1742, .T. ) ;
#1111 = CARTESIAN_POINT ( 'NONE',  ( 13.07836607801179873, 3.943882796706457139, -6.071067811865478170 ) ) ;
#1112 = VECTOR ( 'NONE', #2567, 1000.000000000000000 ) ;
#1113 = VECTOR ( 'NONE', #2258, 1000.000000000000000 ) ;
#1114 = ORIENTED_EDGE ( 'NONE', *, *, #1052, .F. ) ;
#1115 = CARTESIAN_POINT ( 'NONE',  ( 45.22836607801179554, 60.69388279670644692, 10.49999999999999822 ) ) ;
#1116 = ORIENTED_EDGE ( 'NONE', *, *, #2394, .T. ) ;
#1117 = VECTOR ( 'NONE', #1120, 1000.000000000000000 ) ;
#1118 = ORIENTED_EDGE ( 'NONE', *, *, #2203, .F. ) ;
#1119 = CARTESIAN_POINT ( 'NONE',  ( 103.7283660780117742, 57.44388279670644692, 1.000000000000000000 ) ) ;
#1120 = DIRECTION ( 'NONE',  ( 0.000000000000000000, -1.000000000000000000, 0.000000000000000000 ) ) ;
#1121 = CARTESIAN_POINT ( 'NONE',  ( 81.32836607801179696, -4.056117203293553963, 10.49999999999999822 ) ) ;
#1122 = DIRECTION ( 'NONE',  ( -1.000000000000000000, -1.220948392438631348E-16, -0.000000000000000000 ) ) ;
#1123 = VECTOR ( 'NONE', #2458, 1000.000000000000000 ) ;
#1124 = ORIENTED_EDGE ( 'NONE', *, *, #361, .T. ) ;
#1125 = DIRECTION ( 'NONE',  ( 0.000000000000000000, 1.000000000000000000, 0.000000000000000000 ) ) ;
#1126 = ORIENTED_EDGE ( 'NONE', *, *, #223, .T. ) ;
#1127 = CARTESIAN_POINT ( 'NONE',  ( 24.32836607801179696, 49.44388279670646114, 0.000000000000000000 ) ) ;
#1128 = EDGE_LOOP ( 'NONE', ( #2759, #2641, #557, #1830 ) ) ;
#1129 = EDGE_LOOP ( 'NONE', ( #2204, #2196, #318, #2177 ) ) ;
#1130 = CARTESIAN_POINT ( 'NONE',  ( 12.72836607801179554, -0.05611720329355088938, 3.000000000000000000 ) ) ;
#1131 = LINE ( 'NONE', #499, #1618 ) ;
#1132 = CARTESIAN_POINT ( 'NONE',  ( 13.32836607801181295, -6.056117203293561069, 3.000000000000000000 ) ) ;
#1133 = ORIENTED_EDGE ( 'NONE', *, *, #2515, .F. ) ;
#1134 = CARTESIAN_POINT ( 'NONE',  ( 89.22836607801178843, 60.69388279670644692, 3.000000000000000000 ) ) ;
#1135 = VERTEX_POINT ( 'NONE', #2419 ) ;
#1136 = PLANE ( 'NONE',  #967 ) ;
#1137 = ORIENTED_EDGE ( 'NONE', *, *, #2628, .T. ) ;
#1138 = DIRECTION ( 'NONE',  ( 1.562813942321448017E-16, -1.000000000000000000, 0.000000000000000000 ) ) ;
#1139 = VERTEX_POINT ( 'NONE', #1320 ) ;
#1140 = EDGE_CURVE ( 'NONE', #1587, #365, #248, .T. ) ;
#1141 = EDGE_LOOP ( 'NONE', ( #929, #2263, #999, #782 ) ) ;
#1142 = VECTOR ( 'NONE', #569, 1000.000000000000000 ) ;
#1143 = CARTESIAN_POINT ( 'NONE',  ( 10.82836607801179696, 60.44388279670645403, 0.000000000000000000 ) ) ;
#1144 = CARTESIAN_POINT ( 'NONE',  ( 106.3783660780117941, 52.44388279670644692, 3.000000000000000000 ) ) ;
#1145 = LINE ( 'NONE', #92, #2688 ) ;
#1146 = VERTEX_POINT ( 'NONE', #234 ) ;
#1147 = DIRECTION ( 'NONE',  ( 0.000000000000000000, 0.000000000000000000, -1.000000000000000000 ) ) ;
#1148 = ORIENTED_EDGE ( 'NONE', *, *, #2394, .F. ) ;
#1149 = VERTEX_POINT ( 'NONE', #477 ) ;
#1150 = CARTESIAN_POINT ( 'NONE',  ( 33.32836607801179696, 1.793882796706454341, 10.49999999999999822 ) ) ;
#1151 = ORIENTED_EDGE ( 'NONE', *, *, #187, .F. ) ;
#1152 = PLANE ( 'NONE',  #2390 ) ;
#1153 = ORIENTED_EDGE ( 'NONE', *, *, #1644, .T. ) ;
#1154 = EDGE_CURVE ( 'NONE', #1587, #1669, #2572, .T. ) ;
#1155 = ADVANCED_FACE ( 'NONE', ( #1949 ), #1535, .F. ) ;
#1156 = VECTOR ( 'NONE', #791, 1000.000000000000000 ) ;
#1157 = ORIENTED_EDGE ( 'NONE', *, *, #2380, .T. ) ;
#1158 = ORIENTED_EDGE ( 'NONE', *, *, #1824, .F. ) ;
#1159 = ADVANCED_FACE ( 'NONE', ( #35, #1336 ), #47, .F. ) ;
#1160 = EDGE_CURVE ( 'NONE', #2223, #219, #264, .T. ) ;
#1161 = VECTOR ( 'NONE', #2374, 1000.000000000000000 ) ;
#1162 = CARTESIAN_POINT ( 'NONE',  ( 13.07836607801180229, 1.793882796706454341, 1.000000000000000000 ) ) ;
#1163 = CARTESIAN_POINT ( 'NONE',  ( 21.82836607801179696, 49.44388279670646114, 1.000000000000000000 ) ) ;
#1164 = CARTESIAN_POINT ( 'NONE',  ( 103.7283660780117742, 1.793882796706454341, 3.000000000000000000 ) ) ;
#1165 = VECTOR ( 'NONE', #431, 1000.000000000000000 ) ;
#1166 = AXIS2_PLACEMENT_3D ( 'NONE', #1581, #1351, #479 ) ;
#1167 = ORIENTED_EDGE ( 'NONE', *, *, #1327, .T. ) ;
#1168 = DIRECTION ( 'NONE',  ( -1.000000000000000000, 0.000000000000000000, 0.000000000000000000 ) ) ;
#1169 = DIRECTION ( 'NONE',  ( -1.000000000000000000, -2.168404344971008375E-16, 0.000000000000000000 ) ) ;
#1170 = VERTEX_POINT ( 'NONE', #1511 ) ;
#1171 = VERTEX_POINT ( 'NONE', #2368 ) ;
#1172 = LINE ( 'NONE', #1691, #1802 ) ;
#1173 = ORIENTED_EDGE ( 'NONE', *, *, #2428, .F. ) ;
#1174 = EDGE_LOOP ( 'NONE', ( #2063, #693 ) ) ;
#1175 = ORIENTED_EDGE ( 'NONE', *, *, #803, .T. ) ;
#1176 = CARTESIAN_POINT ( 'NONE',  ( 103.3283660780118112, 49.44388279670646114, 0.000000000000000000 ) ) ;
#1177 = DIRECTION ( 'NONE',  ( -1.000000000000000000, 0.000000000000000000, 0.000000000000000000 ) ) ;
#1178 = EDGE_CURVE ( 'NONE', #1386, #1030, #2153, .T. ) ;
#1179 = ORIENTED_EDGE ( 'NONE', *, *, #110, .F. ) ;
#1180 = PLANE ( 'NONE',  #665 ) ;
#1181 = CIRCLE ( 'NONE', #2737, 2.500000000000000444 ) ;
#1182 = VERTEX_POINT ( 'NONE', #2681 ) ;
#1183 = DIRECTION ( 'NONE',  ( 1.000000000000000000, -0.000000000000000000, 0.000000000000000000 ) ) ;
#1184 = ORIENTED_EDGE ( 'NONE', *, *, #2298, .T. ) ;
#1185 = VERTEX_POINT ( 'NONE', #2054 ) ;
#1186 = AXIS2_PLACEMENT_3D ( 'NONE', #859, #2740, #1682 ) ;
#1187 = ORIENTED_EDGE ( 'NONE', *, *, #816, .F. ) ;
#1188 = DIRECTION ( 'NONE',  ( -1.000000000000000000, -7.437185320372163785E-17, -0.000000000000000000 ) ) ;
#1189 = PLANE ( 'NONE',  #1738 ) ;
#1190 = PRESENTATION_LAYER_ASSIGNMENT (  '', '', ( #2401 ) ) ;
#1191 = ADVANCED_FACE ( 'NONE', ( #2693 ), #1818, .F. ) ;
#1192 = ORIENTED_EDGE ( 'NONE', *, *, #1517, .T. ) ;
#1193 = DIRECTION ( 'NONE',  ( 0.000000000000000000, -0.000000000000000000, -1.000000000000000000 ) ) ;
#1194 = EDGE_LOOP ( 'NONE', ( #763, #777, #2570, #108 ) ) ;
#1195 = VECTOR ( 'NONE', #2602, 1000.000000000000000 ) ;
#1196 = VECTOR ( 'NONE', #1483, 1000.000000000000000 ) ;
#1197 = FACE_OUTER_BOUND ( 'NONE', #449, .T. ) ;
#1198 = FACE_OUTER_BOUND ( 'NONE', #1872, .T. ) ;
#1199 = ORIENTED_EDGE ( 'NONE', *, *, #1178, .T. ) ;
#1200 = DIRECTION ( 'NONE',  ( -0.000000000000000000, -0.000000000000000000, 1.000000000000000000 ) ) ;
#1201 = CIRCLE ( 'NONE', #2233, 2.500000000000000444 ) ;
#1202 = PLANE ( 'NONE',  #1252 ) ;
#1203 = VECTOR ( 'NONE', #2743, 1000.000000000000227 ) ;
#1204 = ORIENTED_EDGE ( 'NONE', *, *, #1823, .T. ) ;
#1205 = PLANE ( 'NONE',  #1695 ) ;
#1206 = VERTEX_POINT ( 'NONE', #295 ) ;
#1207 = DIRECTION ( 'NONE',  ( 1.000000000000000000, 0.000000000000000000, 0.000000000000000000 ) ) ;
#1208 = DIRECTION ( 'NONE',  ( -1.000000000000000000, 0.000000000000000000, 0.000000000000000000 ) ) ;
#1209 = VECTOR ( 'NONE', #1671, 1000.000000000000000 ) ;
#1210 = EDGE_LOOP ( 'NONE', ( #1600, #899, #1604, #2015 ) ) ;
#1211 = EDGE_CURVE ( 'NONE', #2611, #1992, #329, .T. ) ;
#1212 = CARTESIAN_POINT ( 'NONE',  ( 33.32836607801180406, -4.056117203293553963, 10.49999999999999822 ) ) ;
#1213 = LINE ( 'NONE', #218, #2617 ) ;
#1214 = CARTESIAN_POINT ( 'NONE',  ( 33.32836607801180406, -4.056117203293553963, 10.49999999999999822 ) ) ;
#1215 = ORIENTED_EDGE ( 'NONE', *, *, #260, .T. ) ;
#1216 = LINE ( 'NONE', #801, #1428 ) ;
#1217 = FACE_OUTER_BOUND ( 'NONE', #666, .T. ) ;
#1218 = SURFACE_STYLE_FILL_AREA ( #2294 ) ;
#1219 = CARTESIAN_POINT ( 'NONE',  ( 79.22836607801178843, 58.69388279670644692, 6.749999999999999112 ) ) ;
#1220 = EDGE_CURVE ( 'NONE', #102, #2181, #1782, .T. ) ;
#1221 = ORIENTED_EDGE ( 'NONE', *, *, #51, .F. ) ;
#1222 = DIRECTION ( 'NONE',  ( -1.000000000000000000, -0.000000000000000000, 0.000000000000000000 ) ) ;
#1223 = EDGE_CURVE ( 'NONE', #197, #1139, #1375, .T. ) ;
#1224 = VECTOR ( 'NONE', #1396, 1000.000000000000000 ) ;
#1225 = ADVANCED_FACE ( 'NONE', ( #961 ), #1152, .F. ) ;
#1226 = DIRECTION ( 'NONE',  ( -0.000000000000000000, -0.000000000000000000, 1.000000000000000000 ) ) ;
#1227 = CARTESIAN_POINT ( 'NONE',  ( 108.7283660780117884, 57.44388279670644692, 1.000000000000000000 ) ) ;
#1228 = DIRECTION ( 'NONE',  ( -0.7071067811865475727, -0.000000000000000000, -0.7071067811865475727 ) ) ;
#1229 = EDGE_CURVE ( 'NONE', #1966, #1568, #1935, .T. ) ;
#1230 = CARTESIAN_POINT ( 'NONE',  ( 103.7283660780117742, -0.5561172032935430831, -6.071067811865478170 ) ) ;
#1231 = ORIENTED_EDGE ( 'NONE', *, *, #1229, .F. ) ;
#1232 = DIRECTION ( 'NONE',  ( -1.000000000000000000, 0.000000000000000000, 0.000000000000000000 ) ) ;
#1233 = DIRECTION ( 'NONE',  ( -0.000000000000000000, 0.000000000000000000, 1.000000000000000000 ) ) ;
#1234 = CARTESIAN_POINT ( 'NONE',  ( 21.32836607801181827, 3.148835518276976049E-15, 0.000000000000000000 ) ) ;
#1235 = ORIENTED_EDGE ( 'NONE', *, *, #1983, .F. ) ;
#1236 = AXIS2_PLACEMENT_3D ( 'NONE', #1127, #1549, #1965 ) ;
#1237 = ADVANCED_FACE ( 'NONE', ( #1198 ), #343, .F. ) ;
#1238 = CARTESIAN_POINT ( 'NONE',  ( 33.32836607801180406, -4.056117203293553963, 10.49999999999999822 ) ) ;
#1239 = EDGE_CURVE ( 'NONE', #663, #2291, #2432, .T. ) ;
#1240 = LINE ( 'NONE', #387, #24 ) ;
#1241 = CARTESIAN_POINT ( 'NONE',  ( 81.32836607801179696, 1.793882796706449456, 3.000000000000000000 ) ) ;
#1242 = DIRECTION ( 'NONE',  ( 0.000000000000000000, 0.000000000000000000, -1.000000000000000000 ) ) ;
#1243 = EDGE_CURVE ( 'NONE', #2014, #1149, #1795, .T. ) ;
#1244 = ADVANCED_FACE ( 'NONE', ( #2465 ), #128, .F. ) ;
#1245 = AXIS2_PLACEMENT_3D ( 'NONE', #1605, #2690, #2278 ) ;
#1246 = AXIS2_PLACEMENT_3D ( 'NONE', #167, #2508, #1439 ) ;
#1247 = ORIENTED_EDGE ( 'NONE', *, *, #1154, .T. ) ;
#1248 = PLANE ( 'NONE',  #2678 ) ;
#1249 = EDGE_CURVE ( 'NONE', #1185, #1278, #1597, .T. ) ;
#1250 = VERTEX_POINT ( 'NONE', #571 ) ;
#1251 = CARTESIAN_POINT ( 'NONE',  ( 93.10940975207680026, 57.69388279670645403, 3.000000000000000000 ) ) ;
#1252 = AXIS2_PLACEMENT_3D ( 'NONE', #2483, #559, #1844 ) ;
#1253 = DIRECTION ( 'NONE',  ( 0.000000000000000000, 0.000000000000000000, -1.000000000000000000 ) ) ;
#1254 = DIRECTION ( 'NONE',  ( -1.000000000000000000, 0.000000000000000000, 0.000000000000000000 ) ) ;
#1255 = ORIENTED_EDGE ( 'NONE', *, *, #1310, .T. ) ;
#1256 = VECTOR ( 'NONE', #1541, 1000.000000000000000 ) ;
#1257 = PLANE ( 'NONE',  #2499 ) ;
#1258 = CARTESIAN_POINT ( 'NONE',  ( 89.22836607801178843, 60.69388279670644692, 10.49999999999999822 ) ) ;
#1259 = DIRECTION ( 'NONE',  ( -1.000000000000000000, 0.000000000000000000, -0.000000000000000000 ) ) ;
#1260 = CARTESIAN_POINT ( 'NONE',  ( 103.7283660780117742, 57.44388279670644692, 3.000000000000000000 ) ) ;
#1261 = CARTESIAN_POINT ( 'NONE',  ( 41.10336607801180264, 0.1438827967064504887, 3.999999999999999112 ) ) ;
#1262 = CARTESIAN_POINT ( 'NONE',  ( 83.55336607801177706, 0.1438827967064503222, 3.999999999999999112 ) ) ;
#1263 = DIRECTION ( 'NONE',  ( 1.000000000000000000, 0.000000000000000000, 0.000000000000000000 ) ) ;
#1264 = LINE ( 'NONE', #14, #1112 ) ;
#1265 = EDGE_LOOP ( 'NONE', ( #1627, #1784, #247, #3 ) ) ;
#1266 = VERTEX_POINT ( 'NONE', #314 ) ;
#1267 = DIRECTION ( 'NONE',  ( -0.000000000000000000, -0.000000000000000000, -1.000000000000000000 ) ) ;
#1268 = LINE ( 'NONE', #825, #2057 ) ;
#1269 = LINE ( 'NONE', #196, #1309 ) ;
#1270 = EDGE_LOOP ( 'NONE', ( #21, #683, #2671, #976 ) ) ;
#1271 = LINE ( 'NONE', #2131, #2358 ) ;
#1272 = CARTESIAN_POINT ( 'NONE',  ( 35.22836607801179554, 60.69388279670644692, 3.000000000000000000 ) ) ;
#1273 = VECTOR ( 'NONE', #2386, 1000.000000000000000 ) ;
#1274 = VECTOR ( 'NONE', #744, 1000.000000000000000 ) ;
#1275 = FACE_OUTER_BOUND ( 'NONE', #1128, .T. ) ;
#1276 = CARTESIAN_POINT ( 'NONE',  ( 45.22836607801179554, 60.69388279670644692, 10.49999999999999822 ) ) ;
#1277 = VECTOR ( 'NONE', #2176, 1000.000000000000000 ) ;
#1278 = VERTEX_POINT ( 'NONE', #2492 ) ;
#1279 = EDGE_LOOP ( 'NONE', ( #765, #915, #2048, #2056 ) ) ;
#1280 = LINE ( 'NONE', #851, #797 ) ;
#1281 = ADVANCED_FACE ( 'NONE', ( #973 ), #987, .F. ) ;
#1282 = VECTOR ( 'NONE', #1222, 1000.000000000000000 ) ;
#1283 = CARTESIAN_POINT ( 'NONE',  ( 24.32836607801179696, 51.94388279670646114, 1.000000000000000000 ) ) ;
#1284 = ORIENTED_EDGE ( 'NONE', *, *, #2110, .F. ) ;
#1285 = DIRECTION ( 'NONE',  ( -1.476360405086643816E-16, 1.000000000000000000, 0.000000000000000000 ) ) ;
#1286 = DIRECTION ( 'NONE',  ( -1.000000000000000000, 0.000000000000000000, 0.000000000000000000 ) ) ;
#1287 = CARTESIAN_POINT ( 'NONE',  ( 41.10336607801180264, -2.406117203293549167, 3.999999999999999112 ) ) ;
#1288 = CARTESIAN_POINT ( 'NONE',  ( 111.3283660780117827, 62.94388279670645403, 3.000000000000000000 ) ) ;
#1289 = ORIENTED_EDGE ( 'NONE', *, *, #484, .F. ) ;
#1290 = DIRECTION ( 'NONE',  ( -1.000000000000000000, 0.000000000000000000, 0.000000000000000000 ) ) ;
#1291 = EDGE_CURVE ( 'NONE', #2760, #720, #83, .T. ) ;
#1292 = ADVANCED_FACE ( 'NONE', ( #554 ), #942, .F. ) ;
#1293 = ORIENTED_EDGE ( 'NONE', *, *, #1840, .T. ) ;
#1294 = DIRECTION ( 'NONE',  ( 0.000000000000000000, -1.000000000000000000, 0.000000000000000000 ) ) ;
#1295 = VECTOR ( 'NONE', #605, 1000.000000000000000 ) ;
#1296 = ORIENTED_EDGE ( 'NONE', *, *, #2746, .F. ) ;
#1297 = FACE_OUTER_BOUND ( 'NONE', #1617, .T. ) ;
#1298 = DIRECTION ( 'NONE',  ( -1.000000000000000000, 0.000000000000000000, -0.000000000000000000 ) ) ;
#1299 = CARTESIAN_POINT ( 'NONE',  ( 45.22836607801179554, 61.94388279670645403, 7.499999999999999112 ) ) ;
#1300 = CARTESIAN_POINT ( 'NONE',  ( 38.32836607801179696, -4.056117203293553963, 7.200000000000000178 ) ) ;
#1301 = EDGE_LOOP ( 'NONE', ( #1215, #695, #1607, #996 ) ) ;
#1302 = CARTESIAN_POINT ( 'NONE',  ( 16.72836607801176001, 56.94388279670644692, -6.071067811865478170 ) ) ;
#1303 = ORIENTED_EDGE ( 'NONE', *, *, #756, .F. ) ;
#1304 = DIRECTION ( 'NONE',  ( 0.000000000000000000, 0.000000000000000000, -1.000000000000000000 ) ) ;
#1305 = ORIENTED_EDGE ( 'NONE', *, *, #2262, .F. ) ;
#1306 = EDGE_CURVE ( 'NONE', #2765, #553, #1181, .T. ) ;
#1307 = ORIENTED_EDGE ( 'NONE', *, *, #2225, .T. ) ;
#1308 = EDGE_CURVE ( 'NONE', #219, #211, #1172, .T. ) ;
#1309 = VECTOR ( 'NONE', #1059, 1000.000000000000000 ) ;
#1310 = EDGE_CURVE ( 'NONE', #191, #2556, #1925, .T. ) ;
#1311 = DIRECTION ( 'NONE',  ( -0.000000000000000000, 1.000000000000000000, -0.000000000000000000 ) ) ;
#1312 = FACE_BOUND ( 'NONE', #1622, .T. ) ;
#1313 = AXIS2_PLACEMENT_3D ( 'NONE', #1540, #698, #1985 ) ;
#1314 = CARTESIAN_POINT ( 'NONE',  ( 11.57836607801179696, 36.04388279670645545, 1.000000000000000000 ) ) ;
#1315 = DIRECTION ( 'NONE',  ( -0.000000000000000000, -0.000000000000000000, -1.000000000000000000 ) ) ;
#1316 = ORIENTED_EDGE ( 'NONE', *, *, #2352, .T. ) ;
#1317 = FACE_OUTER_BOUND ( 'NONE', #2339, .T. ) ;
#1318 = ORIENTED_EDGE ( 'NONE', *, *, #934, .T. ) ;
#1319 = VECTOR ( 'NONE', #1207, 1000.000000000000000 ) ;
#1320 = CARTESIAN_POINT ( 'NONE',  ( 113.8283660780117970, 60.44388279670645403, 0.000000000000000000 ) ) ;
#1321 = ORIENTED_EDGE ( 'NONE', *, *, #816, .T. ) ;
#1322 = DIRECTION ( 'NONE',  ( 1.000000000000000000, 0.000000000000000000, 0.000000000000000000 ) ) ;
#1323 = ORIENTED_EDGE ( 'NONE', *, *, #1448, .T. ) ;
#1324 = CARTESIAN_POINT ( 'NONE',  ( 21.82836607801179696, 51.94388279670646114, 0.000000000000000000 ) ) ;
#1325 = CARTESIAN_POINT ( 'NONE',  ( 10.82836607801179696, 62.94388279670645403, 3.000000000000000000 ) ) ;
#1326 = EDGE_CURVE ( 'NONE', #1936, #1100, #1042, .T. ) ;
#1327 = EDGE_CURVE ( 'NONE', #556, #1966, #416, .T. ) ;
#1328 = DIRECTION ( 'NONE',  ( 0.000000000000000000, 1.000000000000000000, 0.000000000000000000 ) ) ;
#1329 = EDGE_CURVE ( 'NONE', #737, #2000, #838, .T. ) ;
#1330 = LINE ( 'NONE', #502, #1827 ) ;
#1331 = ORIENTED_EDGE ( 'NONE', *, *, #127, .T. ) ;
#1332 = DIRECTION ( 'NONE',  ( -0.000000000000000000, -0.000000000000000000, -1.000000000000000000 ) ) ;
#1333 = AXIS2_PLACEMENT_3D ( 'NONE', #748, #2077, #2460 ) ;
#1334 = ORIENTED_EDGE ( 'NONE', *, *, #2016, .T. ) ;
#1335 = VECTOR ( 'NONE', #2748, 1000.000000000000000 ) ;
#1336 = FACE_OUTER_BOUND ( 'NONE', #1750, .T. ) ;
#1337 = ORIENTED_EDGE ( 'NONE', *, *, #1326, .F. ) ;
#1338 = CONICAL_SURFACE ( 'NONE', #2286, 2.999999999999985345, 0.7853981633974340681 ) ;
#1339 = ORIENTED_EDGE ( 'NONE', *, *, #661, .F. ) ;
#1340 = DIRECTION ( 'NONE',  ( 0.000000000000000000, -0.000000000000000000, -1.000000000000000000 ) ) ;
#1341 = DIRECTION ( 'NONE',  ( 0.000000000000000000, 1.000000000000000000, 0.000000000000000000 ) ) ;
#1342 = EDGE_CURVE ( 'NONE', #578, #2338, #1269, .T. ) ;
#1343 = LINE ( 'NONE', #472, #1893 ) ;
#1344 = CARTESIAN_POINT ( 'NONE',  ( 113.8283660780117970, 62.94388279670645403, 3.000000000000000000 ) ) ;
#1345 = EDGE_CURVE ( 'NONE', #2291, #753, #180, .T. ) ;
#1346 = VERTEX_POINT ( 'NONE', #1283 ) ;
#1347 = LINE ( 'NONE', #1380, #340 ) ;
#1348 = ORIENTED_EDGE ( 'NONE', *, *, #1890, .F. ) ;
#1349 = DIRECTION ( 'NONE',  ( -0.000000000000000000, 0.3846153846153867462, -0.9230769230769222400 ) ) ;
#1350 = ORIENTED_EDGE ( 'NONE', *, *, #550, .F. ) ;
#1351 = DIRECTION ( 'NONE',  ( 0.000000000000000000, 0.000000000000000000, -1.000000000000000000 ) ) ;
#1352 = ORIENTED_EDGE ( 'NONE', *, *, #446, .T. ) ;
#1353 = LINE ( 'NONE', #965, #917 ) ;
#1354 = CARTESIAN_POINT ( 'NONE',  ( 111.3283660780117827, 60.44388279670645403, 3.000000000000000000 ) ) ;
#1355 = CARTESIAN_POINT ( 'NONE',  ( 41.10336607801180264, -2.406117203293549167, 3.999999999999999112 ) ) ;
#1356 = VERTEX_POINT ( 'NONE', #2143 ) ;
#1357 = CARTESIAN_POINT ( 'NONE',  ( 89.22836607801178843, 57.69388279670645403, 3.000000000000000000 ) ) ;
#1358 = EDGE_CURVE ( 'NONE', #2338, #1715, #854, .T. ) ;
#1359 = AXIS2_PLACEMENT_3D ( 'NONE', #2539, #2527, #393 ) ;
#1360 = ORIENTED_EDGE ( 'NONE', *, *, #2242, .T. ) ;
#1361 = DIRECTION ( 'NONE',  ( 1.000000000000000000, 0.000000000000000000, -0.000000000000000000 ) ) ;
#1362 = EDGE_CURVE ( 'NONE', #1250, #2369, #640, .T. ) ;
#1363 = ORIENTED_EDGE ( 'NONE', *, *, #1595, .T. ) ;
#1364 = ADVANCED_FACE ( 'NONE', ( #2776, #2357 ), #402, .F. ) ;
#1365 = EDGE_CURVE ( 'NONE', #1717, #2477, #878, .T. ) ;
#1366 = CARTESIAN_POINT ( 'NONE',  ( 13.07836607801179696, 36.04388279670645545, 3.000000000000000000 ) ) ;
#1367 = ORIENTED_EDGE ( 'NONE', *, *, #1102, .T. ) ;
#1368 = DIRECTION ( 'NONE',  ( -0.000000000000000000, -0.000000000000000000, 1.000000000000000000 ) ) ;
#1369 = ORIENTED_EDGE ( 'NONE', *, *, #1342, .T. ) ;
#1370 = EDGE_LOOP ( 'NONE', ( #2007, #384 ) ) ;
#1371 = AXIS2_PLACEMENT_3D ( 'NONE', #1111, #1125, #2009 ) ;
#1372 = CARTESIAN_POINT ( 'NONE',  ( 108.7283660780117884, 4.443882796706457583, 3.000000000000000000 ) ) ;
#1373 = PLANE ( 'NONE',  #129 ) ;
#1374 = CARTESIAN_POINT ( 'NONE',  ( 10.82836607801179696, 60.44388279670645403, 3.000000000000000000 ) ) ;
#1375 = CIRCLE ( 'NONE', #1467, 2.500000000000002220 ) ;
#1376 = ORIENTED_EDGE ( 'NONE', *, *, #1140, .F. ) ;
#1377 = CARTESIAN_POINT ( 'NONE',  ( 108.7283660780117884, 4.443882796706457583, 1.000000000000000000 ) ) ;
#1378 = DIRECTION ( 'NONE',  ( -0.000000000000000000, -1.000000000000000000, -0.000000000000000000 ) ) ;
#1379 = ORIENTED_EDGE ( 'NONE', *, *, #986, .T. ) ;
#1380 = CARTESIAN_POINT ( 'NONE',  ( 100.3283660780117970, 51.94388279670646114, 0.5000000000000143219 ) ) ;
#1381 = EDGE_LOOP ( 'NONE', ( #1576, #2518, #2344, #2405 ) ) ;
#1382 = CARTESIAN_POINT ( 'NONE',  ( 38.32836607801179696, 2.897183655605564123, 9.075000000000002842 ) ) ;
#1383 = ORIENTED_EDGE ( 'NONE', *, *, #1859, .T. ) ;
#1384 = AXIS2_PLACEMENT_3D ( 'NONE', #2251, #1632, #1858 ) ;
#1385 = EDGE_CURVE ( 'NONE', #815, #553, #2385, .T. ) ;
#1386 = VERTEX_POINT ( 'NONE', #2158 ) ;
#1387 = EDGE_LOOP ( 'NONE', ( #2626, #1109, #707, #1745 ) ) ;
#1388 = EDGE_CURVE ( 'NONE', #2250, #1051, #2470, .T. ) ;
#1389 = CIRCLE ( 'NONE', #2683, 2.500000000000002220 ) ;
#1390 = CARTESIAN_POINT ( 'NONE',  ( 13.32836607801184137, -6.056117203293561069, 3.000000000000000000 ) ) ;
#1391 = CARTESIAN_POINT ( 'NONE',  ( 12.72836607801179554, 3.943882796706457139, -6.071067811865478170 ) ) ;
#1392 = DIRECTION ( 'NONE',  ( 0.000000000000000000, 1.000000000000000000, 0.000000000000000000 ) ) ;
#1393 = VECTOR ( 'NONE', #1570, 1000.000000000000000 ) ;
#1394 = EDGE_LOOP ( 'NONE', ( #1411, #230, #910, #1808 ) ) ;
#1395 = DIRECTION ( 'NONE',  ( -1.000000000000000000, 0.000000000000000000, 0.000000000000000000 ) ) ;
#1396 = DIRECTION ( 'NONE',  ( -0.000000000000000000, -1.000000000000000000, -0.000000000000000000 ) ) ;
#1397 = VERTEX_POINT ( 'NONE', #10 ) ;
#1398 = LINE ( 'NONE', #2692, #111 ) ;
#1399 = DIRECTION ( 'NONE',  ( 0.000000000000000000, -0.000000000000000000, -1.000000000000000000 ) ) ;
#1400 = EDGE_LOOP ( 'NONE', ( #1305, #1763, #278, #941 ) ) ;
#1401 = ORIENTED_EDGE ( 'NONE', *, *, #1610, .F. ) ;
#1402 = VERTEX_POINT ( 'NONE', #1929 ) ;
#1403 = DIRECTION ( 'NONE',  ( 0.000000000000000000, -1.000000000000000000, 0.000000000000000000 ) ) ;
#1404 = EDGE_CURVE ( 'NONE', #1182, #2654, #2375, .T. ) ;
#1405 = CARTESIAN_POINT ( 'NONE',  ( 41.10336607801180264, 0.1438827967064504887, 10.49999999999999822 ) ) ;
#1406 = ORIENTED_EDGE ( 'NONE', *, *, #1525, .T. ) ;
#1407 = CARTESIAN_POINT ( 'NONE',  ( 21.82836607801180406, 4.943882796706438043, 0.000000000000000000 ) ) ;
#1408 = PLANE ( 'NONE',  #1720 ) ;
#1409 = CARTESIAN_POINT ( 'NONE',  ( 103.7283660780117742, 55.09388279670645971, -6.071067811865478170 ) ) ;
#1410 = CARTESIAN_POINT ( 'NONE',  ( 102.8283660780117970, 51.94388279670646114, 0.000000000000000000 ) ) ;
#1411 = ORIENTED_EDGE ( 'NONE', *, *, #140, .F. ) ;
#1412 = ORIENTED_EDGE ( 'NONE', *, *, #682, .T. ) ;
#1413 = ORIENTED_EDGE ( 'NONE', *, *, #2487, .F. ) ;
#1414 = CARTESIAN_POINT ( 'NONE',  ( 12.72836607801179554, 3.943882796706457139, -6.071067811865478170 ) ) ;
#1415 = PLANE ( 'NONE',  #359 ) ;
#1416 = CONICAL_SURFACE ( 'NONE', #919, 2.999999999999988898, 0.7853981633974366217 ) ;
#1417 = ADVANCED_FACE ( 'NONE', ( #685, #214, #1312, #1954 ), #26, .F. ) ;
#1418 = ORIENTED_EDGE ( 'NONE', *, *, #1178, .F. ) ;
#1419 = CARTESIAN_POINT ( 'NONE',  ( 102.8283660780117970, 7.443882796706436267, 0.5000000000000143219 ) ) ;
#1420 = FACE_OUTER_BOUND ( 'NONE', #1709, .T. ) ;
#1421 = AXIS2_PLACEMENT_3D ( 'NONE', #2384, #671, #1746 ) ;
#1422 = VECTOR ( 'NONE', #2309, 1000.000000000000000 ) ;
#1423 = DIRECTION ( 'NONE',  ( 0.000000000000000000, -1.000000000000000000, -0.000000000000000000 ) ) ;
#1424 = DIRECTION ( 'NONE',  ( 1.000000000000000000, -0.000000000000000000, 0.000000000000000000 ) ) ;
#1425 = ORIENTED_EDGE ( 'NONE', *, *, #1472, .T. ) ;
#1426 = LINE ( 'NONE', #2686, #887 ) ;
#1427 = CARTESIAN_POINT ( 'NONE',  ( 35.22836607801179554, 60.69388279670644692, 3.000000000000000000 ) ) ;
#1428 = VECTOR ( 'NONE', #2511, 1000.000000000000000 ) ;
#1429 = FACE_OUTER_BOUND ( 'NONE', #1301, .T. ) ;
#1430 = CIRCLE ( 'NONE', #212, 1.875000000000003331 ) ;
#1431 = ORIENTED_EDGE ( 'NONE', *, *, #1973, .T. ) ;
#1432 = CARTESIAN_POINT ( 'NONE',  ( 91.32836607801178275, -4.056117203293553963, 10.49999999999999822 ) ) ;
#1433 = EDGE_CURVE ( 'NONE', #2226, #1936, #240, .T. ) ;
#1434 = DIRECTION ( 'NONE',  ( 0.000000000000000000, 0.000000000000000000, -1.000000000000000000 ) ) ;
#1435 = CARTESIAN_POINT ( 'NONE',  ( 43.32836607801179696, 1.793882796706454341, 10.49999999999999822 ) ) ;
#1436 = DIRECTION ( 'NONE',  ( -0.000000000000000000, -1.000000000000000000, -0.000000000000000000 ) ) ;
#1437 = ORIENTED_EDGE ( 'NONE', *, *, #1310, .F. ) ;
#1438 = DIRECTION ( 'NONE',  ( -0.000000000000000000, -1.000000000000000000, -0.000000000000000000 ) ) ;
#1439 = DIRECTION ( 'NONE',  ( 0.000000000000000000, 0.000000000000000000, 1.000000000000000000 ) ) ;
#1440 = CARTESIAN_POINT ( 'NONE',  ( 24.32836607801180406, 4.943882796706438043, 1.000000000000000000 ) ) ;
#1441 = CARTESIAN_POINT ( 'NONE',  ( 13.07836607801179873, 3.943882796706457139, 3.000000000000000000 ) ) ;
#1442 = CARTESIAN_POINT ( 'NONE',  ( 106.3783660780117941, 4.443882796706457583, -6.071067811865478170 ) ) ;
#1443 = DIRECTION ( 'NONE',  ( 9.505334114941409750E-17, -1.000000000000000000, 0.000000000000000000 ) ) ;
#1444 = PRESENTATION_STYLE_ASSIGNMENT (( #1009 ) ) ;
#1445 = EDGE_CURVE ( 'NONE', #1968, #622, #1088, .T. ) ;
#1446 = VECTOR ( 'NONE', #2449, 1000.000000000000000 ) ;
#1447 = DIRECTION ( 'NONE',  ( 0.000000000000000000, 0.000000000000000000, -1.000000000000000000 ) ) ;
#1448 = EDGE_CURVE ( 'NONE', #79, #753, #443, .T. ) ;
#1449 = ORIENTED_EDGE ( 'NONE', *, *, #1308, .T. ) ;
#1450 = VECTOR ( 'NONE', #269, 1000.000000000000000 ) ;
#1451 = EDGE_CURVE ( 'NONE', #235, #2403, #1076, .T. ) ;
#1452 = DIRECTION ( 'NONE',  ( -1.000000000000000000, 0.000000000000000000, 0.000000000000000000 ) ) ;
#1453 = PRODUCT_DEFINITION_SHAPE ( 'NONE', 'NONE',  #1705 ) ;
#1454 = ADVANCED_FACE ( 'NONE', ( #2779 ), #471, .F. ) ;
#1455 = CLOSED_SHELL ( 'NONE', ( #36, #277, #320, #2137, #1417, #1812, #17, #1017, #2549, #697, #2069, #609, #608, #643, #91, #647, #1911, #820, #1292, #2149, #662, #2396, #1688, #13, #1927, #1845, #30, #2171, #221, #1726, #931, #72, #2729, #735, #1074, #1191, #880, #1693, #1710, #2482, #126, #1960, #1281, #2592, #1244, #1454, #2083, #1225, #658, #2529, #1573, #563, #2663, #2580, #2424, #2664, #2565, #530, #1155, #2563, #2500, #1469, #1930, #283, #171, #2118, #50, #2613, #989, #455, #1364, #546, #881, #2448, #668, #1110, #354, #2711, #2219, #2067, #1159, #93, #1237, #1658, #1672, #970, #1458, #131, #858 ) ) ;
#1456 = CARTESIAN_POINT ( 'NONE',  ( 13.07836607801180229, 55.09388279670645261, 1.000000000000000000 ) ) ;
#1457 = CARTESIAN_POINT ( 'NONE',  ( 13.07836607801180229, 55.09388279670645261, 3.000000000000000000 ) ) ;
#1458 = ADVANCED_FACE ( 'NONE', ( #894 ), #1528, .F. ) ;
#1459 = PLANE ( 'NONE',  #2102 ) ;
#1460 = VECTOR ( 'NONE', #1015, 1000.000000000000000 ) ;
#1461 = DIRECTION ( 'NONE',  ( -0.000000000000000000, 1.000000000000000000, -0.000000000000000000 ) ) ;
#1462 = VERTEX_POINT ( 'NONE', #1941 ) ;
#1463 = CYLINDRICAL_SURFACE ( 'NONE', #2571, 2.500000000000002220 ) ;
#1464 = LINE ( 'NONE', #2320, #1877 ) ;
#1465 = CARTESIAN_POINT ( 'NONE',  ( 100.3283660780117970, 7.443882796706436267, 0.000000000000000000 ) ) ;
#1466 = VERTEX_POINT ( 'NONE', #1696 ) ;
#1467 = AXIS2_PLACEMENT_3D ( 'NONE', #2068, #1399, #2238 ) ;
#1468 = FACE_BOUND ( 'NONE', #1948, .T. ) ;
#1469 = ADVANCED_FACE ( 'NONE', ( #1503 ), #2170, .F. ) ;
#1470 = DIRECTION ( 'NONE',  ( 0.000000000000000000, -0.9662349396012462899, 0.2576626505603326622 ) ) ;
#1471 = CARTESIAN_POINT ( 'NONE',  ( 111.3283660780117827, -6.056117203293548634, 3.000000000000000000 ) ) ;
#1472 = EDGE_CURVE ( 'NONE', #338, #1206, #1898, .T. ) ;
#1473 = FACE_OUTER_BOUND ( 'NONE', #134, .T. ) ;
#1474 = VECTOR ( 'NONE', #2105, 1000.000000000000114 ) ;
#1475 = VERTEX_POINT ( 'NONE', #644 ) ;
#1476 = CARTESIAN_POINT ( 'NONE',  ( 45.22836607801179554, 58.69388279670643982, 10.49999999999999822 ) ) ;
#1477 = CARTESIAN_POINT ( 'NONE',  ( 103.7283660780117742, 57.44388279670644692, -6.071067811865478170 ) ) ;
#1478 = VECTOR ( 'NONE', #2247, 1000.000000000000000 ) ;
#1479 = LINE ( 'NONE', #175, #1295 ) ;
#1480 = CARTESIAN_POINT ( 'NONE',  ( 35.55336607801179838, 0.1438827967064498226, 10.49999999999999822 ) ) ;
#1481 = EDGE_LOOP ( 'NONE', ( #1547, #982, #1221, #1805 ) ) ;
#1482 = CIRCLE ( 'NONE', #2725, 2.999999999999985345 ) ;
#1483 = DIRECTION ( 'NONE',  ( -1.000000000000000000, -0.000000000000000000, -0.000000000000000000 ) ) ;
#1484 = CARTESIAN_POINT ( 'NONE',  ( 100.3283660780117970, 51.94388279670646114, 0.5000000000000003331 ) ) ;
#1485 = DIRECTION ( 'NONE',  ( 0.000000000000000000, -0.000000000000000000, 1.000000000000000000 ) ) ;
#1486 = EDGE_CURVE ( 'NONE', #726, #2393, #419, .T. ) ;
#1487 = VERTEX_POINT ( 'NONE', #199 ) ;
#1488 = VECTOR ( 'NONE', #1586, 1000.000000000000000 ) ;
#1489 = DIRECTION ( 'NONE',  ( 0.000000000000000000, -0.2576626505603308859, -0.9662349396012466229 ) ) ;
#1490 = EDGE_CURVE ( 'NONE', #1356, #2431, #1063, .T. ) ;
#1491 = DIRECTION ( 'NONE',  ( 0.000000000000000000, 0.000000000000000000, 1.000000000000000000 ) ) ;
#1492 = EDGE_CURVE ( 'NONE', #338, #815, #2564, .T. ) ;
#1493 = CARTESIAN_POINT ( 'NONE',  ( 79.22836607801178843, 60.69388279670645403, 7.499999999999999112 ) ) ;
#1494 = DIRECTION ( 'NONE',  ( -0.000000000000000000, 0.000000000000000000, -1.000000000000000000 ) ) ;
#1495 = DIRECTION ( 'NONE',  ( -0.000000000000000000, 0.000000000000000000, -1.000000000000000000 ) ) ;
#1496 = VERTEX_POINT ( 'NONE', #90 ) ;
#1497 = ORIENTED_EDGE ( 'NONE', *, *, #951, .T. ) ;
#1498 = DIRECTION ( 'NONE',  ( -0.000000000000000000, -1.000000000000000000, -0.000000000000000000 ) ) ;
#1499 = FACE_OUTER_BOUND ( 'NONE', #2452, .T. ) ;
#1500 = DIRECTION ( 'NONE',  ( -0.000000000000000000, -0.000000000000000000, -1.000000000000000000 ) ) ;
#1501 = VERTEX_POINT ( 'NONE', #1774 ) ;
#1502 = DIRECTION ( 'NONE',  ( -0.000000000000000000, 1.000000000000000000, -0.000000000000000000 ) ) ;
#1503 = FACE_OUTER_BOUND ( 'NONE', #2699, .T. ) ;
#1504 = EDGE_CURVE ( 'NONE', #2291, #1030, #2594, .T. ) ;
#1505 = DIRECTION ( 'NONE',  ( 2.168404344971008375E-16, -1.000000000000000000, 0.000000000000000000 ) ) ;
#1506 = CARTESIAN_POINT ( 'NONE',  ( 35.22836607801179554, 60.69388279670645403, 7.499999999999999112 ) ) ;
#1507 = AXIS2_PLACEMENT_3D ( 'NONE', #780, #1423, #1634 ) ;
#1508 = EDGE_LOOP ( 'NONE', ( #1819, #1753, #2666, #627 ) ) ;
#1509 = CARTESIAN_POINT ( 'NONE',  ( 33.32836607801180406, 1.793882796706452787, 3.000000000000000000 ) ) ;
#1510 = ORIENTED_EDGE ( 'NONE', *, *, #1504, .T. ) ;
#1511 = CARTESIAN_POINT ( 'NONE',  ( 86.32836607801179696, -4.056117203293553963, 9.075000000000002842 ) ) ;
#1512 = EDGE_LOOP ( 'NONE', ( #1153, #923, #2466, #2573 ) ) ;
#1513 = DIRECTION ( 'NONE',  ( 0.000000000000000000, 0.000000000000000000, 1.000000000000000000 ) ) ;
#1514 = DIRECTION ( 'NONE',  ( -0.000000000000000000, 0.000000000000000000, 1.000000000000000000 ) ) ;
#1515 = VECTOR ( 'NONE', #352, 1000.000000000000114 ) ;
#1516 = CARTESIAN_POINT ( 'NONE',  ( 111.3283660780117827, 62.94388279670645403, 0.000000000000000000 ) ) ;
#1517 = EDGE_CURVE ( 'NONE', #509, #2610, #2643, .T. ) ;
#1518 = DIRECTION ( 'NONE',  ( 0.000000000000000000, 0.000000000000000000, -1.000000000000000000 ) ) ;
#1519 = VECTOR ( 'NONE', #2771, 1000.000000000000000 ) ;
#1520 = VERTEX_POINT ( 'NONE', #1405 ) ;
#1521 = CARTESIAN_POINT ( 'NONE',  ( 24.32836607801179696, 52.44388279670647535, 0.000000000000000000 ) ) ;
#1522 = VERTEX_POINT ( 'NONE', #1970 ) ;
#1523 = CARTESIAN_POINT ( 'NONE',  ( 103.7283660780117742, 1.793882796706454341, 1.000000000000000000 ) ) ;
#1524 = AXIS2_PLACEMENT_3D ( 'NONE', #2589, #2551, #2752 ) ;
#1525 = EDGE_CURVE ( 'NONE', #2654, #1182, #2245, .T. ) ;
#1526 = ORIENTED_EDGE ( 'NONE', *, *, #470, .F. ) ;
#1527 = CARTESIAN_POINT ( 'NONE',  ( 89.22836607801178843, 60.69388279670644692, 10.49999999999999822 ) ) ;
#1528 = PLANE ( 'NONE',  #807 ) ;
#1529 = CARTESIAN_POINT ( 'NONE',  ( 11.57836607801179696, 36.04388279670645545, 3.000000000000000000 ) ) ;
#1530 = CARTESIAN_POINT ( 'NONE',  ( 33.32836607801180406, -4.056117203293553963, 10.49999999999999822 ) ) ;
#1531 = EDGE_CURVE ( 'NONE', #1099, #319, #728, .T. ) ;
#1532 = ORIENTED_EDGE ( 'NONE', *, *, #560, .T. ) ;
#1533 = CARTESIAN_POINT ( 'NONE',  ( 108.7283660780117884, 57.44388279670644692, -6.071067811865478170 ) ) ;
#1534 = ORIENTED_EDGE ( 'NONE', *, *, #1362, .F. ) ;
#1535 = PLANE ( 'NONE',  #2321 ) ;
#1536 = ORIENTED_EDGE ( 'NONE', *, *, #2312, .F. ) ;
#1537 = EDGE_CURVE ( 'NONE', #1487, #2393, #2035, .T. ) ;
#1538 = ORIENTED_EDGE ( 'NONE', *, *, #406, .T. ) ;
#1539 = VECTOR ( 'NONE', #626, 1000.000000000000000 ) ;
#1540 = CARTESIAN_POINT ( 'NONE',  ( 86.32836607801179696, -4.056117203293553963, 7.199999999999999289 ) ) ;
#1541 = DIRECTION ( 'NONE',  ( 1.000000000000000000, 0.000000000000000000, 0.000000000000000000 ) ) ;
#1542 = DIRECTION ( 'NONE',  ( 0.000000000000000000, -1.000000000000000000, 0.000000000000000000 ) ) ;
#1543 = VECTOR ( 'NONE', #444, 1000.000000000000000 ) ;
#1544 = LINE ( 'NONE', #42, #1065 ) ;
#1545 = EDGE_LOOP ( 'NONE', ( #5, #1725, #1765, #447 ) ) ;
#1546 = DIRECTION ( 'NONE',  ( -0.000000000000000000, -0.000000000000000000, 1.000000000000000000 ) ) ;
#1547 = ORIENTED_EDGE ( 'NONE', *, *, #1451, .T. ) ;
#1548 = VECTOR ( 'NONE', #678, 1000.000000000000000 ) ;
#1549 = DIRECTION ( 'NONE',  ( -0.000000000000000000, -0.000000000000000000, -1.000000000000000000 ) ) ;
#1550 = VERTEX_POINT ( 'NONE', #1144 ) ;
#1551 = VERTEX_POINT ( 'NONE', #286 ) ;
#1552 = EDGE_CURVE ( 'NONE', #903, #59, #966, .T. ) ;
#1553 = VECTOR ( 'NONE', #2127, 1000.000000000000000 ) ;
#1554 = VECTOR ( 'NONE', #1498, 1000.000000000000000 ) ;
#1555 = CARTESIAN_POINT ( 'NONE',  ( 113.8283660780117970, -3.556117203293545970, 3.000000000000000000 ) ) ;
#1556 = DIRECTION ( 'NONE',  ( -1.000000000000000000, 0.000000000000000000, 0.000000000000000000 ) ) ;
#1557 = EDGE_CURVE ( 'NONE', #2619, #1796, #1022, .T. ) ;
#1558 = DIRECTION ( 'NONE',  ( 0.000000000000000000, 1.000000000000000000, 0.000000000000000000 ) ) ;
#1559 = DIRECTION ( 'NONE',  ( -1.000000000000000000, -7.437185320372163785E-17, -0.000000000000000000 ) ) ;
#1560 = EDGE_CURVE ( 'NONE', #1466, #2640, #1389, .T. ) ;
#1561 = ORIENTED_EDGE ( 'NONE', *, *, #729, .F. ) ;
#1562 = DIRECTION ( 'NONE',  ( -1.000000000000000000, 0.000000000000000000, 0.000000000000000000 ) ) ;
#1563 = VECTOR ( 'NONE', #2023, 1000.000000000000000 ) ;
#1564 = EDGE_LOOP ( 'NONE', ( #490, #177, #2217, #1975 ) ) ;
#1565 = CARTESIAN_POINT ( 'NONE',  ( 91.32836607801178275, -4.056117203293553963, 10.49999999999999822 ) ) ;
#1566 = ORIENTED_EDGE ( 'NONE', *, *, #1249, .F. ) ;
#1567 = AXIS2_PLACEMENT_3D ( 'NONE', #1354, #2212, #1177 ) ;
#1568 = VERTEX_POINT ( 'NONE', #907 ) ;
#1569 = DIRECTION ( 'NONE',  ( -0.000000000000000000, 1.000000000000000000, -0.000000000000000000 ) ) ;
#1570 = DIRECTION ( 'NONE',  ( -0.000000000000000000, -1.000000000000000000, -0.000000000000000000 ) ) ;
#1571 = EDGE_CURVE ( 'NONE', #1568, #310, #2675, .T. ) ;
#1572 = DIRECTION ( 'NONE',  ( 0.000000000000000000, 0.000000000000000000, -1.000000000000000000 ) ) ;
#1573 = ADVANCED_FACE ( 'NONE', ( #323 ), #1373, .F. ) ;
#1574 = ORIENTED_EDGE ( 'NONE', *, *, #112, .T. ) ;
#1575 = CARTESIAN_POINT ( 'NONE',  ( 91.32836607801178275, 1.793882796706448568, 3.000000000000000000 ) ) ;
#1576 = ORIENTED_EDGE ( 'NONE', *, *, #357, .T. ) ;
#1577 = CARTESIAN_POINT ( 'NONE',  ( 41.10336607801180264, -2.406117203293549167, 10.49999999999999822 ) ) ;
#1578 = EDGE_LOOP ( 'NONE', ( #1337, #1846, #2750, #1179 ) ) ;
#1579 = DIRECTION ( 'NONE',  ( -1.000000000000000000, 0.000000000000000000, 0.000000000000000000 ) ) ;
#1580 = VERTEX_POINT ( 'NONE', #760 ) ;
#1581 = CARTESIAN_POINT ( 'NONE',  ( 100.3283660780117970, 49.44388279670646114, 0.000000000000000000 ) ) ;
#1582 = ORIENTED_EDGE ( 'NONE', *, *, #241, .T. ) ;
#1583 = LINE ( 'NONE', #684, #229 ) ;
#1584 = CARTESIAN_POINT ( 'NONE',  ( 111.3283660780117827, -3.556117203293545970, 3.000000000000000000 ) ) ;
#1585 = VECTOR ( 'NONE', #1722, 1000.000000000000000 ) ;
#1586 = DIRECTION ( 'NONE',  ( 0.000000000000000000, 1.000000000000000000, 0.000000000000000000 ) ) ;
#1587 = VERTEX_POINT ( 'NONE', #2229 ) ;
#1588 = ADVANCED_BREP_SHAPE_REPRESENTATION ( 'display_cover', ( #2634, #86 ), #674 ) ;
#1589 = CARTESIAN_POINT ( 'NONE',  ( 24.32836607801179696, 51.94388279670646114, 0.5000000000000003331 ) ) ;
#1590 = EDGE_CURVE ( 'NONE', #1170, #2103, #1831, .T. ) ;
#1591 = EDGE_CURVE ( 'NONE', #1149, #771, #1602, .T. ) ;
#1592 = ORIENTED_EDGE ( 'NONE', *, *, #1229, .T. ) ;
#1593 = ORIENTED_EDGE ( 'NONE', *, *, #1590, .T. ) ;
#1594 = DIRECTION ( 'NONE',  ( 0.000000000000000000, 0.000000000000000000, -1.000000000000000000 ) ) ;
#1595 = EDGE_CURVE ( 'NONE', #2556, #1522, #1131, .T. ) ;
#1596 = VERTEX_POINT ( 'NONE', #699 ) ;
#1597 = LINE ( 'NONE', #114, #1446 ) ;
#1598 = ORIENTED_EDGE ( 'NONE', *, *, #632, .F. ) ;
#1599 = ORIENTED_EDGE ( 'NONE', *, *, #75, .T. ) ;
#1600 = ORIENTED_EDGE ( 'NONE', *, *, #2088, .F. ) ;
#1601 = DIRECTION ( 'NONE',  ( -0.000000000000000000, -0.000000000000000000, 1.000000000000000000 ) ) ;
#1602 = LINE ( 'NONE', #2412, #1117 ) ;
#1603 = CARTESIAN_POINT ( 'NONE',  ( 79.22836607801178843, 58.69388279670643982, 10.49999999999999822 ) ) ;
#1604 = ORIENTED_EDGE ( 'NONE', *, *, #2346, .T. ) ;
#1605 = CARTESIAN_POINT ( 'NONE',  ( 13.07836607801180051, 20.04388279670645190, 1.000000000000000000 ) ) ;
#1606 = LINE ( 'NONE', #433, #2355 ) ;
#1607 = ORIENTED_EDGE ( 'NONE', *, *, #2073, .F. ) ;
#1608 = CARTESIAN_POINT ( 'NONE',  ( 33.32836607801180406, -4.056117203293553963, 10.49999999999999822 ) ) ;
#1609 = EDGE_CURVE ( 'NONE', #1397, #1968, #1986, .T. ) ;
#1610 = EDGE_CURVE ( 'NONE', #1741, #1863, #2330, .T. ) ;
#1611 = DIRECTION ( 'NONE',  ( -1.000000000000000000, -0.000000000000000000, -0.000000000000000000 ) ) ;
#1612 = ORIENTED_EDGE ( 'NONE', *, *, #110, .T. ) ;
#1613 = DIRECTION ( 'NONE',  ( -1.000000000000000000, -0.000000000000000000, -0.000000000000000000 ) ) ;
#1614 = VECTOR ( 'NONE', #1315, 1000.000000000000000 ) ;
#1615 = EDGE_LOOP ( 'NONE', ( #2365, #2297, #742, #372 ) ) ;
#1616 = VECTOR ( 'NONE', #1188, 1000.000000000000000 ) ;
#1617 = EDGE_LOOP ( 'NONE', ( #2561, #1703, #718, #731 ) ) ;
#1618 = VECTOR ( 'NONE', #2423, 1000.000000000000000 ) ;
#1619 = LINE ( 'NONE', #2099, #1113 ) ;
#1620 = CARTESIAN_POINT ( 'NONE',  ( 106.3783660780117941, 55.09388279670645971, 1.000000000000000000 ) ) ;
#1621 = VECTOR ( 'NONE', #713, 1000.000000000000000 ) ;
#1622 = EDGE_LOOP ( 'NONE', ( #222, #34, #551, #1413, #2493, #2253, #249, #435, #1151, #1879, #1148, #710, #790, #2600, #1303, #1235, #299, #1296, #2548, #524, #1651, #2214, #207, #392, #80, #2280, #333, #975, #437, #1755, #2484, #2166 ) ) ;
#1623 = DIRECTION ( 'NONE',  ( 1.000000000000000000, -0.000000000000000000, -0.000000000000000000 ) ) ;
#1624 = ORIENTED_EDGE ( 'NONE', *, *, #700, .T. ) ;
#1625 = CARTESIAN_POINT ( 'NONE',  ( 83.55336607801177706, -2.406117203293549167, 3.999999999999999112 ) ) ;
#1626 = ORIENTED_EDGE ( 'NONE', *, *, #1517, .F. ) ;
#1627 = ORIENTED_EDGE ( 'NONE', *, *, #1329, .F. ) ;
#1628 = EDGE_LOOP ( 'NONE', ( #2598, #2485, #755, #1626 ) ) ;
#1629 = CARTESIAN_POINT ( 'NONE',  ( 79.22836607801178843, 60.69388279670644692, 10.49999999999999822 ) ) ;
#1630 = DIRECTION ( 'NONE',  ( -0.000000000000000000, 0.000000000000000000, 1.000000000000000000 ) ) ;
#1631 = ORIENTED_EDGE ( 'NONE', *, *, #2155, .T. ) ;
#1632 = DIRECTION ( 'NONE',  ( 1.000000000000000000, -0.000000000000000000, 0.000000000000000000 ) ) ;
#1633 = ORIENTED_EDGE ( 'NONE', *, *, #1657, .T. ) ;
#1634 = DIRECTION ( 'NONE',  ( 0.000000000000000000, 0.000000000000000000, -1.000000000000000000 ) ) ;
#1635 = DIRECTION ( 'NONE',  ( -1.000000000000000000, 0.000000000000000000, -0.000000000000000000 ) ) ;
#1636 = ORIENTED_EDGE ( 'NONE', *, *, #386, .T. ) ;
#1637 = AXIS2_PLACEMENT_3D ( 'NONE', #2306, #1699, #1860 ) ;
#1638 = AXIS2_PLACEMENT_3D ( 'NONE', #1816, #1340, #498 ) ;
#1639 = CARTESIAN_POINT ( 'NONE',  ( 83.55336607801177706, 0.1438827967064503222, 3.999999999999999112 ) ) ;
#1640 = DIRECTION ( 'NONE',  ( -1.000000000000000000, 0.000000000000000000, 0.000000000000000000 ) ) ;
#1641 = LINE ( 'NONE', #364, #165 ) ;
#1642 = EDGE_CURVE ( 'NONE', #261, #1386, #304, .T. ) ;
#1643 = VECTOR ( 'NONE', #1332, 1000.000000000000000 ) ;
#1644 = EDGE_CURVE ( 'NONE', #1908, #344, #2472, .T. ) ;
#1645 = ORIENTED_EDGE ( 'NONE', *, *, #1486, .T. ) ;
#1646 = CARTESIAN_POINT ( 'NONE',  ( 35.55336607801179838, -2.406117203293550055, 10.49999999999999822 ) ) ;
#1647 = DIRECTION ( 'NONE',  ( 0.000000000000000000, -0.000000000000000000, -1.000000000000000000 ) ) ;
#1648 = CIRCLE ( 'NONE', #2138, 2.500000000000002220 ) ;
#1649 = CARTESIAN_POINT ( 'NONE',  ( 13.07836607801179873, 3.943882796706457139, 1.000000000000000000 ) ) ;
#1650 = PLANE ( 'NONE',  #201 ) ;
#1651 = ORIENTED_EDGE ( 'NONE', *, *, #373, .F. ) ;
#1652 = DIRECTION ( 'NONE',  ( -1.000000000000000000, 0.000000000000000000, 0.000000000000000000 ) ) ;
#1653 = CARTESIAN_POINT ( 'NONE',  ( 43.32836607801179696, 1.793882796706452121, 3.000000000000000000 ) ) ;
#1654 = CARTESIAN_POINT ( 'NONE',  ( 24.32836607801180406, 4.443882796706451366, 0.000000000000000000 ) ) ;
#1655 = EDGE_CURVE ( 'NONE', #101, #102, #786, .T. ) ;
#1656 = LINE ( 'NONE', #1019, #1156 ) ;
#1657 = EDGE_CURVE ( 'NONE', #2733, #1933, #256, .T. ) ;
#1658 = ADVANCED_FACE ( 'NONE', ( #576 ), #1415, .F. ) ;
#1659 = CARTESIAN_POINT ( 'NONE',  ( 102.8283660780117970, 7.443882796706449589, 0.5000000000000143219 ) ) ;
#1660 = LINE ( 'NONE', #1649, #1680 ) ;
#1661 = FACE_OUTER_BOUND ( 'NONE', #451, .T. ) ;
#1662 = ORIENTED_EDGE ( 'NONE', *, *, #1979, .T. ) ;
#1663 = CARTESIAN_POINT ( 'NONE',  ( 12.72836607801179554, 56.94388279670644692, 3.000000000000000000 ) ) ;
#1664 = LINE ( 'NONE', #2696, #410 ) ;
#1665 = LINE ( 'NONE', #1727, #2705 ) ;
#1666 = DIRECTION ( 'NONE',  ( -0.000000000000000000, -0.000000000000000000, 1.000000000000000000 ) ) ;
#1667 = EDGE_LOOP ( 'NONE', ( #2586, #610, #2568, #768 ) ) ;
#1668 = CARTESIAN_POINT ( 'NONE',  ( 24.32836607801179696, 52.44388279670647535, 0.000000000000000000 ) ) ;
#1669 = VERTEX_POINT ( 'NONE', #800 ) ;
#1670 = DIRECTION ( 'NONE',  ( -1.000000000000000000, -0.000000000000000000, -0.000000000000000000 ) ) ;
#1671 = DIRECTION ( 'NONE',  ( -1.000000000000000000, -1.220948392438631348E-16, -0.000000000000000000 ) ) ;
#1672 = ADVANCED_FACE ( 'NONE', ( #1429 ), #1202, .F. ) ;
#1673 = VECTOR ( 'NONE', #2559, 1000.000000000000000 ) ;
#1674 = FACE_OUTER_BOUND ( 'NONE', #1394, .T. ) ;
#1675 = ORIENTED_EDGE ( 'NONE', *, *, #1859, .F. ) ;
#1676 = EDGE_CURVE ( 'NONE', #2393, #2772, #2522, .T. ) ;
#1677 = CARTESIAN_POINT ( 'NONE',  ( 81.32836607801179696, -4.056117203293553963, 10.49999999999999822 ) ) ;
#1678 = CARTESIAN_POINT ( 'NONE',  ( 81.32836607801179696, -4.056117203293553963, 3.000000000000000000 ) ) ;
#1679 = CARTESIAN_POINT ( 'NONE',  ( 21.82836607801180406, 7.443882796706437155, 0.000000000000000000 ) ) ;
#1680 = VECTOR ( 'NONE', #2504, 1000.000000000000000 ) ;
#1681 = LINE ( 'NONE', #1668, #1474 ) ;
#1682 = DIRECTION ( 'NONE',  ( -1.000000000000000000, 0.000000000000000000, 0.000000000000000000 ) ) ;
#1683 = CARTESIAN_POINT ( 'NONE',  ( 35.22836607801179554, 61.94388279670645403, 7.499999999999999112 ) ) ;
#1684 = LINE ( 'NONE', #1919, #1734 ) ;
#1685 = EDGE_CURVE ( 'NONE', #2022, #670, #1641, .T. ) ;
#1686 = ORIENTED_EDGE ( 'NONE', *, *, #1054, .F. ) ;
#1687 = DIRECTION ( 'NONE',  ( 0.000000000000000000, 0.2576626505603309414, 0.9662349396012466229 ) ) ;
#1688 = ADVANCED_FACE ( 'NONE', ( #2698 ), #1459, .F. ) ;
#1689 = EDGE_CURVE ( 'NONE', #1978, #1715, #1833, .T. ) ;
#1690 = DIRECTION ( 'NONE',  ( 1.000000000000000000, 3.252606517456544363E-16, 0.000000000000000000 ) ) ;
#1691 = CARTESIAN_POINT ( 'NONE',  ( 89.22836607801178843, 61.94388279670645403, 7.499999999999999112 ) ) ;
#1692 = ORIENTED_EDGE ( 'NONE', *, *, #2695, .T. ) ;
#1693 = ADVANCED_FACE ( 'NONE', ( #143 ), #1189, .T. ) ;
#1694 = PLANE ( 'NONE',  #55 ) ;
#1695 = AXIS2_PLACEMENT_3D ( 'NONE', #1230, #566, #778 ) ;
#1696 = CARTESIAN_POINT ( 'NONE',  ( 113.8283660780117970, -3.556117203293545970, 0.000000000000000000 ) ) ;
#1697 = VECTOR ( 'NONE', #2287, 1000.000000000000000 ) ;
#1698 = CARTESIAN_POINT ( 'NONE',  ( 111.3283660780117827, -3.556117203293545970, 3.000000000000000000 ) ) ;
#1699 = DIRECTION ( 'NONE',  ( -0.000000000000000000, -1.000000000000000000, -0.000000000000000000 ) ) ;
#1700 = VECTOR ( 'NONE', #1882, 1000.000000000000000 ) ;
#1701 = LINE ( 'NONE', #2350, #2059 ) ;
#1702 = ORIENTED_EDGE ( 'NONE', *, *, #1977, .T. ) ;
#1703 = ORIENTED_EDGE ( 'NONE', *, *, #1492, .T. ) ;
#1704 = PRODUCT_DEFINITION_FORMATION_WITH_SPECIFIED_SOURCE ( 'ANY', '', #2248, .NOT_KNOWN. ) ;
#1705 = PRODUCT_DEFINITION ( 'UNKNOWN', '', #1704, #990 ) ;
#1706 = CARTESIAN_POINT ( 'NONE',  ( 103.7283660780117742, -0.5561172032935430831, 3.000000000000000000 ) ) ;
#1707 = FACE_OUTER_BOUND ( 'NONE', #1578, .T. ) ;
#1708 = CARTESIAN_POINT ( 'NONE',  ( 33.32836607801180406, -4.056117203293553963, 3.000000000000000000 ) ) ;
#1709 = EDGE_LOOP ( 'NONE', ( #2694, #962, #1798, #99 ) ) ;
#1710 = ADVANCED_FACE ( 'NONE', ( #1855 ), #1338, .F. ) ;
#1711 = CARTESIAN_POINT ( 'NONE',  ( 113.8283660780117970, 62.94388279670645403, 3.000000000000000000 ) ) ;
#1712 = DIRECTION ( 'NONE',  ( -1.000000000000000000, 0.000000000000000000, 0.000000000000000000 ) ) ;
#1713 = LINE ( 'NONE', #2513, #2308 ) ;
#1714 = DIRECTION ( 'NONE',  ( 1.000000000000000000, -7.437185320372163785E-17, 0.000000000000000000 ) ) ;
#1715 = VERTEX_POINT ( 'NONE', #2061 ) ;
#1716 = DIRECTION ( 'NONE',  ( 1.476360405086643816E-16, -1.000000000000000000, 0.000000000000000000 ) ) ;
#1717 = VERTEX_POINT ( 'NONE', #1441 ) ;
#1718 = CARTESIAN_POINT ( 'NONE',  ( 16.72836607801176001, 1.793882796706454341, 1.000000000000000000 ) ) ;
#1719 = ORIENTED_EDGE ( 'NONE', *, *, #1049, .T. ) ;
#1720 = AXIS2_PLACEMENT_3D ( 'NONE', #96, #2647, #1647 ) ;
#1721 = DIRECTION ( 'NONE',  ( -2.011273595335427586E-16, 1.000000000000000000, 0.000000000000000000 ) ) ;
#1722 = DIRECTION ( 'NONE',  ( 2.011273595335427833E-16, -1.000000000000000000, 0.000000000000000000 ) ) ;
#1723 = DIRECTION ( 'NONE',  ( -0.000000000000000000, -0.000000000000000000, -1.000000000000000000 ) ) ;
#1724 = CARTESIAN_POINT ( 'NONE',  ( 35.22836607801179554, 58.69388279670644692, 10.49999999999999822 ) ) ;
#1725 = ORIENTED_EDGE ( 'NONE', *, *, #2298, .F. ) ;
#1726 = ADVANCED_FACE ( 'NONE', ( #2046 ), #2316, .F. ) ;
#1727 = CARTESIAN_POINT ( 'NONE',  ( 21.32836607801181827, 7.443882796706449589, 0.000000000000000000 ) ) ;
#1728 = ORIENTED_EDGE ( 'NONE', *, *, #2135, .F. ) ;
#1729 = DIRECTION ( 'NONE',  ( -0.000000000000000000, -0.000000000000000000, 1.000000000000000000 ) ) ;
#1730 = AXIS2_PLACEMENT_3D ( 'NONE', #680, #1304, #464 ) ;
#1731 = VERTEX_POINT ( 'NONE', #2708 ) ;
#1732 = CARTESIAN_POINT ( 'NONE',  ( 33.32836607801179696, 1.793882796706454341, 10.49999999999999822 ) ) ;
#1733 = CARTESIAN_POINT ( 'NONE',  ( 10.82836607801179696, 62.94388279670645403, 0.000000000000000000 ) ) ;
#1734 = VECTOR ( 'NONE', #228, 1000.000000000000000 ) ;
#1735 = LINE ( 'NONE', #1314, #1988 ) ;
#1736 = LINE ( 'NONE', #2322, #1161 ) ;
#1737 = EDGE_CURVE ( 'NONE', #1402, #663, #336, .T. ) ;
#1738 = AXIS2_PLACEMENT_3D ( 'NONE', #1003, #1228, #812 ) ;
#1739 = ORIENTED_EDGE ( 'NONE', *, *, #1999, .F. ) ;
#1740 = LINE ( 'NONE', #1095, #607 ) ;
#1741 = VERTEX_POINT ( 'NONE', #2086 ) ;
#1742 = PLANE ( 'NONE',  #1730 ) ;
#1743 = ORIENTED_EDGE ( 'NONE', *, *, #452, .F. ) ;
#1744 = VECTOR ( 'NONE', #2372, 1000.000000000000000 ) ;
#1745 = ORIENTED_EDGE ( 'NONE', *, *, #1243, .T. ) ;
#1746 = DIRECTION ( 'NONE',  ( 0.000000000000000000, -0.000000000000000000, 1.000000000000000000 ) ) ;
#1747 = CARTESIAN_POINT ( 'NONE',  ( 43.32836607801179696, -4.056117203293553963, 3.000000000000000000 ) ) ;
#1748 = LINE ( 'NONE', #1943, #2397 ) ;
#1749 = LINE ( 'NONE', #1377, #531 ) ;
#1750 = EDGE_LOOP ( 'NONE', ( #1896, #325, #1938, #16 ) ) ;
#1751 = PLANE ( 'NONE',  #2133 ) ;
#1752 = EDGE_CURVE ( 'NONE', #1030, #1580, #156, .T. ) ;
#1753 = ORIENTED_EDGE ( 'NONE', *, *, #770, .F. ) ;
#1754 = CARTESIAN_POINT ( 'NONE',  ( 12.72836607801179554, 56.94388279670644692, -6.071067811865478170 ) ) ;
#1755 = ORIENTED_EDGE ( 'NONE', *, *, #2242, .F. ) ;
#1756 = ORIENTED_EDGE ( 'NONE', *, *, #773, .F. ) ;
#1757 = DIRECTION ( 'NONE',  ( -0.000000000000000000, 1.000000000000000000, 0.000000000000000000 ) ) ;
#1758 = CARTESIAN_POINT ( 'NONE',  ( 102.8283660780117970, 49.44388279670646114, 0.000000000000000000 ) ) ;
#1759 = LINE ( 'NONE', #908, #2126 ) ;
#1760 = VECTOR ( 'NONE', #12, 1000.000000000000000 ) ;
#1761 = VECTOR ( 'NONE', #1601, 1000.000000000000000 ) ;
#1762 = CARTESIAN_POINT ( 'NONE',  ( 106.3783660780117941, 52.44388279670644692, 1.000000000000000000 ) ) ;
#1763 = ORIENTED_EDGE ( 'NONE', *, *, #1433, .F. ) ;
#1764 = DIRECTION ( 'NONE',  ( -0.000000000000000000, 0.000000000000000000, -1.000000000000000000 ) ) ;
#1765 = ORIENTED_EDGE ( 'NONE', *, *, #1737, .F. ) ;
#1766 = VECTOR ( 'NONE', #2100, 1000.000000000000000 ) ;
#1767 = DIRECTION ( 'NONE',  ( -0.000000000000000000, -0.000000000000000000, 1.000000000000000000 ) ) ;
#1768 = EDGE_LOOP ( 'NONE', ( #1379, #1811, #1815, #1318 ) ) ;
#1769 = EDGE_CURVE ( 'NONE', #2640, #2619, #350, .T. ) ;
#1770 = EDGE_LOOP ( 'NONE', ( #1363, #876, #116, #2667 ) ) ;
#1771 = EDGE_CURVE ( 'NONE', #556, #1146, #133, .T. ) ;
#1772 = EDGE_CURVE ( 'NONE', #1926, #2244, #1868, .T. ) ;
#1773 = CARTESIAN_POINT ( 'NONE',  ( 38.32836607801179696, -2.406117203293549611, 7.200000000000000178 ) ) ;
#1774 = CARTESIAN_POINT ( 'NONE',  ( 11.57836607801180051, 20.04388279670645190, 1.000000000000000000 ) ) ;
#1775 = EDGE_CURVE ( 'NONE', #1596, #1587, #1093, .T. ) ;
#1776 = CARTESIAN_POINT ( 'NONE',  ( 21.32836607801181827, 7.443882796706437155, 0.000000000000000000 ) ) ;
#1777 = ORIENTED_EDGE ( 'NONE', *, *, #1239, .F. ) ;
#1778 = DIRECTION ( 'NONE',  ( 0.000000000000000000, 1.000000000000000000, 0.000000000000000000 ) ) ;
#1779 = ORIENTED_EDGE ( 'NONE', *, *, #257, .F. ) ;
#1780 = LINE ( 'NONE', #706, #1643 ) ;
#1781 = ORIENTED_EDGE ( 'NONE', *, *, #560, .F. ) ;
#1782 = LINE ( 'NONE', #2669, #1105 ) ;
#1783 = ORIENTED_EDGE ( 'NONE', *, *, #2742, .T. ) ;
#1784 = ORIENTED_EDGE ( 'NONE', *, *, #71, .T. ) ;
#1785 = CARTESIAN_POINT ( 'NONE',  ( 33.32836607801180406, -4.056117203293553963, 3.000000000000000000 ) ) ;
#1786 = CARTESIAN_POINT ( 'NONE',  ( 10.82836607801179696, 60.44388279670645403, 3.000000000000000000 ) ) ;
#1787 = EDGE_CURVE ( 'NONE', #1386, #1346, #1869, .T. ) ;
#1788 = CARTESIAN_POINT ( 'NONE',  ( 102.8283660780117970, 49.44388279670646114, 0.5000000000000003331 ) ) ;
#1789 = ORIENTED_EDGE ( 'NONE', *, *, #1775, .T. ) ;
#1790 = CARTESIAN_POINT ( 'NONE',  ( 0.000000000000000000, 0.000000000000000000, 10.49999999999999822 ) ) ;
#1791 = ORIENTED_EDGE ( 'NONE', *, *, #2329, .T. ) ;
#1792 = EDGE_LOOP ( 'NONE', ( #1599, #2447, #1781, #1352 ) ) ;
#1793 = LINE ( 'NONE', #926, #1277 ) ;
#1794 = EDGE_LOOP ( 'NONE', ( #217, #1079, #542, #1719, #272, #806, #2621, #709, #1192, #1412, #821, #2367, #1799, #87, #1574, #1137, #355, #1789, #2141, #1204, #440, #1255, #315, #1662 ) ) ;
#1795 = LINE ( 'NONE', #523, #2303 ) ;
#1796 = VERTEX_POINT ( 'NONE', #1078 ) ;
#1797 = CARTESIAN_POINT ( 'NONE',  ( 35.22836607801179554, 57.69388279670645403, 3.000000000000000000 ) ) ;
#1798 = ORIENTED_EDGE ( 'NONE', *, *, #189, .F. ) ;
#1799 = ORIENTED_EDGE ( 'NONE', *, *, #189, .T. ) ;
#1800 = CARTESIAN_POINT ( 'NONE',  ( 16.72836607801176001, 56.94388279670644692, 3.000000000000000000 ) ) ;
#1801 = DIRECTION ( 'NONE',  ( -0.000000000000000000, 0.000000000000000000, 1.000000000000000000 ) ) ;
#1802 = VECTOR ( 'NONE', #2547, 1000.000000000000000 ) ;
#1803 = CARTESIAN_POINT ( 'NONE',  ( 16.72836607801176001, 55.09388279670645971, -6.071067811865478170 ) ) ;
#1804 = VECTOR ( 'NONE', #2436, 1000.000000000000000 ) ;
#1805 = ORIENTED_EDGE ( 'NONE', *, *, #2668, .T. ) ;
#1806 = CARTESIAN_POINT ( 'NONE',  ( 108.7283660780117884, 4.443882796706457583, 1.000000000000000000 ) ) ;
#1807 = ORIENTED_EDGE ( 'NONE', *, *, #1211, .T. ) ;
#1808 = ORIENTED_EDGE ( 'NONE', *, *, #2530, .F. ) ;
#1809 =( NAMED_UNIT ( * ) PLANE_ANGLE_UNIT ( ) SI_UNIT ( $, .RADIAN. ) );
#1810 = DIRECTION ( 'NONE',  ( 0.000000000000000000, 0.000000000000000000, 1.000000000000000000 ) ) ;
#1811 = ORIENTED_EDGE ( 'NONE', *, *, #1999, .T. ) ;
#1812 = ADVANCED_FACE ( 'NONE', ( #2337 ), #434, .F. ) ;
#1813 = ORIENTED_EDGE ( 'NONE', *, *, #1890, .T. ) ;
#1814 = VECTOR ( 'NONE', #2496, 1000.000000000000000 ) ;
#1815 = ORIENTED_EDGE ( 'NONE', *, *, #2024, .T. ) ;
#1816 = CARTESIAN_POINT ( 'NONE',  ( 13.32836607801179873, 60.44388279670645403, 0.000000000000000000 ) ) ;
#1817 = CARTESIAN_POINT ( 'NONE',  ( 38.32836607801179696, 2.897183655605564123, 5.324999999999996625 ) ) ;
#1818 = CONICAL_SURFACE ( 'NONE', #244, 2.999999999999988898, 0.7853981633974366217 ) ;
#1819 = ORIENTED_EDGE ( 'NONE', *, *, #508, .T. ) ;
#1820 = LINE ( 'NONE', #2677, #845 ) ;
#1821 = FACE_OUTER_BOUND ( 'NONE', #957, .T. ) ;
#1822 = DIRECTION ( 'NONE',  ( 1.000000000000000000, 0.000000000000000000, -0.000000000000000000 ) ) ;
#1823 = EDGE_CURVE ( 'NONE', #365, #1908, #1701, .T. ) ;
#1824 = EDGE_CURVE ( 'NONE', #1475, #1356, #871, .T. ) ;
#1825 = DIRECTION ( 'NONE',  ( 0.000000000000000000, 0.000000000000000000, -1.000000000000000000 ) ) ;
#1826 = VERTEX_POINT ( 'NONE', #1050 ) ;
#1827 = VECTOR ( 'NONE', #1122, 1000.000000000000000 ) ;
#1828 = EDGE_LOOP ( 'NONE', ( #37, #2777, #2435, #2277 ) ) ;
#1829 = VECTOR ( 'NONE', #1200, 1000.000000000000000 ) ;
#1830 = ORIENTED_EDGE ( 'NONE', *, *, #1769, .T. ) ;
#1831 = CIRCLE ( 'NONE', #399, 1.875000000000003331 ) ;
#1832 = CARTESIAN_POINT ( 'NONE',  ( 13.32836607801179873, 60.44388279670645403, 3.000000000000000000 ) ) ;
#1833 = LINE ( 'NONE', #1214, #669 ) ;
#1834 = ORIENTED_EDGE ( 'NONE', *, *, #1404, .T. ) ;
#1835 = DIRECTION ( 'NONE',  ( -0.000000000000000000, -0.000000000000000000, 1.000000000000000000 ) ) ;
#1836 = CARTESIAN_POINT ( 'NONE',  ( 13.32836607801181295, -3.556117203293561069, 3.000000000000000000 ) ) ;
#1837 = CARTESIAN_POINT ( 'NONE',  ( 108.7283660780117884, 4.443882796706457583, -6.071067811865478170 ) ) ;
#1838 = DIRECTION ( 'NONE',  ( 0.000000000000000000, -0.000000000000000000, -1.000000000000000000 ) ) ;
#1839 = CIRCLE ( 'NONE', #2199, 1.875000000000003331 ) ;
#1840 = EDGE_CURVE ( 'NONE', #1462, #1146, #850, .T. ) ;
#1841 = ORIENTED_EDGE ( 'NONE', *, *, #2295, .T. ) ;
#1842 = CARTESIAN_POINT ( 'NONE',  ( 13.07836607801180051, 20.04388279670645190, 1.000000000000000000 ) ) ;
#1843 = CARTESIAN_POINT ( 'NONE',  ( 13.07836607801179696, 36.04388279670645545, 1.000000000000000000 ) ) ;
#1844 = DIRECTION ( 'NONE',  ( 0.000000000000000000, 0.000000000000000000, -1.000000000000000000 ) ) ;
#1845 = ADVANCED_FACE ( 'NONE', ( #2148 ), #1036, .T. ) ;
#1846 = ORIENTED_EDGE ( 'NONE', *, *, #2262, .T. ) ;
#1847 = CARTESIAN_POINT ( 'NONE',  ( 12.72836607801179554, 56.94388279670644692, 3.000000000000000000 ) ) ;
#1848 = ORIENTED_EDGE ( 'NONE', *, *, #1223, .F. ) ;
#1849 = DIRECTION ( 'NONE',  ( -1.186135710069610038E-15, 1.000000000000000000, 0.000000000000000000 ) ) ;
#1850 = VECTOR ( 'NONE', #1232, 1000.000000000000000 ) ;
#1851 = FACE_OUTER_BOUND ( 'NONE', #2005, .T. ) ;
#1852 = VERTEX_POINT ( 'NONE', #883 ) ;
#1853 = LINE ( 'NONE', #1456, #1616 ) ;
#1854 = CARTESIAN_POINT ( 'NONE',  ( 13.07836607801180229, 55.09388279670645261, 1.000000000000000000 ) ) ;
#1855 = FACE_OUTER_BOUND ( 'NONE', #1545, .T. ) ;
#1856 = VECTOR ( 'NONE', #1290, 1000.000000000000000 ) ;
#1857 = EDGE_CURVE ( 'NONE', #2772, #861, #1066, .T. ) ;
#1858 = DIRECTION ( 'NONE',  ( 0.000000000000000000, 0.000000000000000000, -1.000000000000000000 ) ) ;
#1859 = EDGE_CURVE ( 'NONE', #720, #319, #1430, .T. ) ;
#1860 = DIRECTION ( 'NONE',  ( 0.000000000000000000, 0.000000000000000000, -1.000000000000000000 ) ) ;
#1861 = DIRECTION ( 'NONE',  ( 1.000000000000000000, 0.000000000000000000, 0.000000000000000000 ) ) ;
#1862 = CARTESIAN_POINT ( 'NONE',  ( 93.10940975207680026, 58.69388279670644692, 6.749999999999999112 ) ) ;
#1863 = VERTEX_POINT ( 'NONE', #1288 ) ;
#1864 = LINE ( 'NONE', #374, #1282 ) ;
#1865 = VECTOR ( 'NONE', #1835, 1000.000000000000000 ) ;
#1866 = CARTESIAN_POINT ( 'NONE',  ( 102.8283660780117970, 49.44388279670646114, 0.5000000000000003331 ) ) ;
#1867 = DIRECTION ( 'NONE',  ( 0.000000000000000000, 1.000000000000000000, 0.000000000000000000 ) ) ;
#1868 = LINE ( 'NONE', #2723, #2719 ) ;
#1869 = CIRCLE ( 'NONE', #486, 2.499999999999998668 ) ;
#1870 = EDGE_CURVE ( 'NONE', #918, #506, #1736, .T. ) ;
#1871 = DIRECTION ( 'NONE',  ( -1.000000000000000000, 0.000000000000000000, 0.000000000000000000 ) ) ;
#1872 = EDGE_LOOP ( 'NONE', ( #43, #2270, #2090, #1538 ) ) ;
#1873 = AXIS2_PLACEMENT_3D ( 'NONE', #2399, #1712, #1491 ) ;
#1874 = CARTESIAN_POINT ( 'NONE',  ( 83.55336607801177706, 0.1438827967064503222, 10.49999999999999822 ) ) ;
#1875 = EDGE_CURVE ( 'NONE', #2226, #2014, #831, .T. ) ;
#1876 = DIRECTION ( 'NONE',  ( -1.000000000000000000, 0.000000000000000000, 0.000000000000000000 ) ) ;
#1877 = VECTOR ( 'NONE', #1888, 1000.000000000000000 ) ;
#1878 = CARTESIAN_POINT ( 'NONE',  ( 100.3283660780117970, 4.443882796706451366, 0.000000000000000000 ) ) ;
#1879 = ORIENTED_EDGE ( 'NONE', *, *, #1211, .F. ) ;
#1880 = FACE_OUTER_BOUND ( 'NONE', #679, .T. ) ;
#1881 = FACE_OUTER_BOUND ( 'NONE', #939, .T. ) ;
#1882 = DIRECTION ( 'NONE',  ( -0.000000000000000000, -0.000000000000000000, -1.000000000000000000 ) ) ;
#1883 = ORIENTED_EDGE ( 'NONE', *, *, #260, .F. ) ;
#1884 = CARTESIAN_POINT ( 'NONE',  ( 33.32836607801179696, 1.793882796706454341, 10.49999999999999822 ) ) ;
#1885 = EDGE_CURVE ( 'NONE', #1551, #1487, #2593, .T. ) ;
#1886 = VERTEX_POINT ( 'NONE', #445 ) ;
#1887 = CARTESIAN_POINT ( 'NONE',  ( 91.32836607801178275, -4.056117203293553963, 3.000000000000000000 ) ) ;
#1888 = DIRECTION ( 'NONE',  ( -0.000000000000000000, -0.000000000000000000, 1.000000000000000000 ) ) ;
#1889 = DIRECTION ( 'NONE',  ( -1.000000000000000000, 6.938893903907227392E-16, 0.000000000000000000 ) ) ;
#1890 = EDGE_CURVE ( 'NONE', #892, #637, #978, .T. ) ;
#1891 = ORIENTED_EDGE ( 'NONE', *, *, #170, .F. ) ;
#1892 = DIRECTION ( 'NONE',  ( 9.505334114941409750E-17, -1.000000000000000000, 0.000000000000000000 ) ) ;
#1893 = VECTOR ( 'NONE', #1958, 1000.000000000000000 ) ;
#1894 = DIRECTION ( 'NONE',  ( -0.000000000000000000, -0.000000000000000000, -1.000000000000000000 ) ) ;
#1895 = CARTESIAN_POINT ( 'NONE',  ( 21.82836607801180406, 4.943882796706438043, 1.000000000000000000 ) ) ;
#1896 = ORIENTED_EDGE ( 'NONE', *, *, #335, .T. ) ;
#1897 = DIRECTION ( 'NONE',  ( -1.000000000000000000, 0.000000000000000000, 0.000000000000000000 ) ) ;
#1898 = LINE ( 'NONE', #1325, #1165 ) ;
#1899 = CIRCLE ( 'NONE', #238, 2.499999999999998668 ) ;
#1900 = LINE ( 'NONE', #2332, #886 ) ;
#1901 = CARTESIAN_POINT ( 'NONE',  ( 16.72836607801176001, 1.793882796706454341, 3.000000000000000000 ) ) ;
#1902 = CARTESIAN_POINT ( 'NONE',  ( 43.32836607801179696, -4.056117203293553963, 10.49999999999999822 ) ) ;
#1903 = CARTESIAN_POINT ( 'NONE',  ( 35.55336607801179838, -2.406117203293550055, 3.999999999999999112 ) ) ;
#1904 = VECTOR ( 'NONE', #2331, 1000.000000000000000 ) ;
#1905 = VECTOR ( 'NONE', #1438, 1000.000000000000000 ) ;
#1906 = EDGE_LOOP ( 'NONE', ( #1081, #2601, #779, #2026 ) ) ;
#1907 = EDGE_CURVE ( 'NONE', #2179, #1978, #1684, .T. ) ;
#1908 = VERTEX_POINT ( 'NONE', #188 ) ;
#1909 = PLANE ( 'NONE',  #2625 ) ;
#1910 = CARTESIAN_POINT ( 'NONE',  ( 83.55336607801177706, 0.1438827967064503222, 3.999999999999999112 ) ) ;
#1911 = ADVANCED_FACE ( 'NONE', ( #2541 ), #620, .F. ) ;
#1912 = DIRECTION ( 'NONE',  ( 1.000000000000000000, 0.000000000000000000, 0.000000000000000000 ) ) ;
#1913 = VERTEX_POINT ( 'NONE', #1480 ) ;
#1914 = DIRECTION ( 'NONE',  ( 1.000000000000000000, 0.000000000000000000, 0.000000000000000000 ) ) ;
#1915 = AXIS2_PLACEMENT_3D ( 'NONE', #1790, #2174, #1108 ) ;
#1916 = DIRECTION ( 'NONE',  ( 0.000000000000000000, 0.000000000000000000, -1.000000000000000000 ) ) ;
#1917 = CARTESIAN_POINT ( 'NONE',  ( 0.000000000000000000, 0.000000000000000000, 3.999999999999999112 ) ) ;
#1918 = AXIS2_PLACEMENT_3D ( 'NONE', #2302, #1242, #2101 ) ;
#1919 = CARTESIAN_POINT ( 'NONE',  ( 33.32836607801180406, -4.056117203293553963, 10.49999999999999822 ) ) ;
#1920 = EDGE_LOOP ( 'NONE', ( #2124, #1841, #251, #1532 ) ) ;
#1921 = CARTESIAN_POINT ( 'NONE',  ( 24.32836607801180406, 7.443882796706437155, 0.5000000000000004441 ) ) ;
#1922 = ORIENTED_EDGE ( 'NONE', *, *, #1060, .F. ) ;
#1923 = LINE ( 'NONE', #2324, #573 ) ;
#1924 = EDGE_CURVE ( 'NONE', #796, #2022, #1264, .T. ) ;
#1925 = LINE ( 'NONE', #2764, #1539 ) ;
#1926 = VERTEX_POINT ( 'NONE', #1903 ) ;
#1927 = ADVANCED_FACE ( 'NONE', ( #648 ), #2618, .F. ) ;
#1928 = FACE_OUTER_BOUND ( 'NONE', #1381, .T. ) ;
#1929 = CARTESIAN_POINT ( 'NONE',  ( 24.32836607801180406, 4.443882796706451366, 0.000000000000000000 ) ) ;
#1930 = ADVANCED_FACE ( 'NONE', ( #2215 ), #704, .T. ) ;
#1931 = CARTESIAN_POINT ( 'NONE',  ( 103.7283660780117742, -0.5561172032935430831, 3.000000000000000000 ) ) ;
#1932 = DIRECTION ( 'NONE',  ( -0.000000000000000000, 0.000000000000000000, 1.000000000000000000 ) ) ;
#1933 = VERTEX_POINT ( 'NONE', #2646 ) ;
#1934 = CARTESIAN_POINT ( 'NONE',  ( 79.22836607801178843, 58.69388279670643982, 10.49999999999999822 ) ) ;
#1935 = CIRCLE ( 'NONE', #375, 2.500000000000002220 ) ;
#1936 = VERTEX_POINT ( 'NONE', #2633 ) ;
#1937 = CARTESIAN_POINT ( 'NONE',  ( 21.82836607801179696, 51.94388279670646114, 1.000000000000000000 ) ) ;
#1938 = ORIENTED_EDGE ( 'NONE', *, *, #1772, .F. ) ;
#1939 = VECTOR ( 'NONE', #1008, 1000.000000000000000 ) ;
#1940 = CARTESIAN_POINT ( 'NONE',  ( 108.7283660780117884, 57.44388279670644692, -6.071067811865478170 ) ) ;
#1941 = CARTESIAN_POINT ( 'NONE',  ( 103.3283660780117827, 49.44388279670646114, 0.000000000000000000 ) ) ;
#1942 = EDGE_CURVE ( 'NONE', #1863, #2383, #2387, .T. ) ;
#1943 = CARTESIAN_POINT ( 'NONE',  ( 108.7283660780117884, 52.44388279670644692, -6.071067811865478170 ) ) ;
#1944 = EDGE_CURVE ( 'NONE', #1496, #1135, #1330, .T. ) ;
#1945 = CARTESIAN_POINT ( 'NONE',  ( 21.82836607801179696, 51.94388279670646114, 0.000000000000000000 ) ) ;
#1946 = ORIENTED_EDGE ( 'NONE', *, *, #452, .T. ) ;
#1947 = CARTESIAN_POINT ( 'NONE',  ( 11.57836607801179696, 36.04388279670645545, 1.000000000000000000 ) ) ;
#1948 = EDGE_LOOP ( 'NONE', ( #2691, #1675 ) ) ;
#1949 = FACE_OUTER_BOUND ( 'NONE', #19, .T. ) ;
#1950 = EDGE_LOOP ( 'NONE', ( #1431, #2685, #2418, #237 ) ) ;
#1951 = VECTOR ( 'NONE', #2207, 999.9999999999998863 ) ;
#1952 = VERTEX_POINT ( 'NONE', #732 ) ;
#1953 = CARTESIAN_POINT ( 'NONE',  ( 103.3283660780117827, 7.443882796706436267, 0.000000000000000000 ) ) ;
#1954 = FACE_BOUND ( 'NONE', #1265, .T. ) ;
#1955 = VECTOR ( 'NONE', #2712, 1000.000000000000000 ) ;
#1956 = EDGE_CURVE ( 'NONE', #2235, #726, #1959, .T. ) ;
#1957 = VECTOR ( 'NONE', #1226, 1000.000000000000000 ) ;
#1958 = DIRECTION ( 'NONE',  ( -0.000000000000000000, -1.000000000000000000, -0.000000000000000000 ) ) ;
#1959 = LINE ( 'NONE', #60, #1614 ) ;
#1960 = ADVANCED_FACE ( 'NONE', ( #1974 ), #719, .F. ) ;
#1961 = AXIS2_PLACEMENT_3D ( 'NONE', #1584, #949, #2259 ) ;
#1962 = VERTEX_POINT ( 'NONE', #1589 ) ;
#1963 = LINE ( 'NONE', #2596, #58 ) ;
#1964 = VERTEX_POINT ( 'NONE', #243 ) ;
#1965 = DIRECTION ( 'NONE',  ( -1.000000000000000000, 0.000000000000000000, 0.000000000000000000 ) ) ;
#1966 = VERTEX_POINT ( 'NONE', #259 ) ;
#1967 = AXIS2_PLACEMENT_3D ( 'NONE', #657, #672, #841 ) ;
#1968 = VERTEX_POINT ( 'NONE', #1762 ) ;
#1969 = CARTESIAN_POINT ( 'NONE',  ( 106.3783660780117941, 52.44388279670644692, -6.071067811865478170 ) ) ;
#1970 = CARTESIAN_POINT ( 'NONE',  ( 108.7283660780117884, -0.5561172032935430831, 3.000000000000000000 ) ) ;
#1971 = AXIS2_PLACEMENT_3D ( 'NONE', #258, #2439, #1572 ) ;
#1972 = CARTESIAN_POINT ( 'NONE',  ( 111.3283660780117827, 60.44388279670645403, 3.000000000000000000 ) ) ;
#1973 = EDGE_CURVE ( 'NONE', #360, #120, #473, .T. ) ;
#1974 = FACE_OUTER_BOUND ( 'NONE', #1061, .T. ) ;
#1975 = ORIENTED_EDGE ( 'NONE', *, *, #1060, .T. ) ;
#1976 = DIRECTION ( 'NONE',  ( -0.000000000000000000, -0.000000000000000000, -1.000000000000000000 ) ) ;
#1977 = EDGE_CURVE ( 'NONE', #1278, #737, #29, .T. ) ;
#1978 = VERTEX_POINT ( 'NONE', #1530 ) ;
#1979 = EDGE_CURVE ( 'NONE', #1997, #1397, #1749, .T. ) ;
#1980 = DIRECTION ( 'NONE',  ( 0.000000000000000000, 1.000000000000000000, 0.000000000000000000 ) ) ;
#1981 = EDGE_LOOP ( 'NONE', ( #1813, #681, #1293, #1316, #1633, #1157, #1692, #1946 ) ) ;
#1982 = CARTESIAN_POINT ( 'NONE',  ( 38.32836607801179696, -2.406117203293549611, 9.075000000000002842 ) ) ;
#1983 = EDGE_CURVE ( 'NONE', #670, #2555, #2605, .T. ) ;
#1984 = ORIENTED_EDGE ( 'NONE', *, *, #1956, .T. ) ;
#1985 = DIRECTION ( 'NONE',  ( 0.000000000000000000, 0.000000000000000000, -1.000000000000000000 ) ) ;
#1986 = LINE ( 'NONE', #1620, #762 ) ;
#1987 = DIRECTION ( 'NONE',  ( -0.000000000000000000, -0.000000000000000000, 1.000000000000000000 ) ) ;
#1988 = VECTOR ( 'NONE', #1505, 1000.000000000000000 ) ;
#1989 = ORIENTED_EDGE ( 'NONE', *, *, #203, .T. ) ;
#1990 = AXIS2_PLACEMENT_3D ( 'NONE', #418, #1044, #1897 ) ;
#1991 = CARTESIAN_POINT ( 'NONE',  ( 13.07836607801180229, 55.09388279670645261, 3.000000000000000000 ) ) ;
#1992 = VERTEX_POINT ( 'NONE', #687 ) ;
#1993 = DIRECTION ( 'NONE',  ( -0.000000000000000000, 0.000000000000000000, 1.000000000000000000 ) ) ;
#1994 = ORIENTED_EDGE ( 'NONE', *, *, #373, .T. ) ;
#1995 = VECTOR ( 'NONE', #2162, 1000.000000000000000 ) ;
#1996 = CARTESIAN_POINT ( 'NONE',  ( 89.22836607801178843, 60.69388279670645403, 7.499999999999999112 ) ) ;
#1997 = VERTEX_POINT ( 'NONE', #1806 ) ;
#1998 = CARTESIAN_POINT ( 'NONE',  ( 24.32836607801179696, 52.44388279670644692, 0.000000000000000000 ) ) ;
#1999 = EDGE_CURVE ( 'NONE', #22, #1731, #1544, .T. ) ;
#2000 = VERTEX_POINT ( 'NONE', #1134 ) ;
#2001 = AXIS2_PLACEMENT_3D ( 'NONE', #805, #795, #371 ) ;
#2002 = LINE ( 'NONE', #906, #1450 ) ;
#2003 = CARTESIAN_POINT ( 'NONE',  ( 86.32836607801179696, -2.406117203293549611, 7.199999999999999289 ) ) ;
#2004 = CARTESIAN_POINT ( 'NONE',  ( 41.10336607801180264, -2.406117203293549167, 10.49999999999999822 ) ) ;
#2005 = EDGE_LOOP ( 'NONE', ( #1069, #2201, #2028, #1124 ) ) ;
#2006 = DIRECTION ( 'NONE',  ( 0.000000000000000000, -0.000000000000000000, 1.000000000000000000 ) ) ;
#2007 = ORIENTED_EDGE ( 'NONE', *, *, #577, .F. ) ;
#2008 = ORIENTED_EDGE ( 'NONE', *, *, #2279, .T. ) ;
#2009 = DIRECTION ( 'NONE',  ( 0.000000000000000000, -0.000000000000000000, 1.000000000000000000 ) ) ;
#2010 = ORIENTED_EDGE ( 'NONE', *, *, #127, .F. ) ;
#2011 = CARTESIAN_POINT ( 'NONE',  ( 16.72836607801176001, 55.09388279670645971, -6.071067811865478170 ) ) ;
#2012 = ORIENTED_EDGE ( 'NONE', *, *, #1308, .F. ) ;
#2013 = CARTESIAN_POINT ( 'NONE',  ( 12.72836607801179554, -0.05611720329355088938, -6.071067811865478170 ) ) ;
#2014 = VERTEX_POINT ( 'NONE', #2415 ) ;
#2015 = ORIENTED_EDGE ( 'NONE', *, *, #2364, .F. ) ;
#2016 = EDGE_CURVE ( 'NONE', #747, #2619, #909, .T. ) ;
#2017 = VECTOR ( 'NONE', #630, 1000.000000000000000 ) ;
#2018 = FACE_OUTER_BOUND ( 'NONE', #1194, .T. ) ;
#2019 = DIRECTION ( 'NONE',  ( 0.000000000000000000, -0.000000000000000000, -1.000000000000000000 ) ) ;
#2020 = EDGE_CURVE ( 'NONE', #1206, #747, #1201, .T. ) ;
#2021 = FACE_OUTER_BOUND ( 'NONE', #2774, .T. ) ;
#2022 = VERTEX_POINT ( 'NONE', #937 ) ;
#2023 = DIRECTION ( 'NONE',  ( 1.000000000000000000, 1.263148162119034625E-16, -0.000000000000000000 ) ) ;
#2024 = EDGE_CURVE ( 'NONE', #1731, #863, #2202, .T. ) ;
#2025 = ORIENTED_EDGE ( 'NONE', *, *, #733, .T. ) ;
#2026 = ORIENTED_EDGE ( 'NONE', *, *, #337, .F. ) ;
#2027 = FILL_AREA_STYLE_COLOUR ( '', #2043 ) ;
#2028 = ORIENTED_EDGE ( 'NONE', *, *, #1531, .T. ) ;
#2029 = DIRECTION ( 'NONE',  ( -1.000000000000000000, 0.000000000000000000, 0.000000000000000000 ) ) ;
#2030 = ORIENTED_EDGE ( 'NONE', *, *, #2050, .T. ) ;
#2031 = CARTESIAN_POINT ( 'NONE',  ( 103.7283660780117742, 57.44388279670644692, 3.000000000000000000 ) ) ;
#2032 = EDGE_LOOP ( 'NONE', ( #1779, #813, #2682, #994 ) ) ;
#2033 = EDGE_LOOP ( 'NONE', ( #1834, #2408, #1593, #749 ) ) ;
#2034 = LINE ( 'NONE', #1372, #600 ) ;
#2035 = LINE ( 'NONE', #485, #31 ) ;
#2036 = AXIS2_PLACEMENT_3D ( 'NONE', #1072, #2328, #1259 ) ;
#2037 = EDGE_LOOP ( 'NONE', ( #181, #424, #1321, #1743 ) ) ;
#2038 = CARTESIAN_POINT ( 'NONE',  ( 79.22836607801178843, 60.69388279670644692, 10.49999999999999822 ) ) ;
#2039 = VERTEX_POINT ( 'NONE', #1575 ) ;
#2040 = DIRECTION ( 'NONE',  ( -1.000000000000000000, 0.000000000000000000, 0.000000000000000000 ) ) ;
#2041 = ORIENTED_EDGE ( 'NONE', *, *, #1979, .F. ) ;
#2042 = ORIENTED_EDGE ( 'NONE', *, *, #70, .T. ) ;
#2043 = COLOUR_RGB ( '',0.7921568627450980005, 0.8196078431372548767, 0.9333333333333333481 ) ;
#2044 = ORIENTED_EDGE ( 'NONE', *, *, #1823, .F. ) ;
#2045 = DIRECTION ( 'NONE',  ( -0.000000000000000000, -0.000000000000000000, 1.000000000000000000 ) ) ;
#2046 = FACE_OUTER_BOUND ( 'NONE', #1141, .T. ) ;
#2047 = VECTOR ( 'NONE', #1436, 1000.000000000000000 ) ;
#2048 = ORIENTED_EDGE ( 'NONE', *, *, #1907, .F. ) ;
#2049 = LINE ( 'NONE', #121, #162 ) ;
#2050 = EDGE_CURVE ( 'NONE', #1475, #366, #2427, .T. ) ;
#2051 = LINE ( 'NONE', #736, #1224 ) ;
#2052 = CARTESIAN_POINT ( 'NONE',  ( 0.000000000000000000, 0.000000000000000000, 10.49999999999999822 ) ) ;
#2053 = EDGE_CURVE ( 'NONE', #1913, #1886, #983, .T. ) ;
#2054 = CARTESIAN_POINT ( 'NONE',  ( 89.22836607801178843, 58.69388279670643982, 10.49999999999999822 ) ) ;
#2055 = AXIS2_PLACEMENT_3D ( 'NONE', #460, #516, #1147 ) ;
#2056 = ORIENTED_EDGE ( 'NONE', *, *, #650, .T. ) ;
#2057 = VECTOR ( 'NONE', #2114, 1000.000000000000000 ) ;
#2058 = EDGE_CURVE ( 'NONE', #2250, #637, #2264, .T. ) ;
#2059 = VECTOR ( 'NONE', #1714, 1000.000000000000000 ) ;
#2060 = LINE ( 'NONE', #2520, #533 ) ;
#2061 = CARTESIAN_POINT ( 'NONE',  ( 33.32836607801180406, -4.056117203293553963, 3.000000000000000000 ) ) ;
#2062 = VECTOR ( 'NONE', #394, 1000.000000000000000 ) ;
#2063 = ORIENTED_EDGE ( 'NONE', *, *, #1404, .F. ) ;
#2064 = LINE ( 'NONE', #2700, #2716 ) ;
#2065 = ORIENTED_EDGE ( 'NONE', *, *, #2512, .T. ) ;
#2066 = DIRECTION ( 'NONE',  ( 0.000000000000000000, 0.000000000000000000, -1.000000000000000000 ) ) ;
#2067 = ADVANCED_FACE ( 'NONE', ( #379 ), #995, .F. ) ;
#2068 = CARTESIAN_POINT ( 'NONE',  ( 111.3283660780117827, 60.44388279670645403, 0.000000000000000000 ) ) ;
#2069 = ADVANCED_FACE ( 'NONE', ( #326 ), #367, .F. ) ;
#2070 = ORIENTED_EDGE ( 'NONE', *, *, #1772, .T. ) ;
#2071 = DIRECTION ( 'NONE',  ( -1.000000000000000000, 0.000000000000000000, 0.000000000000000000 ) ) ;
#2072 = DIRECTION ( 'NONE',  ( 0.000000000000000000, -1.000000000000000000, 0.000000000000000000 ) ) ;
#2073 = EDGE_CURVE ( 'NONE', #1038, #1852, #1216, .T. ) ;
#2074 = DIRECTION ( 'NONE',  ( -0.000000000000000000, -0.000000000000000000, -1.000000000000000000 ) ) ;
#2075 = EDGE_LOOP ( 'NONE', ( #677, #2410, #2010, #2351 ) ) ;
#2076 = ORIENTED_EDGE ( 'NONE', *, *, #1388, .F. ) ;
#2077 = DIRECTION ( 'NONE',  ( -0.000000000000000000, -0.000000000000000000, -1.000000000000000000 ) ) ;
#2078 = PLANE ( 'NONE',  #646 ) ;
#2079 = PLANE ( 'NONE',  #2313 ) ;
#2080 = CARTESIAN_POINT ( 'NONE',  ( 35.55336607801179838, -2.406117203293550055, 3.999999999999999112 ) ) ;
#2081 = ORIENTED_EDGE ( 'NONE', *, *, #1433, .T. ) ;
#2082 = CARTESIAN_POINT ( 'NONE',  ( 100.3283660780117970, 4.943882796706438043, 0.5000000000000004441 ) ) ;
#2083 = ADVANCED_FACE ( 'NONE', ( #764 ), #1205, .F. ) ;
#2084 = CARTESIAN_POINT ( 'NONE',  ( 111.3283660780117827, 62.94388279670645403, 3.000000000000000000 ) ) ;
#2085 = DIRECTION ( 'NONE',  ( -0.000000000000000000, 1.000000000000000000, -0.000000000000000000 ) ) ;
#2086 = CARTESIAN_POINT ( 'NONE',  ( 113.8283660780117970, 60.44388279670645403, 3.000000000000000000 ) ) ;
#2087 = EDGE_CURVE ( 'NONE', #927, #2468, #2502, .T. ) ;
#2088 = EDGE_CURVE ( 'NONE', #2223, #2194, #2064, .T. ) ;
#2089 = CARTESIAN_POINT ( 'NONE',  ( 86.32836607801179696, -4.056117203293553963, 5.324999999999995737 ) ) ;
#2090 = ORIENTED_EDGE ( 'NONE', *, *, #1655, .F. ) ;
#2091 = DIRECTION ( 'NONE',  ( 0.000000000000000000, 0.000000000000000000, -1.000000000000000000 ) ) ;
#2092 = DIRECTION ( 'NONE',  ( -0.000000000000000000, 1.000000000000000000, 0.000000000000000000 ) ) ;
#2093 = VECTOR ( 'NONE', #2165, 1000.000000000000000 ) ;
#2094 = DIRECTION ( 'NONE',  ( -1.476360405086643816E-16, 1.000000000000000000, 0.000000000000000000 ) ) ;
#2095 = ORIENTED_EDGE ( 'NONE', *, *, #2379, .T. ) ;
#2096 = CARTESIAN_POINT ( 'NONE',  ( 86.32836607801179696, 2.897183655605564123, 5.324999999999995737 ) ) ;
#2097 = AXIS2_PLACEMENT_3D ( 'NONE', #1432, #1395, #2292 ) ;
#2098 = AXIS2_PLACEMENT_3D ( 'NONE', #1832, #2495, #2071 ) ;
#2099 = CARTESIAN_POINT ( 'NONE',  ( 100.3283660780117970, 4.443882796706451366, 0.000000000000000000 ) ) ;
#2100 = DIRECTION ( 'NONE',  ( -1.000000000000000000, -0.000000000000000000, -0.000000000000000000 ) ) ;
#2101 = DIRECTION ( 'NONE',  ( -1.000000000000000000, 0.000000000000000000, 0.000000000000000000 ) ) ;
#2102 = AXIS2_PLACEMENT_3D ( 'NONE', #2498, #826, #2289 ) ;
#2103 = VERTEX_POINT ( 'NONE', #2089 ) ;
#2104 = EDGE_CURVE ( 'NONE', #2765, #2640, #579, .T. ) ;
#2105 = DIRECTION ( 'NONE',  ( 0.000000000000000000, -0.7071067811865474617, 0.7071067811865474617 ) ) ;
#2106 = ORIENTED_EDGE ( 'NONE', *, *, #898, .T. ) ;
#2107 = AXIS2_PLACEMENT_3D ( 'NONE', #2146, #225, #1916 ) ;
#2108 = DIRECTION ( 'NONE',  ( -1.000000000000000000, 0.000000000000000000, -0.000000000000000000 ) ) ;
#2109 = CARTESIAN_POINT ( 'NONE',  ( 103.7283660780117742, 57.44388279670644692, -6.071067811865478170 ) ) ;
#2110 = EDGE_CURVE ( 'NONE', #211, #360, #1656, .T. ) ;
#2111 = CARTESIAN_POINT ( 'NONE',  ( 13.07836607801180229, 55.09388279670645261, 1.000000000000000000 ) ) ;
#2112 = ORIENTED_EDGE ( 'NONE', *, *, #2742, .F. ) ;
#2113 = DIRECTION ( 'NONE',  ( 0.000000000000000000, -1.000000000000000000, 0.000000000000000000 ) ) ;
#2114 = DIRECTION ( 'NONE',  ( -0.000000000000000000, -0.000000000000000000, -1.000000000000000000 ) ) ;
#2115 = CARTESIAN_POINT ( 'NONE',  ( 100.3283660780117970, 51.94388279670646114, 1.000000000000000000 ) ) ;
#2116 = CARTESIAN_POINT ( 'NONE',  ( 16.72836607801176001, 1.793882796706454341, 3.000000000000000000 ) ) ;
#2117 = LINE ( 'NONE', #1046, #23 ) ;
#2118 = ADVANCED_FACE ( 'NONE', ( #2662 ), #589, .F. ) ;
#2119 = DIRECTION ( 'NONE',  ( -0.000000000000000000, -0.000000000000000000, 1.000000000000000000 ) ) ;
#2120 = LINE ( 'NONE', #1902, #543 ) ;
#2121 = CARTESIAN_POINT ( 'NONE',  ( 100.3283660780117970, 49.44388279670646114, 0.000000000000000000 ) ) ;
#2122 = EDGE_CURVE ( 'NONE', #261, #1962, #303, .T. ) ;
#2123 = ORIENTED_EDGE ( 'NONE', *, *, #1388, .T. ) ;
#2124 = ORIENTED_EDGE ( 'NONE', *, *, #1655, .T. ) ;
#2125 = LINE ( 'NONE', #152, #837 ) ;
#2126 = VECTOR ( 'NONE', #28, 1000.000000000000000 ) ;
#2127 = DIRECTION ( 'NONE',  ( -0.000000000000000000, -1.000000000000000000, -0.000000000000000000 ) ) ;
#2128 = DIRECTION ( 'NONE',  ( -0.000000000000000000, 1.000000000000000000, -0.000000000000000000 ) ) ;
#2129 = VECTOR ( 'NONE', #932, 1000.000000000000000 ) ;
#2130 = ORIENTED_EDGE ( 'NONE', *, *, #1329, .T. ) ;
#2131 = CARTESIAN_POINT ( 'NONE',  ( 13.07836607801179873, 51.94388279670647535, 1.000000000000000000 ) ) ;
#2132 = DIRECTION ( 'NONE',  ( -1.000000000000000000, -0.000000000000000000, -0.000000000000000000 ) ) ;
#2133 = AXIS2_PLACEMENT_3D ( 'NONE', #62, #2607, #2389 ) ;
#2134 = CARTESIAN_POINT ( 'NONE',  ( 16.72836607801176001, 56.94388279670644692, 1.000000000000000000 ) ) ;
#2135 = EDGE_CURVE ( 'NONE', #1397, #1171, #2304, .T. ) ;
#2136 = DIRECTION ( 'NONE',  ( -0.000000000000000000, 0.000000000000000000, 1.000000000000000000 ) ) ;
#2137 = ADVANCED_FACE ( 'NONE', ( #147 ), #1180, .F. ) ;
#2138 = AXIS2_PLACEMENT_3D ( 'NONE', #2354, #1267, #1452 ) ;
#2139 = VERTEX_POINT ( 'NONE', #969 ) ;
#2140 = EDGE_CURVE ( 'NONE', #1550, #292, #1820, .T. ) ;
#2141 = ORIENTED_EDGE ( 'NONE', *, *, #1140, .T. ) ;
#2142 = FACE_BOUND ( 'NONE', #1174, .T. ) ;
#2143 = CARTESIAN_POINT ( 'NONE',  ( 13.07836607801179696, 36.04388279670645545, 1.000000000000000000 ) ) ;
#2144 = ORIENTED_EDGE ( 'NONE', *, *, #1249, .T. ) ;
#2145 = PLANE ( 'NONE',  #2406 ) ;
#2146 = CARTESIAN_POINT ( 'NONE',  ( 86.32836607801179696, -2.406117203293549611, 7.199999999999999289 ) ) ;
#2147 = LINE ( 'NONE', #1529, #1273 ) ;
#2148 = FACE_OUTER_BOUND ( 'NONE', #2353, .T. ) ;
#2149 = ADVANCED_FACE ( 'NONE', ( #2474 ), #552, .F. ) ;
#2150 = EDGE_LOOP ( 'NONE', ( #2210, #1612, #2595, #1043 ) ) ;
#2151 = LINE ( 'NONE', #598, #1814 ) ;
#2152 = ORIENTED_EDGE ( 'NONE', *, *, #650, .F. ) ;
#2153 = LINE ( 'NONE', #1937, #526 ) ;
#2154 = EDGE_CURVE ( 'NONE', #1466, #1139, #2049, .T. ) ;
#2155 = EDGE_CURVE ( 'NONE', #2039, #344, #1900, .T. ) ;
#2156 = ORIENTED_EDGE ( 'NONE', *, *, #1875, .F. ) ;
#2157 = CARTESIAN_POINT ( 'NONE',  ( 0.000000000000000000, 0.000000000000000000, 0.000000000000000000 ) ) ;
#2158 = CARTESIAN_POINT ( 'NONE',  ( 21.82836607801179696, 49.44388279670646114, 1.000000000000000000 ) ) ;
#2159 = LINE ( 'NONE', #41, #913 ) ;
#2160 = DIRECTION ( 'NONE',  ( 6.938893903907227392E-16, 1.000000000000000000, -0.000000000000000000 ) ) ;
#2161 = ORIENTED_EDGE ( 'NONE', *, *, #1345, .F. ) ;
#2162 = DIRECTION ( 'NONE',  ( -0.000000000000000000, -0.000000000000000000, 1.000000000000000000 ) ) ;
#2163 = VECTOR ( 'NONE', #428, 1000.000000000000227 ) ;
#2164 = ORIENTED_EDGE ( 'NONE', *, *, #2295, .F. ) ;
#2165 = DIRECTION ( 'NONE',  ( 0.000000000000000000, 1.000000000000000000, 0.000000000000000000 ) ) ;
#2166 = ORIENTED_EDGE ( 'NONE', *, *, #714, .F. ) ;
#2167 = AXIS2_PLACEMENT_3D ( 'NONE', #2455, #89, #727 ) ;
#2168 = ORIENTED_EDGE ( 'NONE', *, *, #1610, .T. ) ;
#2169 = FACE_OUTER_BOUND ( 'NONE', #1794, .T. ) ;
#2170 = PLANE ( 'NONE',  #1873 ) ;
#2171 = ADVANCED_FACE ( 'NONE', ( #1031 ), #843, .T. ) ;
#2172 = LINE ( 'NONE', #1931, #1760 ) ;
#2173 = VECTOR ( 'NONE', #940, 1000.000000000000000 ) ;
#2174 = DIRECTION ( 'NONE',  ( -0.000000000000000000, 0.000000000000000000, 1.000000000000000000 ) ) ;
#2175 = ORIENTED_EDGE ( 'NONE', *, *, #322, .T. ) ;
#2176 = DIRECTION ( 'NONE',  ( -0.000000000000000000, 1.000000000000000000, -0.000000000000000000 ) ) ;
#2177 = ORIENTED_EDGE ( 'NONE', *, *, #1037, .F. ) ;
#2178 = CARTESIAN_POINT ( 'NONE',  ( 21.32836607801181117, 49.44388279670646114, 0.000000000000000000 ) ) ;
#2179 = VERTEX_POINT ( 'NONE', #1884 ) ;
#2180 = VECTOR ( 'NONE', #1349, 1000.000000000000000 ) ;
#2181 = VERTEX_POINT ( 'NONE', #2552 ) ;
#2182 = LINE ( 'NONE', #1785, #1274 ) ;
#2183 = EDGE_CURVE ( 'NONE', #1496, #1520, #616, .T. ) ;
#2184 = DIRECTION ( 'NONE',  ( -1.000000000000000000, 0.000000000000000000, 0.000000000000000000 ) ) ;
#2185 = VECTOR ( 'NONE', #2366, 1000.000000000000000 ) ;
#2186 = DIRECTION ( 'NONE',  ( 0.000000000000000000, 0.000000000000000000, -1.000000000000000000 ) ) ;
#2187 = AXIS2_PLACEMENT_3D ( 'NONE', #2535, #639, #2763 ) ;
#2188 = DIRECTION ( 'NONE',  ( 1.000000000000000000, 0.000000000000000000, 0.000000000000000000 ) ) ;
#2189 = VECTOR ( 'NONE', #993, 1000.000000000000114 ) ;
#2190 = ORIENTED_EDGE ( 'NONE', *, *, #420, .F. ) ;
#2191 = FACE_OUTER_BOUND ( 'NONE', #2032, .T. ) ;
#2192 = ORIENTED_EDGE ( 'NONE', *, *, #484, .T. ) ;
#2193 = CARTESIAN_POINT ( 'NONE',  ( 103.7283660780117742, 1.793882796706454341, 3.000000000000000000 ) ) ;
#2194 = VERTEX_POINT ( 'NONE', #1493 ) ;
#2195 = LINE ( 'NONE', #2031, #2376 ) ;
#2196 = ORIENTED_EDGE ( 'NONE', *, *, #1840, .F. ) ;
#2197 = LINE ( 'NONE', #1969, #1761 ) ;
#2198 = DIRECTION ( 'NONE',  ( -1.000000000000000000, 0.000000000000000000, -0.000000000000000000 ) ) ;
#2199 = AXIS2_PLACEMENT_3D ( 'NONE', #784, #1403, #597 ) ;
#2200 = FACE_OUTER_BOUND ( 'NONE', #2738, .T. ) ;
#2201 = ORIENTED_EDGE ( 'NONE', *, *, #783, .T. ) ;
#2202 = LINE ( 'NONE', #924, #2587 ) ;
#2203 = EDGE_CURVE ( 'NONE', #2235, #1487, #2117, .T. ) ;
#2204 = ORIENTED_EDGE ( 'NONE', *, *, #1771, .T. ) ;
#2205 = LINE ( 'NONE', #33, #2173 ) ;
#2206 = ORIENTED_EDGE ( 'NONE', *, *, #694, .T. ) ;
#2207 = DIRECTION ( 'NONE',  ( 0.7071067811865378028, 0.000000000000000000, 0.7071067811865573427 ) ) ;
#2208 = VERTEX_POINT ( 'NONE', #631 ) ;
#2209 = LINE ( 'NONE', #2013, #489 ) ;
#2210 = ORIENTED_EDGE ( 'NONE', *, *, #2480, .F. ) ;
#2211 = PLANE ( 'NONE',  #2167 ) ;
#2212 = DIRECTION ( 'NONE',  ( -0.000000000000000000, 0.000000000000000000, 1.000000000000000000 ) ) ;
#2213 = CARTESIAN_POINT ( 'NONE',  ( 89.10336607801177422, 0.1438827967064503222, 10.49999999999999822 ) ) ;
#2214 = ORIENTED_EDGE ( 'NONE', *, *, #787, .F. ) ;
#2215 = FACE_OUTER_BOUND ( 'NONE', #1950, .T. ) ;
#2216 = FACE_OUTER_BOUND ( 'NONE', #61, .T. ) ;
#2217 = ORIENTED_EDGE ( 'NONE', *, *, #2024, .F. ) ;
#2218 = LINE ( 'NONE', #1150, #1548 ) ;
#2219 = ADVANCED_FACE ( 'NONE', ( #2317 ), #1248, .F. ) ;
#2220 = EDGE_LOOP ( 'NONE', ( #2542, #289, #425, #1199 ) ) ;
#2221 = AXIS2_PLACEMENT_3D ( 'NONE', #1533, #689, #1594 ) ;
#2222 = CARTESIAN_POINT ( 'NONE',  ( 12.72836607801179554, 56.94388279670644692, -6.071067811865478170 ) ) ;
#2223 = VERTEX_POINT ( 'NONE', #2538 ) ;
#2224 = ORIENTED_EDGE ( 'NONE', *, *, #521, .T. ) ;
#2225 = EDGE_CURVE ( 'NONE', #2733, #1962, #1681, .T. ) ;
#2226 = VERTEX_POINT ( 'NONE', #1476 ) ;
#2227 = LINE ( 'NONE', #2627, #105 ) ;
#2228 = CONICAL_SURFACE ( 'NONE', #1236, 2.999999999999985345, 0.7853981633974331800 ) ;
#2229 = CARTESIAN_POINT ( 'NONE',  ( 16.72836607801176001, -0.05611720329354959180, 1.000000000000000000 ) ) ;
#2230 = LINE ( 'NONE', #2004, #1488 ) ;
#2231 = EDGE_LOOP ( 'NONE', ( #413, #517, #603, #2381 ) ) ;
#2232 = DIRECTION ( 'NONE',  ( -1.000000000000000000, 0.000000000000000000, 0.000000000000000000 ) ) ;
#2233 = AXIS2_PLACEMENT_3D ( 'NONE', #488, #290, #1168 ) ;
#2234 = DIRECTION ( 'NONE',  ( 0.000000000000000000, 0.000000000000000000, -1.000000000000000000 ) ) ;
#2235 = VERTEX_POINT ( 'NONE', #2348 ) ;
#2236 = FACE_OUTER_BOUND ( 'NONE', #2310, .T. ) ;
#2237 = ORIENTED_EDGE ( 'NONE', *, *, #1944, .F. ) ;
#2238 = DIRECTION ( 'NONE',  ( -1.000000000000000000, 0.000000000000000000, 0.000000000000000000 ) ) ;
#2239 = ORIENTED_EDGE ( 'NONE', *, *, #2261, .T. ) ;
#2240 = SHAPE_DEFINITION_REPRESENTATION ( #1453, #1588 ) ;
#2241 = VECTOR ( 'NONE', #776, 1000.000000000000000 ) ;
#2242 = EDGE_CURVE ( 'NONE', #2403, #2369, #2726, .T. ) ;
#2243 = ORIENTED_EDGE ( 'NONE', *, *, #1590, .F. ) ;
#2244 = VERTEX_POINT ( 'NONE', #172 ) ;
#2245 = CIRCLE ( 'NONE', #1026, 1.875000000000003331 ) ;
#2246 = LINE ( 'NONE', #1800, #2129 ) ;
#2247 = DIRECTION ( 'NONE',  ( 0.000000000000000000, 0.000000000000000000, 1.000000000000000000 ) ) ;
#2248 = PRODUCT ( 'display_cover', 'display_cover', '', ( #316 ) ) ;
#2249 = CARTESIAN_POINT ( 'NONE',  ( 79.22836607801178843, 58.69388279670643982, 10.49999999999999822 ) ) ;
#2250 = VERTEX_POINT ( 'NONE', #2315 ) ;
#2251 = CARTESIAN_POINT ( 'NONE',  ( 41.10336607801180264, -2.406117203293549167, 3.999999999999999112 ) ) ;
#2252 = VERTEX_POINT ( 'NONE', #587 ) ;
#2253 = ORIENTED_EDGE ( 'NONE', *, *, #1365, .F. ) ;
#2254 = CARTESIAN_POINT ( 'NONE',  ( 100.3283660780117970, 49.44388279670646114, 1.000000000000000000 ) ) ;
#2255 = ORIENTED_EDGE ( 'NONE', *, *, #2283, .F. ) ;
#2256 = ORIENTED_EDGE ( 'NONE', *, *, #2515, .T. ) ;
#2257 = EDGE_LOOP ( 'NONE', ( #351, #497, #146, #1437 ) ) ;
#2258 = DIRECTION ( 'NONE',  ( 1.000000000000000000, 0.000000000000000000, 0.000000000000000000 ) ) ;
#2259 = DIRECTION ( 'NONE',  ( -1.000000000000000000, 0.000000000000000000, 0.000000000000000000 ) ) ;
#2260 = EDGE_CURVE ( 'NONE', #219, #151, #448, .T. ) ;
#2261 = EDGE_CURVE ( 'NONE', #1135, #1926, #2583, .T. ) ;
#2262 = EDGE_CURVE ( 'NONE', #1936, #861, #2773, .T. ) ;
#2263 = ORIENTED_EDGE ( 'NONE', *, *, #2122, .T. ) ;
#2264 = LINE ( 'NONE', #1419, #1515 ) ;
#2265 = VECTOR ( 'NONE', #1443, 1000.000000000000000 ) ;
#2266 = ORIENTED_EDGE ( 'NONE', *, *, #1365, .T. ) ;
#2267 = CARTESIAN_POINT ( 'NONE',  ( 108.7283660780117884, -0.5561172032935430831, 1.000000000000000000 ) ) ;
#2268 = DIRECTION ( 'NONE',  ( 0.000000000000000000, 0.000000000000000000, -1.000000000000000000 ) ) ;
#2269 = ORIENTED_EDGE ( 'NONE', *, *, #203, .F. ) ;
#2270 = ORIENTED_EDGE ( 'NONE', *, *, #1220, .F. ) ;
#2271 = MECHANICAL_DESIGN_GEOMETRIC_PRESENTATION_REPRESENTATION (  '', ( #2401 ), #317 ) ;
#2272 = ORIENTED_EDGE ( 'NONE', *, *, #2135, .T. ) ;
#2273 = CARTESIAN_POINT ( 'NONE',  ( 16.72836607801176001, 1.793882796706454341, 1.000000000000000000 ) ) ;
#2274 = DIRECTION ( 'NONE',  ( -1.000000000000000000, 0.000000000000000000, 0.000000000000000000 ) ) ;
#2275 = AXIS2_PLACEMENT_3D ( 'NONE', #642, #1502, #198 ) ;
#2276 = AXIS2_PLACEMENT_3D ( 'NONE', #1238, #2299, #624 ) ;
#2277 = ORIENTED_EDGE ( 'NONE', *, *, #2453, .T. ) ;
#2278 = DIRECTION ( 'NONE',  ( 9.505334114941409750E-17, -1.000000000000000000, 0.000000000000000000 ) ) ;
#2279 = EDGE_CURVE ( 'NONE', #59, #888, #1080, .T. ) ;
#2280 = ORIENTED_EDGE ( 'NONE', *, *, #2155, .F. ) ;
#2281 = CARTESIAN_POINT ( 'NONE',  ( 16.72836607801176001, 56.94388279670644692, -6.071067811865478170 ) ) ;
#2282 = DIRECTION ( 'NONE',  ( -1.000000000000000000, 0.000000000000000000, 0.000000000000000000 ) ) ;
#2283 = EDGE_CURVE ( 'NONE', #120, #1185, #2301, .T. ) ;
#2284 = VECTOR ( 'NONE', #1559, 1000.000000000000000 ) ;
#2285 = ORIENTED_EDGE ( 'NONE', *, *, #1591, .F. ) ;
#2286 = AXIS2_PLACEMENT_3D ( 'NONE', #599, #1029, #2274 ) ;
#2287 = DIRECTION ( 'NONE',  ( -0.000000000000000000, -0.000000000000000000, 1.000000000000000000 ) ) ;
#2288 = LINE ( 'NONE', #1457, #2534 ) ;
#2289 = DIRECTION ( 'NONE',  ( 0.000000000000000000, 0.000000000000000000, -1.000000000000000000 ) ) ;
#2290 = EDGE_LOOP ( 'NONE', ( #1307, #46, #1020, #2679 ) ) ;
#2291 = VERTEX_POINT ( 'NONE', #1440 ) ;
#2292 = DIRECTION ( 'NONE',  ( 0.000000000000000000, 0.000000000000000000, 1.000000000000000000 ) ) ;
#2293 = FACE_OUTER_BOUND ( 'NONE', #1094, .T. ) ;
#2294 = FILL_AREA_STYLE ('',( #2027 ) ) ;
#2295 = EDGE_CURVE ( 'NONE', #102, #1038, #1068, .T. ) ;
#2296 = CARTESIAN_POINT ( 'NONE',  ( 12.72836607801179554, 3.943882796706457139, 1.000000000000000000 ) ) ;
#2297 = ORIENTED_EDGE ( 'NONE', *, *, #836, .T. ) ;
#2298 = EDGE_CURVE ( 'NONE', #663, #1580, #1899, .T. ) ;
#2299 = DIRECTION ( 'NONE',  ( 0.000000000000000000, 1.000000000000000000, 0.000000000000000000 ) ) ;
#2300 = LINE ( 'NONE', #991, #761 ) ;
#2301 = LINE ( 'NONE', #1934, #1460 ) ;
#2302 = CARTESIAN_POINT ( 'NONE',  ( 24.32836607801179696, 49.44388279670646114, 0.000000000000000000 ) ) ;
#2303 = VECTOR ( 'NONE', #1611, 1000.000000000000000 ) ;
#2304 = LINE ( 'NONE', #1442, #1865 ) ;
#2305 = CIRCLE ( 'NONE', #2526, 1.875000000000003331 ) ;
#2306 = CARTESIAN_POINT ( 'NONE',  ( 86.32836607801179696, 2.897183655605564123, 7.199999999999999289 ) ) ;
#2307 = FACE_OUTER_BOUND ( 'NONE', #2075, .T. ) ;
#2308 = VECTOR ( 'NONE', #148, 1000.000000000000000 ) ;
#2309 = DIRECTION ( 'NONE',  ( -0.000000000000000000, 1.000000000000000000, -0.000000000000000000 ) ) ;
#2310 = EDGE_LOOP ( 'NONE', ( #117, #478, #347, #890 ) ) ;
#2311 = LINE ( 'NONE', #166, #1196 ) ;
#2312 = EDGE_CURVE ( 'NONE', #79, #1568, #377, .T. ) ;
#2313 = AXIS2_PLACEMENT_3D ( 'NONE', #2052, #972, #1822 ) ;
#2314 = CARTESIAN_POINT ( 'NONE',  ( 106.3783660780117941, 55.09388279670645971, 3.000000000000000000 ) ) ;
#2315 = CARTESIAN_POINT ( 'NONE',  ( 102.8283660780117970, 7.443882796706436267, 0.5000000000000004441 ) ) ;
#2316 = CYLINDRICAL_SURFACE ( 'NONE', #1918, 2.499999999999998668 ) ;
#2317 = FACE_OUTER_BOUND ( 'NONE', #159, .T. ) ;
#2318 = VERTEX_POINT ( 'NONE', #862 ) ;
#2319 = CARTESIAN_POINT ( 'NONE',  ( 49.10940975207680026, 57.69388279670644692, 3.000000000000000000 ) ) ;
#2320 = CARTESIAN_POINT ( 'NONE',  ( 89.10336607801177422, -2.406117203293549167, 3.999999999999999112 ) ) ;
#2321 = AXIS2_PLACEMENT_3D ( 'NONE', #1115, #653, #2392 ) ;
#2322 = CARTESIAN_POINT ( 'NONE',  ( 13.07836607801180051, 20.04388279670645190, 3.000000000000000000 ) ) ;
#2323 = VERTEX_POINT ( 'NONE', #1227 ) ;
#2324 = CARTESIAN_POINT ( 'NONE',  ( 13.07836607801180051, 20.04388279670645190, 3.000000000000000000 ) ) ;
#2325 = VECTOR ( 'NONE', #828, 1000.000000000000000 ) ;
#2326 = CIRCLE ( 'NONE', #2098, 2.500000000000000444 ) ;
#2327 = DIRECTION ( 'NONE',  ( -0.000000000000000000, -0.000000000000000000, 1.000000000000000000 ) ) ;
#2328 = DIRECTION ( 'NONE',  ( 0.000000000000000000, 0.000000000000000000, -1.000000000000000000 ) ) ;
#2329 = EDGE_CURVE ( 'NONE', #1356, #2611, #4, .T. ) ;
#2330 = CIRCLE ( 'NONE', #1567, 2.500000000000002220 ) ;
#2331 = DIRECTION ( 'NONE',  ( -0.000000000000000000, -0.000000000000000000, -1.000000000000000000 ) ) ;
#2332 = CARTESIAN_POINT ( 'NONE',  ( 13.07836607801180229, 1.793882796706454341, 3.000000000000000000 ) ) ;
#2333 = EDGE_CURVE ( 'NONE', #2477, #688, #388, .T. ) ;
#2334 = CARTESIAN_POINT ( 'NONE',  ( 100.3283660780117970, 7.443882796706436267, 0.000000000000000000 ) ) ;
#2335 = DIRECTION ( 'NONE',  ( -1.000000000000000000, 0.000000000000000000, 0.000000000000000000 ) ) ;
#2336 = AXIS2_PLACEMENT_3D ( 'NONE', #2731, #2335, #2741 ) ;
#2337 = FACE_OUTER_BOUND ( 'NONE', #1400, .T. ) ;
#2338 = VERTEX_POINT ( 'NONE', #1509 ) ;
#2339 = EDGE_LOOP ( 'NONE', ( #280, #2266, #1289, #757 ) ) ;
#2340 = VECTOR ( 'NONE', #305, 1000.000000000000000 ) ;
#2341 = DIRECTION ( 'NONE',  ( -1.000000000000000000, -7.437185320372165018E-17, 0.000000000000000000 ) ) ;
#2342 = DIRECTION ( 'NONE',  ( 3.252606517456544363E-16, -1.000000000000000000, 0.000000000000000000 ) ) ;
#2343 = CARTESIAN_POINT ( 'NONE',  ( 89.22836607801178843, 60.69388279670644692, 3.000000000000000000 ) ) ;
#2344 = ORIENTED_EDGE ( 'NONE', *, *, #1942, .F. ) ;
#2345 = CARTESIAN_POINT ( 'NONE',  ( 103.7283660780117742, 55.09388279670645971, 3.000000000000000000 ) ) ;
#2346 = EDGE_CURVE ( 'NONE', #2000, #1266, #2722, .T. ) ;
#2347 = DIRECTION ( 'NONE',  ( -0.000000000000000000, -0.000000000000000000, -1.000000000000000000 ) ) ;
#2348 = CARTESIAN_POINT ( 'NONE',  ( 45.22836607801179554, 60.69388279670644692, 7.499999999999999112 ) ) ;
#2349 = LINE ( 'NONE', #1659, #1045 ) ;
#2350 = CARTESIAN_POINT ( 'NONE',  ( 13.07836607801180229, 1.793882796706454341, 1.000000000000000000 ) ) ;
#2351 = ORIENTED_EDGE ( 'NONE', *, *, #1049, .F. ) ;
#2352 = EDGE_CURVE ( 'NONE', #1146, #2733, #873, .T. ) ;
#2353 = EDGE_LOOP ( 'NONE', ( #839, #465, #1561, #968 ) ) ;
#2354 = CARTESIAN_POINT ( 'NONE',  ( 100.3283660780117970, 49.44388279670646114, 0.5000000000000003331 ) ) ;
#2355 = VECTOR ( 'NONE', #1987, 1000.000000000000000 ) ;
#2356 = PLANE ( 'NONE',  #2187 ) ;
#2357 = FACE_OUTER_BOUND ( 'NONE', #2489, .T. ) ;
#2358 = VECTOR ( 'NONE', #1914, 1000.000000000000000 ) ;
#2359 = ORIENTED_EDGE ( 'NONE', *, *, #2517, .T. ) ;
#2360 = DIRECTION ( 'NONE',  ( 0.000000000000000000, -1.000000000000000000, 0.000000000000000000 ) ) ;
#2361 = CARTESIAN_POINT ( 'NONE',  ( 108.7283660780117884, 52.44388279670644692, 1.000000000000000000 ) ) ;
#2362 = DIRECTION ( 'NONE',  ( 0.7071067811865378028, 0.000000000000000000, 0.7071067811865573427 ) ) ;
#2363 = DIRECTION ( 'NONE',  ( -0.000000000000000000, -1.000000000000000000, -0.000000000000000000 ) ) ;
#2364 = EDGE_CURVE ( 'NONE', #2194, #1266, #2151, .T. ) ;
#2365 = ORIENTED_EDGE ( 'NONE', *, *, #1977, .F. ) ;
#2366 = DIRECTION ( 'NONE',  ( -0.000000000000000000, -1.000000000000000000, -0.000000000000000000 ) ) ;
#2367 = ORIENTED_EDGE ( 'NONE', *, *, #1490, .T. ) ;
#2368 = CARTESIAN_POINT ( 'NONE',  ( 106.3783660780117941, 4.443882796706457583, 3.000000000000000000 ) ) ;
#2369 = VERTEX_POINT ( 'NONE', #1241 ) ;
#2370 = VECTOR ( 'NONE', #78, 1000.000000000000000 ) ;
#2371 = CARTESIAN_POINT ( 'NONE',  ( 113.8283660780117970, 62.94388279670645403, 3.000000000000000000 ) ) ;
#2372 = DIRECTION ( 'NONE',  ( -0.000000000000000000, -0.000000000000000000, -1.000000000000000000 ) ) ;
#2373 = LINE ( 'NONE', #1299, #190 ) ;
#2374 = DIRECTION ( 'NONE',  ( 1.000000000000000000, -0.000000000000000000, -0.000000000000000000 ) ) ;
#2375 = CIRCLE ( 'NONE', #2107, 1.875000000000003331 ) ;
#2376 = VECTOR ( 'NONE', #1613, 1000.000000000000000 ) ;
#2377 = ORIENTED_EDGE ( 'NONE', *, *, #1033, .T. ) ;
#2378 = CARTESIAN_POINT ( 'NONE',  ( 45.22836607801179554, 61.94388279670645403, 7.499999999999999112 ) ) ;
#2379 = EDGE_CURVE ( 'NONE', #1796, #1741, #1213, .T. ) ;
#2380 = EDGE_CURVE ( 'NONE', #1933, #943, #1665, .T. ) ;
#2381 = ORIENTED_EDGE ( 'NONE', *, *, #2312, .T. ) ;
#2382 = LINE ( 'NONE', #20, #2180 ) ;
#2383 = VERTEX_POINT ( 'NONE', #575 ) ;
#2384 = CARTESIAN_POINT ( 'NONE',  ( 108.7283660780117884, 4.443882796706457583, -6.071067811865478170 ) ) ;
#2385 = LINE ( 'NONE', #1733, #1585 ) ;
#2386 = DIRECTION ( 'NONE',  ( 2.168404344971008375E-16, -1.000000000000000000, 0.000000000000000000 ) ) ;
#2387 = LINE ( 'NONE', #1344, #1018 ) ;
#2388 = VERTEX_POINT ( 'NONE', #2378 ) ;
#2389 = DIRECTION ( 'NONE',  ( 0.000000000000000000, -0.3846153846153867462, 0.9230769230769222400 ) ) ;
#2390 = AXIS2_PLACEMENT_3D ( 'NONE', #2639, #1183, #723 ) ;
#2391 = ORIENTED_EDGE ( 'NONE', *, *, #1907, .T. ) ;
#2392 = DIRECTION ( 'NONE',  ( 0.000000000000000000, 0.000000000000000000, 1.000000000000000000 ) ) ;
#2393 = VERTEX_POINT ( 'NONE', #1427 ) ;
#2394 = EDGE_CURVE ( 'NONE', #366, #2611, #2288, .T. ) ;
#2395 = ORIENTED_EDGE ( 'NONE', *, *, #729, .T. ) ;
#2396 = ADVANCED_FACE ( 'NONE', ( #142 ), #1002, .F. ) ;
#2397 = VECTOR ( 'NONE', #2604, 1000.000000000000000 ) ;
#2398 = DIRECTION ( 'NONE',  ( -0.000000000000000000, -0.000000000000000000, 1.000000000000000000 ) ) ;
#2399 = CARTESIAN_POINT ( 'NONE',  ( 89.22836607801178843, 60.69388279670644692, 10.49999999999999822 ) ) ;
#2400 = DIRECTION ( 'NONE',  ( 0.000000000000000000, 0.000000000000000000, -1.000000000000000000 ) ) ;
#2401 = STYLED_ITEM ( 'NONE', ( #1444 ), #2634 ) ;
#2402 = CARTESIAN_POINT ( 'NONE',  ( 13.07836607801179696, 36.04388279670645545, 1.000000000000000000 ) ) ;
#2403 = VERTEX_POINT ( 'NONE', #1653 ) ;
#2404 = CARTESIAN_POINT ( 'NONE',  ( 12.72836607801179554, 51.94388279670647535, 3.000000000000000000 ) ) ;
#2405 = ORIENTED_EDGE ( 'NONE', *, *, #491, .T. ) ;
#2406 = AXIS2_PLACEMENT_3D ( 'NONE', #1711, #856, #1513 ) ;
#2407 = DIRECTION ( 'NONE',  ( 1.000000000000000000, 0.000000000000000000, 0.000000000000000000 ) ) ;
#2408 = ORIENTED_EDGE ( 'NONE', *, *, #1052, .T. ) ;
#2409 = VECTOR ( 'NONE', #582, 1000.000000000000000 ) ;
#2410 = ORIENTED_EDGE ( 'NONE', *, *, #2746, .T. ) ;
#2411 = CARTESIAN_POINT ( 'NONE',  ( 38.32836607801179696, -4.056117203293553963, 9.075000000000002842 ) ) ;
#2412 = CARTESIAN_POINT ( 'NONE',  ( 35.22836607801179554, 60.69388279670644692, 10.49999999999999822 ) ) ;
#2413 = AXIS2_PLACEMENT_3D ( 'NONE', #1407, #339, #1193 ) ;
#2414 = LINE ( 'NONE', #1091, #827 ) ;
#2415 = CARTESIAN_POINT ( 'NONE',  ( 45.22836607801179554, 60.69388279670644692, 10.49999999999999822 ) ) ;
#2416 = ORIENTED_EDGE ( 'NONE', *, *, #2183, .F. ) ;
#2417 = FACE_OUTER_BOUND ( 'NONE', #565, .T. ) ;
#2418 = ORIENTED_EDGE ( 'NONE', *, *, #661, .T. ) ;
#2419 = CARTESIAN_POINT ( 'NONE',  ( 35.55336607801179838, 0.1438827967064498226, 3.999999999999999112 ) ) ;
#2420 = ORIENTED_EDGE ( 'NONE', *, *, #386, .F. ) ;
#2421 = ORIENTED_EDGE ( 'NONE', *, *, #1689, .T. ) ;
#2422 = DIRECTION ( 'NONE',  ( 1.000000000000000000, -7.437185320372165018E-17, 0.000000000000000000 ) ) ;
#2423 = DIRECTION ( 'NONE',  ( -0.000000000000000000, -0.000000000000000000, 1.000000000000000000 ) ) ;
#2424 = ADVANCED_FACE ( 'NONE', ( #2236 ), #519, .F. ) ;
#2425 = CARTESIAN_POINT ( 'NONE',  ( 81.32836607801179696, -4.056117203293553963, 10.49999999999999822 ) ) ;
#2426 = ORIENTED_EDGE ( 'NONE', *, *, #2154, .F. ) ;
#2427 = LINE ( 'NONE', #953, #395 ) ;
#2428 = EDGE_CURVE ( 'NONE', #2250, #79, #81, .T. ) ;
#2429 = ORIENTED_EDGE ( 'NONE', *, *, #1531, .F. ) ;
#2430 = DIRECTION ( 'NONE',  ( 1.000000000000000000, 3.252606517456544363E-16, -0.000000000000000000 ) ) ;
#2431 = VERTEX_POINT ( 'NONE', #1947 ) ;
#2432 = LINE ( 'NONE', #752, #1086 ) ;
#2433 = ORIENTED_EDGE ( 'NONE', *, *, #836, .F. ) ;
#2434 = EDGE_CURVE ( 'NONE', #553, #1206, #1740, .T. ) ;
#2435 = ORIENTED_EDGE ( 'NONE', *, *, #370, .F. ) ;
#2436 = DIRECTION ( 'NONE',  ( 0.000000000000000000, 1.000000000000000000, 0.000000000000000000 ) ) ;
#2437 = CARTESIAN_POINT ( 'NONE',  ( 111.3283660780117827, -3.556117203293545970, 0.000000000000000000 ) ) ;
#2438 = VECTOR ( 'NONE', #2462, 1000.000000000000000 ) ;
#2439 = DIRECTION ( 'NONE',  ( -0.000000000000000000, -1.000000000000000000, -0.000000000000000000 ) ) ;
#2440 = EDGE_LOOP ( 'NONE', ( #2469, #341, #265, #964 ) ) ;
#2441 = CARTESIAN_POINT ( 'NONE',  ( 79.22836607801178843, 60.69388279670644692, 10.49999999999999822 ) ) ;
#2442 = EDGE_CURVE ( 'NONE', #1962, #556, #1347, .T. ) ;
#2443 = CARTESIAN_POINT ( 'NONE',  ( 38.32836607801179696, 2.897183655605564123, 7.200000000000000178 ) ) ;
#2444 = ORIENTED_EDGE ( 'NONE', *, *, #2715, .T. ) ;
#2445 = FACE_OUTER_BOUND ( 'NONE', #32, .T. ) ;
#2446 = EDGE_CURVE ( 'NONE', #771, #2226, #293, .T. ) ;
#2447 = ORIENTED_EDGE ( 'NONE', *, *, #406, .F. ) ;
#2448 = ADVANCED_FACE ( 'NONE', ( #2191 ), #1751, .T. ) ;
#2449 = DIRECTION ( 'NONE',  ( -0.000000000000000000, -0.000000000000000000, -1.000000000000000000 ) ) ;
#2450 = ORIENTED_EDGE ( 'NONE', *, *, #2260, .T. ) ;
#2451 = CARTESIAN_POINT ( 'NONE',  ( 12.72836607801179554, 51.94388279670647535, -6.071067811865478170 ) ) ;
#2452 = EDGE_LOOP ( 'NONE', ( #601, #192, #690, #2285, #511, #545, #104 ) ) ;
#2453 = EDGE_CURVE ( 'NONE', #1501, #918, #2205, .T. ) ;
#2454 = EDGE_LOOP ( 'NONE', ( #2608, #429, #584, #1756 ) ) ;
#2455 = CARTESIAN_POINT ( 'NONE',  ( 0.000000000000000000, 52.44388279670647535, 0.000000000000000000 ) ) ;
#2456 = VECTOR ( 'NONE', #1767, 1000.000000000000000 ) ;
#2457 = DIRECTION ( 'NONE',  ( -0.000000000000000000, 1.000000000000000000, -0.000000000000000000 ) ) ;
#2458 = DIRECTION ( 'NONE',  ( -0.000000000000000000, -0.000000000000000000, 1.000000000000000000 ) ) ;
#2459 = ORIENTED_EDGE ( 'NONE', *, *, #1685, .F. ) ;
#2460 = DIRECTION ( 'NONE',  ( -1.000000000000000000, 0.000000000000000000, 0.000000000000000000 ) ) ;
#2461 = VECTOR ( 'NONE', #977, 1000.000000000000000 ) ;
#2462 = DIRECTION ( 'NONE',  ( 0.000000000000000000, 1.000000000000000000, 0.000000000000000000 ) ) ;
#2463 = ORIENTED_EDGE ( 'NONE', *, *, #1445, .F. ) ;
#2464 = DIRECTION ( 'NONE',  ( 0.000000000000000000, 1.000000000000000000, 0.000000000000000000 ) ) ;
#2465 = FACE_OUTER_BOUND ( 'NONE', #1628, .T. ) ;
#2466 = ORIENTED_EDGE ( 'NONE', *, *, #2709, .F. ) ;
#2467 = VECTOR ( 'NONE', #2019, 1000.000000000000000 ) ;
#2468 = VERTEX_POINT ( 'NONE', #2404 ) ;
#2469 = ORIENTED_EDGE ( 'NONE', *, *, #1160, .F. ) ;
#2470 = CIRCLE ( 'NONE', #2724, 2.500000000000002220 ) ;
#2471 = LINE ( 'NONE', #1212, #2461 ) ;
#2472 = LINE ( 'NONE', #549, #2590 ) ;
#2473 = VERTEX_POINT ( 'NONE', #1577 ) ;
#2474 = FACE_OUTER_BOUND ( 'NONE', #518, .T. ) ;
#2475 = CARTESIAN_POINT ( 'NONE',  ( 81.32836607801179696, -4.056117203293553963, 10.49999999999999822 ) ) ;
#2476 = DIRECTION ( 'NONE',  ( -0.000000000000000000, -1.000000000000000000, -0.000000000000000000 ) ) ;
#2477 = VERTEX_POINT ( 'NONE', #2637 ) ;
#2478 = ORIENTED_EDGE ( 'NONE', *, *, #75, .F. ) ;
#2479 = ORIENTED_EDGE ( 'NONE', *, *, #867, .F. ) ;
#2480 = EDGE_CURVE ( 'NONE', #1100, #726, #1793, .T. ) ;
#2481 = FACE_OUTER_BOUND ( 'NONE', #1481, .T. ) ;
#2482 = ADVANCED_FACE ( 'NONE', ( #462 ), #1416, .F. ) ;
#2483 = CARTESIAN_POINT ( 'NONE',  ( 89.10336607801177422, -2.406117203293549167, 3.999999999999999112 ) ) ;
#2484 = ORIENTED_EDGE ( 'NONE', *, *, #1451, .F. ) ;
#2485 = ORIENTED_EDGE ( 'NONE', *, *, #2087, .T. ) ;
#2486 = DIRECTION ( 'NONE',  ( 0.000000000000000000, -1.000000000000000000, 0.000000000000000000 ) ) ;
#2487 = EDGE_CURVE ( 'NONE', #688, #1669, #475, .T. ) ;
#2488 = VECTOR ( 'NONE', #1558, 1000.000000000000000 ) ;
#2489 = EDGE_LOOP ( 'NONE', ( #2391, #1636, #522, #2256 ) ) ;
#2490 = FACE_OUTER_BOUND ( 'NONE', #294, .T. ) ;
#2491 = CIRCLE ( 'NONE', #1638, 2.500000000000000444 ) ;
#2492 = CARTESIAN_POINT ( 'NONE',  ( 89.22836607801178843, 58.69388279670644692, 6.749999999999999112 ) ) ;
#2493 = ORIENTED_EDGE ( 'NONE', *, *, #2333, .F. ) ;
#2494 = VECTOR ( 'NONE', #154, 1000.000000000000000 ) ;
#2495 = DIRECTION ( 'NONE',  ( -0.000000000000000000, 0.000000000000000000, 1.000000000000000000 ) ) ;
#2496 = DIRECTION ( 'NONE',  ( -0.000000000000000000, -0.000000000000000000, -1.000000000000000000 ) ) ;
#2497 = PRODUCT_RELATED_PRODUCT_CATEGORY ( 'part', '', ( #2248 ) ) ;
#2498 = CARTESIAN_POINT ( 'NONE',  ( 13.07836607801180051, 20.04388279670645190, 1.000000000000000000 ) ) ;
#2499 = AXIS2_PLACEMENT_3D ( 'NONE', #2543, #426, #2557 ) ;
#2500 = ADVANCED_FACE ( 'NONE', ( #2445 ), #18, .F. ) ;
#2501 = ORIENTED_EDGE ( 'NONE', *, *, #2442, .T. ) ;
#2502 = LINE ( 'NONE', #1847, #2762 ) ;
#2503 = ORIENTED_EDGE ( 'NONE', *, *, #1345, .T. ) ;
#2504 = DIRECTION ( 'NONE',  ( -1.000000000000000000, 0.000000000000000000, 0.000000000000000000 ) ) ;
#2505 = DIRECTION ( 'NONE',  ( -1.000000000000000000, 0.000000000000000000, -0.000000000000000000 ) ) ;
#2506 = ORIENTED_EDGE ( 'NONE', *, *, #2050, .F. ) ;
#2507 = CARTESIAN_POINT ( 'NONE',  ( 21.82836607801179696, 51.94388279670646114, 1.000000000000000000 ) ) ;
#2508 = DIRECTION ( 'NONE',  ( -1.000000000000000000, 0.000000000000000000, 0.000000000000000000 ) ) ;
#2509 = CARTESIAN_POINT ( 'NONE',  ( 93.10940975207680026, 61.94388279670645403, 7.499999999999999112 ) ) ;
#2510 = DIRECTION ( 'NONE',  ( -1.000000000000000000, 0.000000000000000000, 0.000000000000000000 ) ) ;
#2511 = DIRECTION ( 'NONE',  ( 0.000000000000000000, 1.000000000000000000, 0.000000000000000000 ) ) ;
#2512 = EDGE_CURVE ( 'NONE', #2468, #366, #1963, .T. ) ;
#2513 = CARTESIAN_POINT ( 'NONE',  ( 43.32836607801179696, -4.056117203293553963, 10.49999999999999822 ) ) ;
#2514 = DIRECTION ( 'NONE',  ( 0.000000000000000000, 1.000000000000000000, 0.000000000000000000 ) ) ;
#2515 = EDGE_CURVE ( 'NONE', #2632, #2179, #2218, .T. ) ;
#2516 = CARTESIAN_POINT ( 'NONE',  ( 108.7283660780117884, 57.44388279670644692, 3.000000000000000000 ) ) ;
#2517 = EDGE_CURVE ( 'NONE', #753, #1051, #1780, .T. ) ;
#2518 = ORIENTED_EDGE ( 'NONE', *, *, #453, .T. ) ;
#2519 = CARTESIAN_POINT ( 'NONE',  ( 24.32836607801180406, 7.443882796706437155, 0.000000000000000000 ) ) ;
#2520 = CARTESIAN_POINT ( 'NONE',  ( 16.72836607801176001, 56.94388279670644692, 1.000000000000000000 ) ) ;
#2521 = CARTESIAN_POINT ( 'NONE',  ( 49.10940975207680026, 58.69388279670644692, 6.749999999999999112 ) ) ;
#2522 = LINE ( 'NONE', #613, #623 ) ;
#2523 = VECTOR ( 'NONE', #1485, 1000.000000000000000 ) ;
#2524 = CARTESIAN_POINT ( 'NONE',  ( 13.07836607801180229, 1.793882796706454341, 3.000000000000000000 ) ) ;
#2525 = EDGE_LOOP ( 'NONE', ( #2192, #307, #2112, #705 ) ) ;
#2526 = AXIS2_PLACEMENT_3D ( 'NONE', #1773, #1569, #469 ) ;
#2527 = DIRECTION ( 'NONE',  ( -1.263148162119034625E-16, 1.000000000000000000, 0.000000000000000000 ) ) ;
#2528 = CARTESIAN_POINT ( 'NONE',  ( 86.32836607801179696, -2.406117203293549611, 9.075000000000002842 ) ) ;
#2529 = ADVANCED_FACE ( 'NONE', ( #1317 ), #246, .F. ) ;
#2530 = EDGE_CURVE ( 'NONE', #2388, #1551, #44, .T. ) ;
#2531 = LINE ( 'NONE', #138, #2047 ) ;
#2532 = ORIENTED_EDGE ( 'NONE', *, *, #1787, .T. ) ;
#2533 = LINE ( 'NONE', #2096, #1554 ) ;
#2534 = VECTOR ( 'NONE', #363, 1000.000000000000000 ) ;
#2535 = CARTESIAN_POINT ( 'NONE',  ( 35.22836607801179554, 60.69388279670644692, 10.49999999999999822 ) ) ;
#2536 = DIRECTION ( 'NONE',  ( -0.000000000000000000, -0.000000000000000000, 1.000000000000000000 ) ) ;
#2537 = ORIENTED_EDGE ( 'NONE', *, *, #301, .T. ) ;
#2538 = CARTESIAN_POINT ( 'NONE',  ( 89.22836607801178843, 60.69388279670644692, 7.499999999999999112 ) ) ;
#2539 = CARTESIAN_POINT ( 'NONE',  ( 113.8283660780117970, -6.056117203293548634, 3.000000000000000000 ) ) ;
#2540 = DIRECTION ( 'NONE',  ( 0.000000000000000000, -0.000000000000000000, 1.000000000000000000 ) ) ;
#2541 = FACE_OUTER_BOUND ( 'NONE', #2220, .T. ) ;
#2542 = ORIENTED_EDGE ( 'NONE', *, *, #1752, .T. ) ;
#2543 = CARTESIAN_POINT ( 'NONE',  ( 83.55336607801177706, -2.406117203293549167, 3.999999999999999112 ) ) ;
#2544 = VECTOR ( 'NONE', #158, 1000.000000000000000 ) ;
#2545 = LINE ( 'NONE', #1258, #621 ) ;
#2546 = VECTOR ( 'NONE', #810, 999.9999999999998863 ) ;
#2547 = DIRECTION ( 'NONE',  ( 0.000000000000000000, -0.3846153846153867462, 0.9230769230769222400 ) ) ;
#2548 = ORIENTED_EDGE ( 'NONE', *, *, #852, .F. ) ;
#2549 = ADVANCED_FACE ( 'NONE', ( #2417 ), #1136, .F. ) ;
#2550 = CARTESIAN_POINT ( 'NONE',  ( 93.10940975207680026, 57.69388279670645403, 3.000000000000000000 ) ) ;
#2551 = DIRECTION ( 'NONE',  ( 0.000000000000000000, 0.000000000000000000, -1.000000000000000000 ) ) ;
#2552 = CARTESIAN_POINT ( 'NONE',  ( 83.55336607801177706, -2.406117203293549167, 10.49999999999999822 ) ) ;
#2553 = FACE_OUTER_BOUND ( 'NONE', #2037, .T. ) ;
#2554 = CARTESIAN_POINT ( 'NONE',  ( 35.22836607801179554, 57.69388279670644692, 3.000000000000000000 ) ) ;
#2555 = VERTEX_POINT ( 'NONE', #342 ) ;
#2556 = VERTEX_POINT ( 'NONE', #2267 ) ;
#2557 = DIRECTION ( 'NONE',  ( 0.000000000000000000, -0.000000000000000000, -1.000000000000000000 ) ) ;
#2558 = LINE ( 'NONE', #2735, #1553 ) ;
#2559 = DIRECTION ( 'NONE',  ( 1.186135710069610038E-15, -1.000000000000000000, -0.000000000000000000 ) ) ;
#2560 = EDGE_CURVE ( 'NONE', #1522, #905, #1398, .T. ) ;
#2561 = ORIENTED_EDGE ( 'NONE', *, *, #1472, .F. ) ;
#2562 = LINE ( 'NONE', #1527, #423 ) ;
#2563 = ADVANCED_FACE ( 'NONE', ( #98 ), #2079, .T. ) ;
#2564 = LINE ( 'NONE', #1786, #895 ) ;
#2565 = ADVANCED_FACE ( 'NONE', ( #1197 ), #751, .F. ) ;
#2566 = PLANE ( 'NONE',  #145 ) ;
#2567 = DIRECTION ( 'NONE',  ( 0.000000000000000000, -1.000000000000000000, 0.000000000000000000 ) ) ;
#2568 = ORIENTED_EDGE ( 'NONE', *, *, #2154, .T. ) ;
#2569 = CARTESIAN_POINT ( 'NONE',  ( 12.72836607801179554, 3.943882796706457139, 3.000000000000000000 ) ) ;
#2570 = ORIENTED_EDGE ( 'NONE', *, *, #2225, .F. ) ;
#2571 = AXIS2_PLACEMENT_3D ( 'NONE', #2334, #2091, #202 ) ;
#2572 = LINE ( 'NONE', #1098, #157 ) ;
#2573 = ORIENTED_EDGE ( 'NONE', *, *, #1090, .F. ) ;
#2574 = FACE_BOUND ( 'NONE', #1981, .T. ) ;
#2575 = CARTESIAN_POINT ( 'NONE',  ( 0.000000000000000000, 0.000000000000000000, 3.999999999999999112 ) ) ;
#2576 = AXIS2_PLACEMENT_3D ( 'NONE', #2281, #2514, #804 ) ;
#2577 = EDGE_CURVE ( 'NONE', #1997, #905, #985, .T. ) ;
#2578 = CARTESIAN_POINT ( 'NONE',  ( 43.32836607801179696, -4.056117203293553963, 3.000000000000000000 ) ) ;
#2579 = DIRECTION ( 'NONE',  ( 1.000000000000000000, 3.252606517456544363E-16, 0.000000000000000000 ) ) ;
#2580 = ADVANCED_FACE ( 'NONE', ( #356 ), #2714, .F. ) ;
#2581 = VECTOR ( 'NONE', #1980, 1000.000000000000000 ) ;
#2582 = ORIENTED_EDGE ( 'NONE', *, *, #2380, .F. ) ;
#2583 = LINE ( 'NONE', #651, #2185 ) ;
#2584 = ORIENTED_EDGE ( 'NONE', *, *, #1326, .T. ) ;
#2585 = CARTESIAN_POINT ( 'NONE',  ( 108.7283660780117884, 57.44388279670644692, 1.000000000000000000 ) ) ;
#2586 = ORIENTED_EDGE ( 'NONE', *, *, #2379, .F. ) ;
#2587 = VECTOR ( 'NONE', #1778, 1000.000000000000000 ) ;
#2588 = DIRECTION ( 'NONE',  ( 0.000000000000000000, -0.000000000000000000, -1.000000000000000000 ) ) ;
#2589 = CARTESIAN_POINT ( 'NONE',  ( 0.000000000000000000, 0.000000000000000000, 3.000000000000000000 ) ) ;
#2590 = VECTOR ( 'NONE', #1666, 1000.000000000000000 ) ;
#2591 = LINE ( 'NONE', #1287, #2488 ) ;
#2592 = ADVANCED_FACE ( 'NONE', ( #2490 ), #137, .F. ) ;
#2593 = LINE ( 'NONE', #1506, #481 ) ;
#2594 = CIRCLE ( 'NONE', #673, 2.499999999999998668 ) ;
#2595 = ORIENTED_EDGE ( 'NONE', *, *, #1676, .F. ) ;
#2596 = CARTESIAN_POINT ( 'NONE',  ( 13.07836607801179873, 51.94388279670647535, 3.000000000000000000 ) ) ;
#2597 = EDGE_CURVE ( 'NONE', #2181, #2318, #766, .T. ) ;
#2598 = ORIENTED_EDGE ( 'NONE', *, *, #1054, .T. ) ;
#2599 = CARTESIAN_POINT ( 'NONE',  ( 81.32836607801179696, -4.056117203293553963, 3.000000000000000000 ) ) ;
#2600 = ORIENTED_EDGE ( 'NONE', *, *, #700, .F. ) ;
#2601 = ORIENTED_EDGE ( 'NONE', *, *, #2053, .F. ) ;
#2602 = DIRECTION ( 'NONE',  ( -0.000000000000000000, -0.000000000000000000, 1.000000000000000000 ) ) ;
#2603 = CARTESIAN_POINT ( 'NONE',  ( 100.3283660780117970, 7.443882796706436267, 0.5000000000000004441 ) ) ;
#2604 = DIRECTION ( 'NONE',  ( -0.000000000000000000, -0.000000000000000000, 1.000000000000000000 ) ) ;
#2605 = LINE ( 'NONE', #1991, #2284 ) ;
#2606 = ORIENTED_EDGE ( 'NONE', *, *, #357, .F. ) ;
#2607 = DIRECTION ( 'NONE',  ( 0.000000000000000000, 0.9230769230769222400, 0.3846153846153867462 ) ) ;
#2608 = ORIENTED_EDGE ( 'NONE', *, *, #1557, .F. ) ;
#2609 = LINE ( 'NONE', #2178, #1951 ) ;
#2610 = VERTEX_POINT ( 'NONE', #591 ) ;
#2611 = VERTEX_POINT ( 'NONE', #997 ) ;
#2612 = VECTOR ( 'NONE', #2400, 1000.000000000000000 ) ;
#2613 = ADVANCED_FACE ( 'NONE', ( #581 ), #2680, .F. ) ;
#2614 = LINE ( 'NONE', #2296, #2657 ) ;
#2615 = CARTESIAN_POINT ( 'NONE',  ( 86.32836607801179696, -4.056117203293553963, 7.199999999999999289 ) ) ;
#2616 = LINE ( 'NONE', #701, #1543 ) ;
#2617 = VECTOR ( 'NONE', #2085, 1000.000000000000000 ) ;
#2618 = PLANE ( 'NONE',  #122 ) ;
#2619 = VERTEX_POINT ( 'NONE', #2702 ) ;
#2620 = DIRECTION ( 'NONE',  ( -1.000000000000000000, 0.000000000000000000, 0.000000000000000000 ) ) ;
#2621 = ORIENTED_EDGE ( 'NONE', *, *, #1552, .T. ) ;
#2622 = AXIS2_PLACEMENT_3D ( 'NONE', #2157, #224, #1087 ) ;
#2623 = LINE ( 'NONE', #1523, #1012 ) ;
#2624 = ORIENTED_EDGE ( 'NONE', *, *, #1504, .F. ) ;
#2625 = AXIS2_PLACEMENT_3D ( 'NONE', #638, #2761, #2341 ) ;
#2626 = ORIENTED_EDGE ( 'NONE', *, *, #1591, .T. ) ;
#2627 = CARTESIAN_POINT ( 'NONE',  ( 35.55336607801179838, 0.1438827967064498226, 3.999999999999999112 ) ) ;
#2628 = EDGE_CURVE ( 'NONE', #1964, #2139, #1660, .T. ) ;
#2629 = DIRECTION ( 'NONE',  ( -0.000000000000000000, 1.000000000000000000, -0.000000000000000000 ) ) ;
#2630 = AXIS2_PLACEMENT_3D ( 'NONE', #1465, #2136, #204 ) ;
#2631 = LINE ( 'NONE', #1355, #634 ) ;
#2632 = VERTEX_POINT ( 'NONE', #1435 ) ;
#2633 = CARTESIAN_POINT ( 'NONE',  ( 45.22836607801179554, 58.69388279670644692, 6.749999999999999112 ) ) ;
#2634 = MANIFOLD_SOLID_BREP ( 'Cut-Extrude5', #1455 ) ;
#2635 = AXIS2_PLACEMENT_3D ( 'NONE', #2121, #1932, #660 ) ;
#2636 = EDGE_LOOP ( 'NONE', ( #1807, #1526, #741, #1791 ) ) ;
#2637 = CARTESIAN_POINT ( 'NONE',  ( 12.72836607801179554, 3.943882796706457139, 3.000000000000000000 ) ) ;
#2638 = ORIENTED_EDGE ( 'NONE', *, *, #257, .T. ) ;
#2639 = CARTESIAN_POINT ( 'NONE',  ( 108.7283660780117884, -0.5561172032935430831, -6.071067811865478170 ) ) ;
#2640 = VERTEX_POINT ( 'NONE', #830 ) ;
#2641 = ORIENTED_EDGE ( 'NONE', *, *, #170, .T. ) ;
#2642 = CARTESIAN_POINT ( 'NONE',  ( 45.22836607801179554, 60.69388279670644692, 3.000000000000000000 ) ) ;
#2643 = LINE ( 'NONE', #107, #1621 ) ;
#2644 = DIRECTION ( 'NONE',  ( -0.000000000000000000, -0.000000000000000000, 1.000000000000000000 ) ) ;
#2645 = ORIENTED_EDGE ( 'NONE', *, *, #570, .F. ) ;
#2646 = CARTESIAN_POINT ( 'NONE',  ( 21.32836607801181117, 49.44388279670646114, 0.000000000000000000 ) ) ;
#2647 = DIRECTION ( 'NONE',  ( 0.000000000000000000, -1.000000000000000000, 0.000000000000000000 ) ) ;
#2648 = EDGE_LOOP ( 'NONE', ( #2044, #1989, #1369, #2152, #1133, #1126, #1360, #1534, #2670, #2224, #1631, #527 ) ) ;
#2649 = EDGE_CURVE ( 'NONE', #1149, #1551, #539, .T. ) ;
#2650 = DIRECTION ( 'NONE',  ( 1.000000000000000000, 0.000000000000000000, 0.000000000000000000 ) ) ;
#2651 = ORIENTED_EDGE ( 'NONE', *, *, #1223, .T. ) ;
#2652 = DIRECTION ( 'NONE',  ( 1.000000000000000000, 0.000000000000000000, 0.000000000000000000 ) ) ;
#2653 = ORIENTED_EDGE ( 'NONE', *, *, #1220, .T. ) ;
#2654 = VERTEX_POINT ( 'NONE', #2528 ) ;
#2655 = AXIS2_PLACEMENT_3D ( 'NONE', #1625, #2040, #358 ) ;
#2656 = ORIENTED_EDGE ( 'NONE', *, *, #2279, .F. ) ;
#2657 = VECTOR ( 'NONE', #1010, 1000.000000000000000 ) ;
#2658 = PLANE ( 'NONE',  #562 ) ;
#2659 = DIRECTION ( 'NONE',  ( 0.000000000000000000, -1.000000000000000000, 0.000000000000000000 ) ) ;
#2660 = FACE_OUTER_BOUND ( 'NONE', #2745, .T. ) ;
#2661 = ORIENTED_EDGE ( 'NONE', *, *, #2487, .T. ) ;
#2662 = FACE_OUTER_BOUND ( 'NONE', #1564, .T. ) ;
#2663 = ADVANCED_FACE ( 'NONE', ( #1023 ), #409, .F. ) ;
#2664 = ADVANCED_FACE ( 'NONE', ( #2307 ), #186, .F. ) ;
#2665 = AXIS2_PLACEMENT_3D ( 'NONE', #1608, #794, #1849 ) ;
#2666 = ORIENTED_EDGE ( 'NONE', *, *, #2058, .F. ) ;
#2667 = ORIENTED_EDGE ( 'NONE', *, *, #954, .F. ) ;
#2668 = EDGE_CURVE ( 'NONE', #1952, #235, #2120, .T. ) ;
#2669 = CARTESIAN_POINT ( 'NONE',  ( 83.55336607801177706, -2.406117203293549167, 3.999999999999999112 ) ) ;
#2670 = ORIENTED_EDGE ( 'NONE', *, *, #934, .F. ) ;
#2671 = ORIENTED_EDGE ( 'NONE', *, *, #986, .F. ) ;
#2672 = ORIENTED_EDGE ( 'NONE', *, *, #1448, .F. ) ;
#2673 = LINE ( 'NONE', #1414, #1829 ) ;
#2674 = VECTOR ( 'NONE', #667, 1000.000000000000000 ) ;
#2675 = LINE ( 'NONE', #1758, #2467 ) ;
#2676 = EDGE_LOOP ( 'NONE', ( #2537, #833, #2656, #655 ) ) ;
#2677 = CARTESIAN_POINT ( 'NONE',  ( 108.7283660780117884, 52.44388279670644692, 3.000000000000000000 ) ) ;
#2678 = AXIS2_PLACEMENT_3D ( 'NONE', #391, #2739, #814 ) ;
#2679 = ORIENTED_EDGE ( 'NONE', *, *, #1657, .F. ) ;
#2680 = PLANE ( 'NONE',  #2665 ) ;
#2681 = CARTESIAN_POINT ( 'NONE',  ( 86.32836607801179696, -2.406117203293549611, 5.324999999999995737 ) ) ;
#2682 = ORIENTED_EDGE ( 'NONE', *, *, #2649, .F. ) ;
#2683 = AXIS2_PLACEMENT_3D ( 'NONE', #2437, #513, #56 ) ;
#2684 = ORIENTED_EDGE ( 'NONE', *, *, #1924, .F. ) ;
#2685 = ORIENTED_EDGE ( 'NONE', *, *, #2283, .T. ) ;
#2686 = CARTESIAN_POINT ( 'NONE',  ( 13.32836607801180051, 62.94388279670645403, 3.000000000000000000 ) ) ;
#2687 = CARTESIAN_POINT ( 'NONE',  ( 83.55336607801177706, -2.406117203293549167, 3.999999999999999112 ) ) ;
#2688 = VECTOR ( 'NONE', #730, 1000.000000000000000 ) ;
#2689 = EDGE_LOOP ( 'NONE', ( #1350, #380, #568, #2377 ) ) ;
#2690 = DIRECTION ( 'NONE',  ( -1.000000000000000000, -9.505334114941409750E-17, 0.000000000000000000 ) ) ;
#2691 = ORIENTED_EDGE ( 'NONE', *, *, #361, .F. ) ;
#2692 = CARTESIAN_POINT ( 'NONE',  ( 108.7283660780117884, -0.5561172032935430831, 3.000000000000000000 ) ) ;
#2693 = FACE_OUTER_BOUND ( 'NONE', #1129, .T. ) ;
#2694 = ORIENTED_EDGE ( 'NONE', *, *, #187, .T. ) ;
#2695 = EDGE_CURVE ( 'NONE', #943, #1402, #1482, .T. ) ;
#2696 = CARTESIAN_POINT ( 'NONE',  ( 113.8283660780117970, 62.94388279670645403, 0.000000000000000000 ) ) ;
#2697 = DIRECTION ( 'NONE',  ( -0.000000000000000000, -0.000000000000000000, 1.000000000000000000 ) ) ;
#2698 = FACE_OUTER_BOUND ( 'NONE', #1828, .T. ) ;
#2699 = EDGE_LOOP ( 'NONE', ( #2130, #615, #1096, #1449, #1339, #2144, #1702 ) ) ;
#2700 = CARTESIAN_POINT ( 'NONE',  ( 93.10940975207680026, 60.69388279670645403, 7.499999999999999112 ) ) ;
#2701 = ORIENTED_EDGE ( 'NONE', *, *, #2140, .T. ) ;
#2702 = CARTESIAN_POINT ( 'NONE',  ( 111.3283660780117827, -6.056117203293548634, 3.000000000000000000 ) ) ;
#2703 = CYLINDRICAL_SURFACE ( 'NONE', #2001, 1.875000000000003331 ) ;
#2704 = ORIENTED_EDGE ( 'NONE', *, *, #1037, .T. ) ;
#2705 = VECTOR ( 'NONE', #1716, 1000.000000000000000 ) ;
#2706 = LINE ( 'NONE', #2084, #253 ) ;
#2707 = DIRECTION ( 'NONE',  ( -1.000000000000000000, 2.731847993664263711E-16, 0.000000000000000000 ) ) ;
#2708 = CARTESIAN_POINT ( 'NONE',  ( 91.32836607801178275, -4.056117203293553963, 10.49999999999999822 ) ) ;
#2709 = EDGE_CURVE ( 'NONE', #191, #959, #1479, .T. ) ;
#2710 = EDGE_LOOP ( 'NONE', ( #480, #2704, #1025, #1231 ) ) ;
#2711 = ADVANCED_FACE ( 'NONE', ( #382 ), #161, .F. ) ;
#2712 = DIRECTION ( 'NONE',  ( -0.000000000000000000, -1.000000000000000000, -0.000000000000000000 ) ) ;
#2713 = LINE ( 'NONE', #802, #788 ) ;
#2714 = PLANE ( 'NONE',  #1507 ) ;
#2715 = EDGE_CURVE ( 'NONE', #1520, #1913, #1035, .T. ) ;
#2716 = VECTOR ( 'NONE', #135, 1000.000000000000000 ) ;
#2717 = LINE ( 'NONE', #1862, #703 ) ;
#2718 = EDGE_LOOP ( 'NONE', ( #1173, #2123, #454, #2672 ) ) ;
#2719 = VECTOR ( 'NONE', #216, 1000.000000000000000 ) ;
#2720 = LINE ( 'NONE', #385, #432 ) ;
#2721 = DIRECTION ( 'NONE',  ( -0.000000000000000000, 1.000000000000000000, -0.000000000000000000 ) ) ;
#2722 = LINE ( 'NONE', #811, #1766 ) ;
#2723 = CARTESIAN_POINT ( 'NONE',  ( 35.55336607801179838, -2.406117203293550055, 3.999999999999999112 ) ) ;
#2724 = AXIS2_PLACEMENT_3D ( 'NONE', #2603, #2347, #857 ) ;
#2725 = AXIS2_PLACEMENT_3D ( 'NONE', #1048, #1233, #1876 ) ;
#2726 = LINE ( 'NONE', #2524, #252 ) ;
#2727 = EDGE_CURVE ( 'NONE', #1038, #2318, #1464, .T. ) ;
#2728 = ORIENTED_EDGE ( 'NONE', *, *, #2597, .F. ) ;
#2729 = ADVANCED_FACE ( 'NONE', ( #85 ), #496, .F. ) ;
#2730 = LINE ( 'NONE', #1874, #1000 ) ;
#2731 = CARTESIAN_POINT ( 'NONE',  ( 35.55336607801179838, -2.406117203293550055, 3.999999999999999112 ) ) ;
#2732 = DIRECTION ( 'NONE',  ( 0.7071067811865567876, 1.043944453912097748E-16, -0.7071067811865382469 ) ) ;
#2733 = VERTEX_POINT ( 'NONE', #1998 ) ;
#2734 = CARTESIAN_POINT ( 'NONE',  ( 108.7283660780117884, -0.5561172032935430831, 1.000000000000000000 ) ) ;
#2735 = CARTESIAN_POINT ( 'NONE',  ( 83.55336607801177706, -2.406117203293549167, 10.49999999999999822 ) ) ;
#2736 = DIRECTION ( 'NONE',  ( 0.000000000000000000, -1.000000000000000000, 0.000000000000000000 ) ) ;
#2737 = AXIS2_PLACEMENT_3D ( 'NONE', #740, #1838, #2282 ) ;
#2738 = EDGE_LOOP ( 'NONE', ( #1401, #330, #1848, #528 ) ) ;
#2739 = DIRECTION ( 'NONE',  ( -1.220948392438631595E-16, 1.000000000000000000, 0.000000000000000000 ) ) ;
#2740 = DIRECTION ( 'NONE',  ( 0.000000000000000000, 0.7071067811865475727, -0.7071067811865475727 ) ) ;
#2741 = DIRECTION ( 'NONE',  ( 0.000000000000000000, 0.000000000000000000, 1.000000000000000000 ) ) ;
#2742 = EDGE_CURVE ( 'NONE', #1596, #688, #2209, .T. ) ;
#2743 = DIRECTION ( 'NONE',  ( 0.000000000000000000, 0.2576626505603326067, 0.9662349396012461789 ) ) ;
#2744 = VECTOR ( 'NONE', #2119, 1000.000000000000000 ) ;
#2745 = EDGE_LOOP ( 'NONE', ( #2433, #1566, #2255, #268 ) ) ;
#2746 = EDGE_CURVE ( 'NONE', #912, #649, #2195, .T. ) ;
#2747 = CYLINDRICAL_SURFACE ( 'NONE', #346, 2.499999999999998668 ) ;
#2748 = DIRECTION ( 'NONE',  ( -1.000000000000000000, -0.000000000000000000, -0.000000000000000000 ) ) ;
#2749 = CARTESIAN_POINT ( 'NONE',  ( 45.22836607801179554, 57.69388279670644692, 3.000000000000000000 ) ) ;
#2750 = ORIENTED_EDGE ( 'NONE', *, *, #1857, .F. ) ;
#2751 = CARTESIAN_POINT ( 'NONE',  ( 24.32836607801180406, 4.943882796706438043, 0.5000000000000004441 ) ) ;
#2752 = DIRECTION ( 'NONE',  ( -1.000000000000000000, 0.000000000000000000, -0.000000000000000000 ) ) ;
#2753 = AXIS2_PLACEMENT_3D ( 'NONE', #441, #866, #1721 ) ;
#2754 = DIRECTION ( 'NONE',  ( -1.000000000000000000, 0.000000000000000000, 0.000000000000000000 ) ) ;
#2755 = VECTOR ( 'NONE', #585, 1000.000000000000000 ) ;
#2756 = LINE ( 'NONE', #174, #2265 ) ;
#2757 = CARTESIAN_POINT ( 'NONE',  ( 16.72836607801176001, 1.793882796706454341, -6.071067811865478170 ) ) ;
#2758 = CARTESIAN_POINT ( 'NONE',  ( 16.72836607801176001, -0.05611720329354959180, 1.000000000000000000 ) ) ;
#2759 = ORIENTED_EDGE ( 'NONE', *, *, #2016, .F. ) ;
#2760 = VERTEX_POINT ( 'NONE', #1982 ) ;
#2761 = DIRECTION ( 'NONE',  ( -7.437185320372165018E-17, 1.000000000000000000, 0.000000000000000000 ) ) ;
#2762 = VECTOR ( 'NONE', #2486, 1000.000000000000000 ) ;
#2763 = DIRECTION ( 'NONE',  ( -0.000000000000000000, 0.000000000000000000, -1.000000000000000000 ) ) ;
#2764 = CARTESIAN_POINT ( 'NONE',  ( 103.7283660780117742, -0.5561172032935430831, 1.000000000000000000 ) ) ;
#2765 = VERTEX_POINT ( 'NONE', #49 ) ;
#2766 = AXIS2_PLACEMENT_3D ( 'NONE', #422, #1518, #2 ) ;
#2767 = EDGE_CURVE ( 'NONE', #2610, #2468, #944, .T. ) ;
#2768 = PLANE ( 'NONE',  #2622 ) ;
#2769 = CARTESIAN_POINT ( 'NONE',  ( 13.07836607801179696, 36.04388279670645545, 1.000000000000000000 ) ) ;
#2770 = DIRECTION ( 'NONE',  ( -1.000000000000000000, 0.000000000000000000, 0.000000000000000000 ) ) ;
#2771 = DIRECTION ( 'NONE',  ( -0.000000000000000000, 1.000000000000000000, -0.000000000000000000 ) ) ;
#2772 = VERTEX_POINT ( 'NONE', #1797 ) ;
#2773 = LINE ( 'NONE', #2521, #288 ) ;
#2774 = EDGE_LOOP ( 'NONE', ( #2012, #2450, #300, #1284 ) ) ;
#2775 = DIRECTION ( 'NONE',  ( -1.000000000000000000, 0.000000000000000000, 0.000000000000000000 ) ) ;
#2776 = FACE_BOUND ( 'NONE', #1906, .T. ) ;
#2777 = ORIENTED_EDGE ( 'NONE', *, *, #503, .F. ) ;
#2778 = CARTESIAN_POINT ( 'NONE',  ( 108.7283660780117884, 52.44388279670644692, 1.000000000000000000 ) ) ;
#2779 = FACE_OUTER_BOUND ( 'NONE', #1512, .T. ) ;
ENDSEC;
END-ISO-10303-21;
