ISO-10303-21;
HEADER;
FILE_DESCRIPTION (( 'STEP AP214' ),
    '1' );
FILE_NAME ('enclosure_body.STEP',
    '2026-06-22T00:12:57',
    ( '' ),
    ( '' ),
    'SwSTEP 2.0',
    'SolidWorks 2026',
    '' );
FILE_SCHEMA (( 'AUTOMOTIVE_DESIGN' ));
ENDSEC;

DATA;
#1 = ADVANCED_FACE ( 'NONE', ( #4070 ), #4808, .T. ) ;
#2 = VERTEX_POINT ( 'NONE', #1537 ) ;
#3 = ORIENTED_EDGE ( 'NONE', *, *, #5106, .T. ) ;
#4 = CARTESIAN_POINT ( 'NONE',  ( 21.64999999999999858, -33.45000000000001705, 2.000000000000000000 ) ) ;
#5 = PLANE ( 'NONE',  #4356 ) ;
#6 = LINE ( 'NONE', #2916, #4831 ) ;
#7 = ORIENTED_EDGE ( 'NONE', *, *, #3132, .T. ) ;
#8 = DIRECTION ( 'NONE',  ( -1.301268728343923962E-17, -4.461994495156348024E-30, -1.000000000000000000 ) ) ;
#9 = ORIENTED_EDGE ( 'NONE', *, *, #1989, .T. ) ;
#10 = CARTESIAN_POINT ( 'NONE',  ( -25.82102224193585016, 9.521022241935741093, 0.9999999999999991118 ) ) ;
#11 = CARTESIAN_POINT ( 'NONE',  ( 32.50000000000000000, -71.29999999999999716, -145.7918040909596300 ) ) ;
#12 = ORIENTED_EDGE ( 'NONE', *, *, #4338, .F. ) ;
#13 = CARTESIAN_POINT ( 'NONE',  ( 8.149999999999973710, -72.04999999999999716, -21.81599999999999540 ) ) ;
#14 = VECTOR ( 'NONE', #1244, 1000.000000000000000 ) ;
#15 = ORIENTED_EDGE ( 'NONE', *, *, #5069, .F. ) ;
#16 = CARTESIAN_POINT ( 'NONE',  ( 13.40000000000000036, -0.5000000000000532907, 2.000000000000000000 ) ) ;
#17 = CARTESIAN_POINT ( 'NONE',  ( 26.14999999999999147, -8.999999999999996447, -7.500000000000000000 ) ) ;
#18 = CARTESIAN_POINT ( 'NONE',  ( -32.50000000000000000, -38.65000000000000568, -17.61599999999999611 ) ) ;
#19 = PLANE ( 'NONE',  #1293 ) ;
#20 = ADVANCED_FACE ( 'NONE', ( #4095 ), #3174, .F. ) ;
#21 = CARTESIAN_POINT ( 'NONE',  ( -33.89583333333333570, -38.65000000000000568, -17.61599999999999611 ) ) ;
#22 = CARTESIAN_POINT ( 'NONE',  ( -12.86009485345630310, -71.29999999999999716, -9.907999999999999474 ) ) ;
#23 = ORIENTED_EDGE ( 'NONE', *, *, #4751, .T. ) ;
#24 = CARTESIAN_POINT ( 'NONE',  ( 12.64999999999999858, -47.95000000000000995, -40.42029184550956700 ) ) ;
#25 = EDGE_LOOP ( 'NONE', ( #5216, #2731, #1240, #4704 ) ) ;
#26 = AXIS2_PLACEMENT_3D ( 'NONE', #2395, #5260, #3602 ) ;
#27 = EDGE_CURVE ( 'NONE', #4587, #1444, #3677, .T. ) ;
#28 = ORIENTED_EDGE ( 'NONE', *, *, #5128, .F. ) ;
#29 = CARTESIAN_POINT ( 'NONE',  ( -12.86009485345630132, -71.29999999999999716, -21.81600000000000250 ) ) ;
#30 = LINE ( 'NONE', #3425, #2427 ) ;
#31 = VECTOR ( 'NONE', #3752, 1000.000000000000000 ) ;
#32 = VERTEX_POINT ( 'NONE', #3628 ) ;
#33 = VECTOR ( 'NONE', #519, 1000.000000000000000 ) ;
#34 = CARTESIAN_POINT ( 'NONE',  ( 34.50000000000000000, -70.79999999999999716, 2.000000000000000000 ) ) ;
#35 = VERTEX_POINT ( 'NONE', #5373 ) ;
#36 = CARTESIAN_POINT ( 'NONE',  ( -24.00000000000002132, -67.80000000000003979, 0.000000000000000000 ) ) ;
#37 = CARTESIAN_POINT ( 'NONE',  ( 32.50000000000000000, -47.57500000000000284, -17.61599999999999255 ) ) ;
#38 = ORIENTED_EDGE ( 'NONE', *, *, #4109, .T. ) ;
#39 = ORIENTED_EDGE ( 'NONE', *, *, #2239, .F. ) ;
#40 = LINE ( 'NONE', #3437, #3591 ) ;
#41 = AXIS2_PLACEMENT_3D ( 'NONE', #2414, #4995, #4144 ) ;
#42 = ORIENTED_EDGE ( 'NONE', *, *, #4077, .T. ) ;
#43 = CARTESIAN_POINT ( 'NONE',  ( 24.99999999999999289, -70.80000000000001137, -26.80281151192504652 ) ) ;
#44 = AXIS2_PLACEMENT_3D ( 'NONE', #610, #692, #5361 ) ;
#45 = DIRECTION ( 'NONE',  ( -0.000000000000000000, -0.000000000000000000, 1.000000000000000000 ) ) ;
#46 = CARTESIAN_POINT ( 'NONE',  ( -24.00000000000001066, 5.541878658694628749E-15, -36.63144236528317776 ) ) ;
#47 = EDGE_CURVE ( 'NONE', #4173, #2338, #4840, .T. ) ;
#48 = VECTOR ( 'NONE', #3452, 1000.000000000000000 ) ;
#49 = EDGE_CURVE ( 'NONE', #3559, #1830, #4867, .T. ) ;
#50 = CARTESIAN_POINT ( 'NONE',  ( -0.000000000000000000, -61.29999999999999716, 0.000000000000000000 ) ) ;
#51 = DIRECTION ( 'NONE',  ( -4.956352788505164254E-16, -1.000000000000000000, 4.468444042046670043E-30 ) ) ;
#52 = PLANE ( 'NONE',  #3782 ) ;
#53 = ORIENTED_EDGE ( 'NONE', *, *, #989, .F. ) ;
#54 = CARTESIAN_POINT ( 'NONE',  ( -32.00000000000000000, -73.29999999999999716, -21.81600000000000250 ) ) ;
#55 = VECTOR ( 'NONE', #3877, 1000.000000000000000 ) ;
#56 = EDGE_CURVE ( 'NONE', #4658, #1593, #210, .T. ) ;
#57 = VERTEX_POINT ( 'NONE', #3120 ) ;
#58 = AXIS2_PLACEMENT_3D ( 'NONE', #2459, #3802, #2904 ) ;
#59 = VERTEX_POINT ( 'NONE', #2697 ) ;
#60 = CARTESIAN_POINT ( 'NONE',  ( 16.19500000000000028, -43.12000000000001876, -14.68999999999999595 ) ) ;
#61 = DIRECTION ( 'NONE',  ( -0.000000000000000000, -0.000000000000000000, 1.000000000000000000 ) ) ;
#62 = EDGE_CURVE ( 'NONE', #3338, #2710, #3654, .T. ) ;
#63 = EDGE_CURVE ( 'NONE', #2882, #1420, #3124, .T. ) ;
#64 = VECTOR ( 'NONE', #3091, 1000.000000000000000 ) ;
#65 = ORIENTED_EDGE ( 'NONE', *, *, #713, .F. ) ;
#66 = CARTESIAN_POINT ( 'NONE',  ( -23.86009485345630310, -71.29999999999999716, -21.81600000000000250 ) ) ;
#67 = ORIENTED_EDGE ( 'NONE', *, *, #3490, .F. ) ;
#68 = LINE ( 'NONE', #2248, #4904 ) ;
#69 = DIRECTION ( 'NONE',  ( -0.000000000000000000, 0.000000000000000000, 1.000000000000000000 ) ) ;
#70 = CIRCLE ( 'NONE', #596, 4.249999999999990230 ) ;
#71 = ORIENTED_EDGE ( 'NONE', *, *, #948, .F. ) ;
#72 = FACE_OUTER_BOUND ( 'NONE', #3093, .T. ) ;
#73 = AXIS2_PLACEMENT_3D ( 'NONE', #515, #460, #5151 ) ;
#74 = VERTEX_POINT ( 'NONE', #4046 ) ;
#75 = DIRECTION ( 'NONE',  ( -0.000000000000000000, -0.000000000000000000, 1.000000000000000000 ) ) ;
#76 =( BOUNDED_CURVE ( )  B_SPLINE_CURVE ( 3, ( #225, #999, #607, #2682 ),
 .UNSPECIFIED., .F., .T. ) 
 B_SPLINE_CURVE_WITH_KNOTS ( ( 4, 4 ),
 ( 3.141592653589793116, 4.712388980384689674 ),
 .UNSPECIFIED. ) 
 CURVE ( )  GEOMETRIC_REPRESENTATION_ITEM ( )  RATIONAL_B_SPLINE_CURVE ( ( 1.000000000000000000, 0.8047378541243649375, 0.8047378541243649375, 1.000000000000000000 ) ) 
 REPRESENTATION_ITEM ( '' )  );
#77 = CARTESIAN_POINT ( 'NONE',  ( -18.77897775806425074, 2.478977758064127901, 0.9999999999999991118 ) ) ;
#78 = DIRECTION ( 'NONE',  ( 0.000000000000000000, -1.000000000000000000, 0.000000000000000000 ) ) ;
#79 = ORIENTED_EDGE ( 'NONE', *, *, #2674, .F. ) ;
#80 = DIRECTION ( 'NONE',  ( 1.000000000000000000, 0.000000000000000000, 0.000000000000000000 ) ) ;
#81 = DIRECTION ( 'NONE',  ( 0.000000000000000000, -0.000000000000000000, 1.000000000000000000 ) ) ;
#82 = SURFACE_STYLE_USAGE ( .BOTH. , #3494 ) ;
#83 = ORIENTED_EDGE ( 'NONE', *, *, #1915, .F. ) ;
#84 = DIRECTION ( 'NONE',  ( -0.000000000000000000, -0.000000000000000000, 1.000000000000000000 ) ) ;
#85 = DIRECTION ( 'NONE',  ( 0.9230769230769230171, -6.184956393194403917E-17, -0.3846153846153848588 ) ) ;
#86 = ORIENTED_EDGE ( 'NONE', *, *, #5218, .F. ) ;
#87 = LINE ( 'NONE', #5164, #2238 ) ;
#88 = ORIENTED_EDGE ( 'NONE', *, *, #352, .T. ) ;
#89 = EDGE_CURVE ( 'NONE', #1156, #231, #1118, .T. ) ;
#90 = DIRECTION ( 'NONE',  ( 0.000000000000000000, 0.000000000000000000, -1.000000000000000000 ) ) ;
#91 = DIRECTION ( 'NONE',  ( 1.000000000000000000, 0.000000000000000000, 0.000000000000000000 ) ) ;
#92 = ORIENTED_EDGE ( 'NONE', *, *, #3960, .F. ) ;
#93 = FACE_OUTER_BOUND ( 'NONE', #1895, .T. ) ;
#94 = VERTEX_POINT ( 'NONE', #1457 ) ;
#95 = CARTESIAN_POINT ( 'NONE',  ( -23.86009485345630310, -73.29999999999999716, -9.907999999999999474 ) ) ;
#96 = DIRECTION ( 'NONE',  ( -1.000000000000000000, 0.000000000000000000, 0.000000000000000000 ) ) ;
#97 = DIRECTION ( 'NONE',  ( 0.000000000000000000, 1.000000000000000000, 0.000000000000000000 ) ) ;
#98 = SHAPE_DEFINITION_REPRESENTATION ( #156, #5283 ) ;
#99 = AXIS2_PLACEMENT_3D ( 'NONE', #4080, #2438, #2793 ) ;
#100 = ORIENTED_EDGE ( 'NONE', *, *, #3783, .T. ) ;
#101 = DIRECTION ( 'NONE',  ( -1.000000000000000000, 0.000000000000000000, 1.301268728343923962E-17 ) ) ;
#102 = EDGE_CURVE ( 'NONE', #292, #664, #620, .T. ) ;
#103 = DIRECTION ( 'NONE',  ( 0.000000000000000000, 0.000000000000000000, -1.000000000000000000 ) ) ;
#104 = CARTESIAN_POINT ( 'NONE',  ( 22.99999999999999289, -68.30000000000001137, -21.30000000000000071 ) ) ;
#105 = DIRECTION ( 'NONE',  ( -0.000000000000000000, -0.000000000000000000, 1.000000000000000000 ) ) ;
#106 = ORIENTED_EDGE ( 'NONE', *, *, #2994, .F. ) ;
#107 = VERTEX_POINT ( 'NONE', #3649 ) ;
#108 = DIRECTION ( 'NONE',  ( -0.000000000000000000, -0.000000000000000000, 1.000000000000000000 ) ) ;
#109 = VECTOR ( 'NONE', #4406, 1000.000000000000000 ) ;
#110 = EDGE_CURVE ( 'NONE', #3280, #5158, #1907, .T. ) ;
#111 = DIRECTION ( 'NONE',  ( -0.000000000000000000, -0.000000000000000000, 1.000000000000000000 ) ) ;
#112 = VERTEX_POINT ( 'NONE', #1937 ) ;
#113 = CARTESIAN_POINT ( 'NONE',  ( 1.995032651035020675E-16, -46.32499999999998863, -21.30000000000000071 ) ) ;
#114 = AXIS2_PLACEMENT_3D ( 'NONE', #1191, #4523, #2472 ) ;
#115 = DIRECTION ( 'NONE',  ( -6.700369425960418635E-17, -1.000000000000000000, 4.463535239111857813E-30 ) ) ;
#116 = EDGE_LOOP ( 'NONE', ( #3835, #4506, #1216 ) ) ;
#117 = VERTEX_POINT ( 'NONE', #288 ) ;
#118 = CARTESIAN_POINT ( 'NONE',  ( 27.19669914110088627, 2.299999999999994937, -17.61599999999999611 ) ) ;
#119 = EDGE_CURVE ( 'NONE', #4316, #661, #1487, .T. ) ;
#120 = VERTEX_POINT ( 'NONE', #3199 ) ;
#121 = CIRCLE ( 'NONE', #2330, 3.525000000000000355 ) ;
#122 = DIRECTION ( 'NONE',  ( 1.000000000000000000, 0.000000000000000000, 0.000000000000000000 ) ) ;
#123 = DIRECTION ( 'NONE',  ( 0.000000000000000000, 0.000000000000000000, -1.000000000000000000 ) ) ;
#124 = PLANE ( 'NONE',  #2982 ) ;
#125 = VECTOR ( 'NONE', #705, 1000.000000000000000 ) ;
#126 = EDGE_CURVE ( 'NONE', #120, #117, #1985, .T. ) ;
#127 = VECTOR ( 'NONE', #2743, 1000.000000000000000 ) ;
#128 = LINE ( 'NONE', #1323, #410 ) ;
#129 = DIRECTION ( 'NONE',  ( 0.7071067811865408004, 0.000000000000000000, 0.7071067811865543451 ) ) ;
#130 = DIRECTION ( 'NONE',  ( -0.000000000000000000, -0.000000000000000000, 1.000000000000000000 ) ) ;
#131 = CARTESIAN_POINT ( 'NONE',  ( 0.000000000000000000, 20.19999999999998508, -26.80281151192504652 ) ) ;
#132 = VECTOR ( 'NONE', #4202, 1000.000000000000000 ) ;
#133 = EDGE_CURVE ( 'NONE', #5371, #3733, #3148, .T. ) ;
#134 = VECTOR ( 'NONE', #4307, 1000.000000000000000 ) ;
#135 = ORIENTED_EDGE ( 'NONE', *, *, #1727, .F. ) ;
#136 = FACE_OUTER_BOUND ( 'NONE', #612, .T. ) ;
#137 = VECTOR ( 'NONE', #1828, 1000.000000000000000 ) ;
#138 = EDGE_CURVE ( 'NONE', #144, #59, #2779, .T. ) ;
#139 = CARTESIAN_POINT ( 'NONE',  ( 16.19500000000000028, 0.000000000000000000, -14.68999999999999595 ) ) ;
#140 = VERTEX_POINT ( 'NONE', #678 ) ;
#141 = DIRECTION ( 'NONE',  ( -0.000000000000000000, -0.000000000000000000, 1.000000000000000000 ) ) ;
#142 = PLANE ( 'NONE',  #328 ) ;
#143 = ORIENTED_EDGE ( 'NONE', *, *, #175, .F. ) ;
#144 = VERTEX_POINT ( 'NONE', #5345 ) ;
#145 = CARTESIAN_POINT ( 'NONE',  ( -23.86009485345630310, -73.29999999999999716, -21.81600000000000250 ) ) ;
#146 = AXIS2_PLACEMENT_3D ( 'NONE', #2161, #3963, #4738 ) ;
#147 = ORIENTED_EDGE ( 'NONE', *, *, #4222, .T. ) ;
#148 = CARTESIAN_POINT ( 'NONE',  ( -5.249999999999997335, -31.29999999999999361, -21.30000000000000071 ) ) ;
#149 = VECTOR ( 'NONE', #5488, 1000.000000000000114 ) ;
#150 = LINE ( 'NONE', #1851, #216 ) ;
#151 = LINE ( 'NONE', #4009, #3884 ) ;
#152 = ORIENTED_EDGE ( 'NONE', *, *, #4970, .F. ) ;
#153 = LINE ( 'NONE', #3417, #137 ) ;
#154 = VECTOR ( 'NONE', #91, 1000.000000000000000 ) ;
#155 = ORIENTED_EDGE ( 'NONE', *, *, #5313, .T. ) ;
#156 = PRODUCT_DEFINITION_SHAPE ( 'NONE', 'NONE',  #3501 ) ;
#157 = LINE ( 'NONE', #50, #1201 ) ;
#158 = DIRECTION ( 'NONE',  ( 0.000000000000000000, 1.000000000000000000, 0.000000000000000000 ) ) ;
#159 = CARTESIAN_POINT ( 'NONE',  ( -26.82102224193583595, 10.52102224193572866, 2.000000000000000000 ) ) ;
#160 = ADVANCED_FACE ( 'NONE', ( #3228 ), #765, .T. ) ;
#161 = CARTESIAN_POINT ( 'NONE',  ( 34.50000000000000711, 2.299999999999994493, -17.61599999999999611 ) ) ;
#162 = ORIENTED_EDGE ( 'NONE', *, *, #894, .T. ) ;
#163 = CARTESIAN_POINT ( 'NONE',  ( -20.95000000000000639, -33.29999999999999716, -36.63144236528317776 ) ) ;
#164 = LINE ( 'NONE', #1842, #3217 ) ;
#165 = ORIENTED_EDGE ( 'NONE', *, *, #2929, .F. ) ;
#166 = DIRECTION ( 'NONE',  ( 0.000000000000000000, 0.000000000000000000, -1.000000000000000000 ) ) ;
#167 = PLANE ( 'NONE',  #2897 ) ;
#168 = ORIENTED_EDGE ( 'NONE', *, *, #4014, .F. ) ;
#169 = DIRECTION ( 'NONE',  ( 0.000000000000000000, -1.000000000000000000, 0.000000000000000000 ) ) ;
#170 = ORIENTED_EDGE ( 'NONE', *, *, #5163, .F. ) ;
#171 = EDGE_CURVE ( 'NONE', #3585, #4251, #4178, .T. ) ;
#172 = DIRECTION ( 'NONE',  ( -1.301268728343923962E-17, -4.461994495156348024E-30, -1.000000000000000000 ) ) ;
#173 = ORIENTED_EDGE ( 'NONE', *, *, #3282, .F. ) ;
#174 = LINE ( 'NONE', #3701, #4647 ) ;
#175 = EDGE_CURVE ( 'NONE', #2301, #3508, #3204, .T. ) ;
#176 = DIRECTION ( 'NONE',  ( 0.000000000000000000, 0.000000000000000000, -1.000000000000000000 ) ) ;
#177 = ORIENTED_EDGE ( 'NONE', *, *, #2394, .T. ) ;
#178 = DIRECTION ( 'NONE',  ( -0.000000000000000000, -0.000000000000000000, 1.000000000000000000 ) ) ;
#179 = ORIENTED_EDGE ( 'NONE', *, *, #4951, .F. ) ;
#180 = PRODUCT_DEFINITION_CONTEXT ( 'detailed design', #2231, 'design' ) ;
#181 = DIRECTION ( 'NONE',  ( -0.000000000000000000, -0.000000000000000000, 1.000000000000000000 ) ) ;
#182 = DIRECTION ( 'NONE',  ( 1.982541115402065702E-15, 1.000000000000000000, -4.487792682717636801E-30 ) ) ;
#183 = EDGE_CURVE ( 'NONE', #4443, #3899, #1621, .T. ) ;
#184 = DIRECTION ( 'NONE',  ( -0.000000000000000000, -0.000000000000000000, 1.000000000000000000 ) ) ;
#185 = CARTESIAN_POINT ( 'NONE',  ( -30.44999999999999929, 9.500000000000001776, -7.500000000000000000 ) ) ;
#186 = AXIS2_PLACEMENT_3D ( 'NONE', #4493, #690, #5331 ) ;
#187 = ADVANCED_FACE ( 'NONE', ( #2951 ), #3796, .F. ) ;
#188 = ORIENTED_EDGE ( 'NONE', *, *, #1995, .T. ) ;
#189 = DIRECTION ( 'NONE',  ( -0.000000000000000000, -0.000000000000000000, 1.000000000000000000 ) ) ;
#190 = VECTOR ( 'NONE', #3575, 1000.000000000000000 ) ;
#191 = EDGE_CURVE ( 'NONE', #1206, #4219, #319, .T. ) ;
#192 = EDGE_CURVE ( 'NONE', #3656, #120, #3375, .T. ) ;
#193 = LINE ( 'NONE', #3974, #4020 ) ;
#194 = ORIENTED_EDGE ( 'NONE', *, *, #5233, .T. ) ;
#195 = CARTESIAN_POINT ( 'NONE',  ( 21.90000000000000213, 13.75000000000000178, -7.500000000000000000 ) ) ;
#196 = LINE ( 'NONE', #2737, #2016 ) ;
#197 = ORIENTED_EDGE ( 'NONE', *, *, #3545, .T. ) ;
#198 = VERTEX_POINT ( 'NONE', #3706 ) ;
#199 = DIRECTION ( 'NONE',  ( 0.000000000000000000, -0.000000000000000000, -1.000000000000000000 ) ) ;
#200 = EDGE_LOOP ( 'NONE', ( #369, #1620 ) ) ;
#201 = AXIS2_PLACEMENT_3D ( 'NONE', #16, #3089, #3905 ) ;
#202 = DIRECTION ( 'NONE',  ( 1.301268728343923962E-17, 0.000000000000000000, 1.000000000000000000 ) ) ;
#203 = DIRECTION ( 'NONE',  ( -1.000000000000000000, 0.000000000000000000, 0.000000000000000000 ) ) ;
#204 = DIRECTION ( 'NONE',  ( -0.000000000000000000, -0.000000000000000000, -1.000000000000000000 ) ) ;
#205 = ORIENTED_EDGE ( 'NONE', *, *, #1294, .T. ) ;
#206 = FACE_OUTER_BOUND ( 'NONE', #4108, .T. ) ;
#207 = VECTOR ( 'NONE', #2690, 1000.000000000000000 ) ;
#208 = ORIENTED_EDGE ( 'NONE', *, *, #110, .T. ) ;
#209 = EDGE_CURVE ( 'NONE', #260, #3757, #5486, .T. ) ;
#210 = LINE ( 'NONE', #4430, #109 ) ;
#211 = VECTOR ( 'NONE', #3323, 1000.000000000000000 ) ;
#212 = PLANE ( 'NONE',  #5438 ) ;
#213 = CARTESIAN_POINT ( 'NONE',  ( 21.90000000000000213, -13.25000000000000533, 0.000000000000000000 ) ) ;
#214 = CARTESIAN_POINT ( 'NONE',  ( 18.18000000000000327, -36.78000000000000824, -9.589999999999998082 ) ) ;
#215 = EDGE_CURVE ( 'NONE', #3761, #693, #3734, .T. ) ;
#216 = VECTOR ( 'NONE', #1799, 1000.000000000000114 ) ;
#217 = EDGE_CURVE ( 'NONE', #32, #2381, #1166, .T. ) ;
#218 = AXIS2_PLACEMENT_3D ( 'NONE', #4666, #868, #2558 ) ;
#219 = VERTEX_POINT ( 'NONE', #3824 ) ;
#220 = DIRECTION ( 'NONE',  ( 1.000000000000000000, 0.000000000000000000, 0.000000000000000000 ) ) ;
#221 = AXIS2_PLACEMENT_3D ( 'NONE', #5411, #1152, #3746 ) ;
#222 = ADVANCED_FACE ( 'NONE', ( #2072 ), #2017, .T. ) ;
#223 = VECTOR ( 'NONE', #269, 1000.000000000000000 ) ;
#224 = ORIENTED_EDGE ( 'NONE', *, *, #2778, .F. ) ;
#225 = CARTESIAN_POINT ( 'NONE',  ( 14.14999999999999858, -43.95000000000000995, -9.589999999999998082 ) ) ;
#226 = PLANE ( 'NONE',  #186 ) ;
#227 = VERTEX_POINT ( 'NONE', #2542 ) ;
#228 = DIRECTION ( 'NONE',  ( 0.000000000000000000, -0.000000000000000000, -1.000000000000000000 ) ) ;
#229 = EDGE_CURVE ( 'NONE', #4675, #1603, #5038, .T. ) ;
#230 = AXIS2_PLACEMENT_3D ( 'NONE', #5090, #2042, #1164 ) ;
#231 = VERTEX_POINT ( 'NONE', #4242 ) ;
#232 = ORIENTED_EDGE ( 'NONE', *, *, #545, .F. ) ;
#233 = CARTESIAN_POINT ( 'NONE',  ( 26.14999999999999147, -8.999999999999996447, -7.500000000000000000 ) ) ;
#234 = LINE ( 'NONE', #2770, #563 ) ;
#235 = FACE_OUTER_BOUND ( 'NONE', #1348, .T. ) ;
#236 = PRESENTATION_LAYER_ASSIGNMENT (  '', '', ( #1215 ) ) ;
#237 = ORIENTED_EDGE ( 'NONE', *, *, #1958, .F. ) ;
#238 = CARTESIAN_POINT ( 'NONE',  ( 7.361087535663873210E-17, -70.80000000000001137, -23.81599999999999540 ) ) ;
#239 = EDGE_LOOP ( 'NONE', ( #2616, #3017, #593, #4442, #3885, #3240 ) ) ;
#240 = CIRCLE ( 'NONE', #2107, 2.499999999999998668 ) ;
#241 = CARTESIAN_POINT ( 'NONE',  ( 2.732463679302340053E-16, 1.478977758064137227, 2.000000000000000000 ) ) ;
#242 = PLANE ( 'NONE',  #5084 ) ;
#243 = DIRECTION ( 'NONE',  ( -7.008983741320433464E-17, -1.000000000000000000, 0.000000000000000000 ) ) ;
#244 = CARTESIAN_POINT ( 'NONE',  ( -5.249999999999993783, 6.587557503709403990E-16, 0.000000000000000000 ) ) ;
#245 = ADVANCED_FACE ( 'NONE', ( #1231 ), #4650, .F. ) ;
#246 = VECTOR ( 'NONE', #3340, 1000.000000000000000 ) ;
#247 = AXIS2_PLACEMENT_3D ( 'NONE', #5236, #1431, #4685 ) ;
#248 = ORIENTED_EDGE ( 'NONE', *, *, #3502, .F. ) ;
#249 = FACE_OUTER_BOUND ( 'NONE', #3617, .T. ) ;
#250 = ORIENTED_EDGE ( 'NONE', *, *, #943, .F. ) ;
#251 = LINE ( 'NONE', #1947, #5186 ) ;
#252 = CARTESIAN_POINT ( 'NONE',  ( 9.121202866579217898E-17, -33.29999999999999716, -19.68999999999999417 ) ) ;
#253 = ORIENTED_EDGE ( 'NONE', *, *, #1018, .T. ) ;
#254 = PLANE ( 'NONE',  #484 ) ;
#255 = VERTEX_POINT ( 'NONE', #4561 ) ;
#256 = EDGE_CURVE ( 'NONE', #59, #3559, #853, .T. ) ;
#257 = DIRECTION ( 'NONE',  ( -0.000000000000000000, -0.000000000000000000, 1.000000000000000000 ) ) ;
#258 = LINE ( 'NONE', #4424, #1902 ) ;
#259 = DIRECTION ( 'NONE',  ( 0.000000000000000000, -1.000000000000000000, 0.000000000000000000 ) ) ;
#260 = VERTEX_POINT ( 'NONE', #400 ) ;
#261 = CARTESIAN_POINT ( 'NONE',  ( 7.361087535663873210E-17, 24.19999999999998508, -23.81599999999999540 ) ) ;
#262 = ORIENTED_EDGE ( 'NONE', *, *, #2400, .F. ) ;
#263 = ORIENTED_EDGE ( 'NONE', *, *, #347, .T. ) ;
#264 = DIRECTION ( 'NONE',  ( 0.000000000000000000, 1.000000000000000000, 0.000000000000000000 ) ) ;
#265 = LINE ( 'NONE', #3286, #5019 ) ;
#266 = CARTESIAN_POINT ( 'NONE',  ( 16.19500000000000028, -36.78000000000000824, -14.68999999999999595 ) ) ;
#267 = EDGE_CURVE ( 'NONE', #3807, #3705, #2103, .T. ) ;
#268 = VERTEX_POINT ( 'NONE', #5065 ) ;
#269 = DIRECTION ( 'NONE',  ( 1.000000000000000000, 0.000000000000000000, 0.000000000000000000 ) ) ;
#270 = AXIS2_PLACEMENT_3D ( 'NONE', #2837, #4510, #3259 ) ;
#271 = ORIENTED_EDGE ( 'NONE', *, *, #2411, .F. ) ;
#272 = DIRECTION ( 'NONE',  ( -0.000000000000000000, -0.000000000000000000, 1.000000000000000000 ) ) ;
#273 = LINE ( 'NONE', #1153, #3443 ) ;
#274 = EDGE_LOOP ( 'NONE', ( #5278, #5199, #4384, #5245 ) ) ;
#275 = LINE ( 'NONE', #4470, #1732 ) ;
#276 = EDGE_CURVE ( 'NONE', #4057, #2000, #4943, .T. ) ;
#277 = VERTEX_POINT ( 'NONE', #2833 ) ;
#278 = CARTESIAN_POINT ( 'NONE',  ( 21.90000000000000213, 13.75000000000000178, 0.000000000000000000 ) ) ;
#279 = ORIENTED_EDGE ( 'NONE', *, *, #3330, .T. ) ;
#280 = CARTESIAN_POINT ( 'NONE',  ( -26.19999999999999929, -13.24999999999999645, -7.500000000000000000 ) ) ;
#281 = FACE_OUTER_BOUND ( 'NONE', #2170, .T. ) ;
#282 = EDGE_LOOP ( 'NONE', ( #2995, #395, #5165, #2738, #5003, #1042 ) ) ;
#283 = ORIENTED_EDGE ( 'NONE', *, *, #2955, .F. ) ;
#284 = DIRECTION ( 'NONE',  ( -1.000000000000000000, 0.000000000000000000, 0.000000000000000000 ) ) ;
#285 = EDGE_CURVE ( 'NONE', #3714, #5357, #4124, .T. ) ;
#286 = ORIENTED_EDGE ( 'NONE', *, *, #751, .F. ) ;
#287 = VECTOR ( 'NONE', #1959, 1000.000000000000000 ) ;
#288 = CARTESIAN_POINT ( 'NONE',  ( -22.00000000000002132, -68.30000000000001137, -19.68999999999999773 ) ) ;
#289 = FACE_OUTER_BOUND ( 'NONE', #1796, .T. ) ;
#290 = DIRECTION ( 'NONE',  ( 0.000000000000000000, 0.000000000000000000, -1.000000000000000000 ) ) ;
#291 = VECTOR ( 'NONE', #3542, 1000.000000000000000 ) ;
#292 = VERTEX_POINT ( 'NONE', #2255 ) ;
#293 = CONICAL_SURFACE ( 'NONE', #2602, 11.27102224193582636, 0.7853981633974387311 ) ;
#294 = DIRECTION ( 'NONE',  ( -0.000000000000000000, -0.000000000000000000, 1.000000000000000000 ) ) ;
#295 = PLANE ( 'NONE',  #4319 ) ;
#296 = ORIENTED_EDGE ( 'NONE', *, *, #2753, .T. ) ;
#297 = DIRECTION ( 'NONE',  ( -0.000000000000000000, -1.000000000000000000, 4.461994495156348024E-30 ) ) ;
#298 = VECTOR ( 'NONE', #5289, 1000.000000000000000 ) ;
#299 = EDGE_CURVE ( 'NONE', #2057, #3395, #1369, .T. ) ;
#300 = AXIS2_PLACEMENT_3D ( 'NONE', #3461, #927, #553 ) ;
#301 = VECTOR ( 'NONE', #1055, 1000.000000000000000 ) ;
#302 = VERTEX_POINT ( 'NONE', #904 ) ;
#303 = CARTESIAN_POINT ( 'NONE',  ( -26.64999999999999147, -70.80000000000001137, -22.79999999999999716 ) ) ;
#304 = CARTESIAN_POINT ( 'NONE',  ( 27.64999999999998792, 8.000000000000001776, -7.500000000000000000 ) ) ;
#305 = ORIENTED_EDGE ( 'NONE', *, *, #866, .T. ) ;
#306 = DIRECTION ( 'NONE',  ( 1.000000000000000000, 0.000000000000000000, 1.734723475976808672E-15 ) ) ;
#307 = AXIS2_PLACEMENT_3D ( 'NONE', #656, #2756, #4055 ) ;
#308 = CARTESIAN_POINT ( 'NONE',  ( -24.00000000000001776, -31.29999999999999361, -36.63144236528317776 ) ) ;
#309 = ORIENTED_EDGE ( 'NONE', *, *, #4692, .F. ) ;
#310 = CONICAL_SURFACE ( 'NONE', #4224, 1.875000000000005107, 0.7853981633974539411 ) ;
#311 = DIRECTION ( 'NONE',  ( -1.000000000000000000, 0.000000000000000000, 0.000000000000000000 ) ) ;
#312 = DIRECTION ( 'NONE',  ( -1.000000000000000000, 0.000000000000000000, 0.000000000000000000 ) ) ;
#313 = ORIENTED_EDGE ( 'NONE', *, *, #5106, .F. ) ;
#314 = ORIENTED_EDGE ( 'NONE', *, *, #2443, .T. ) ;
#315 = DIRECTION ( 'NONE',  ( 1.000000000000000000, 0.000000000000000000, -1.301268728343924116E-17 ) ) ;
#316 = ADVANCED_FACE ( 'NONE', ( #959 ), #4347, .F. ) ;
#317 = ORIENTED_EDGE ( 'NONE', *, *, #4338, .T. ) ;
#318 = VECTOR ( 'NONE', #3354, 1000.000000000000000 ) ;
#319 = LINE ( 'NONE', #3314, #2237 ) ;
#320 = EDGE_CURVE ( 'NONE', #5337, #2492, #456, .T. ) ;
#321 = LINE ( 'NONE', #17, #5181 ) ;
#322 = PLANE ( 'NONE',  #1207 ) ;
#323 = CARTESIAN_POINT ( 'NONE',  ( 21.65000000000000213, -43.95000000000000995, 2.000000000000000000 ) ) ;
#324 = VECTOR ( 'NONE', #3488, 1000.000000000000000 ) ;
#325 = PLANE ( 'NONE',  #4557 ) ;
#326 = LINE ( 'NONE', #4822, #4982 ) ;
#327 = CARTESIAN_POINT ( 'NONE',  ( 22.99999999999999289, -34.79999999999999716, -18.68999999999999417 ) ) ;
#328 = AXIS2_PLACEMENT_3D ( 'NONE', #4853, #3948, #4441 ) ;
#329 = EDGE_LOOP ( 'NONE', ( #5241, #3519, #1030, #859 ) ) ;
#330 = PLANE ( 'NONE',  #3059 ) ;
#331 =( GEOMETRIC_REPRESENTATION_CONTEXT ( 3 ) GLOBAL_UNCERTAINTY_ASSIGNED_CONTEXT ( ( #565 ) ) GLOBAL_UNIT_ASSIGNED_CONTEXT ( ( #4128, #4920, #824 ) ) REPRESENTATION_CONTEXT ( 'NONE', 'WORKASPACE' ) );
#332 = EDGE_CURVE ( 'NONE', #5432, #1817, #1398, .T. ) ;
#333 = ORIENTED_EDGE ( 'NONE', *, *, #1500, .T. ) ;
#334 = DIRECTION ( 'NONE',  ( 0.000000000000000000, 0.000000000000000000, -1.000000000000000000 ) ) ;
#335 = DIRECTION ( 'NONE',  ( 0.000000000000000000, 1.000000000000000000, 0.000000000000000000 ) ) ;
#336 = ORIENTED_EDGE ( 'NONE', *, *, #2480, .T. ) ;
#337 = LINE ( 'NONE', #2496, #3606 ) ;
#338 = FACE_BOUND ( 'NONE', #5455, .T. ) ;
#339 = ORIENTED_EDGE ( 'NONE', *, *, #3732, .F. ) ;
#340 = DIRECTION ( 'NONE',  ( 0.000000000000000000, 0.000000000000000000, -1.000000000000000000 ) ) ;
#341 = DIRECTION ( 'NONE',  ( -1.301268728343923962E-17, -4.461994495156348024E-30, -1.000000000000000000 ) ) ;
#342 = ORIENTED_EDGE ( 'NONE', *, *, #5069, .T. ) ;
#343 = ORIENTED_EDGE ( 'NONE', *, *, #5128, .T. ) ;
#344 = LINE ( 'NONE', #5421, #3601 ) ;
#345 = ADVANCED_FACE ( 'NONE', ( #2228 ), #2664, .F. ) ;
#346 = VERTEX_POINT ( 'NONE', #95 ) ;
#347 = EDGE_CURVE ( 'NONE', #346, #3260, #3439, .T. ) ;
#348 = DIRECTION ( 'NONE',  ( -0.01745240643728355329, 2.328853781464963892E-18, 0.9998476951563912696 ) ) ;
#349 = LINE ( 'NONE', #3764, #3937 ) ;
#350 = LINE ( 'NONE', #2900, #5204 ) ;
#351 = DIRECTION ( 'NONE',  ( 0.000000000000000000, 1.000000000000000000, -4.461994495156348024E-30 ) ) ;
#352 = EDGE_CURVE ( 'NONE', #2095, #554, #5125, .T. ) ;
#353 = DIRECTION ( 'NONE',  ( 0.3846153846153848588, 0.000000000000000000, 0.9230769230769230171 ) ) ;
#354 = CARTESIAN_POINT ( 'NONE',  ( -25.82102224193585016, 2.478977758064129233, 0.9999999999999993339 ) ) ;
#355 = ORIENTED_EDGE ( 'NONE', *, *, #439, .F. ) ;
#356 = PLANE ( 'NONE',  #4123 ) ;
#357 = EDGE_LOOP ( 'NONE', ( #5320, #1314, #3627, #3191 ) ) ;
#358 = LINE ( 'NONE', #3718, #2086 ) ;
#359 = DIRECTION ( 'NONE',  ( 6.700369425960418635E-17, 1.000000000000000000, -4.463535239111857813E-30 ) ) ;
#360 = ORIENTED_EDGE ( 'NONE', *, *, #1910, .F. ) ;
#361 = CARTESIAN_POINT ( 'NONE',  ( 0.000000000000000000, 0.000000000000000000, 0.000000000000000000 ) ) ;
#362 = ADVANCED_FACE ( 'NONE', ( #4369 ), #980, .F. ) ;
#363 = PLANE ( 'NONE',  #114 ) ;
#364 = VERTEX_POINT ( 'NONE', #4680 ) ;
#365 = DIRECTION ( 'NONE',  ( 1.301268728343924116E-17, 4.461994495156348725E-30, 1.000000000000000000 ) ) ;
#366 = CARTESIAN_POINT ( 'NONE',  ( -10.24999999999999822, -33.29999999999999716, -36.63144236528317776 ) ) ;
#367 = VERTEX_POINT ( 'NONE', #4779 ) ;
#368 = DIRECTION ( 'NONE',  ( -0.000000000000000000, -1.000000000000000000, 4.461994495156348024E-30 ) ) ;
#369 = ORIENTED_EDGE ( 'NONE', *, *, #788, .T. ) ;
#370 = DIRECTION ( 'NONE',  ( -0.000000000000000000, -0.000000000000000000, 1.000000000000000000 ) ) ;
#371 = CARTESIAN_POINT ( 'NONE',  ( 7.361087535663873210E-17, -70.80000000000001137, -23.81599999999999540 ) ) ;
#372 = LINE ( 'NONE', #3258, #1841 ) ;
#373 = CARTESIAN_POINT ( 'NONE',  ( 21.49999999999999645, -71.29999999999999716, -32.67675810589293661 ) ) ;
#374 = EDGE_CURVE ( 'NONE', #5337, #3155, #4290, .T. ) ;
#375 = LINE ( 'NONE', #1295, #1750 ) ;
#376 = DIRECTION ( 'NONE',  ( 1.000000000000000000, -0.000000000000000000, 0.000000000000000000 ) ) ;
#377 = LINE ( 'NONE', #327, #1935 ) ;
#378 = ORIENTED_EDGE ( 'NONE', *, *, #1576, .T. ) ;
#379 = DIRECTION ( 'NONE',  ( 0.000000000000000000, 1.000000000000000000, 0.000000000000000000 ) ) ;
#380 = AXIS2_PLACEMENT_3D ( 'NONE', #949, #2149, #3430 ) ;
#381 = ORIENTED_EDGE ( 'NONE', *, *, #2806, .T. ) ;
#382 = ADVANCED_FACE ( 'NONE', ( #3880 ), #2757, .F. ) ;
#383 = ORIENTED_EDGE ( 'NONE', *, *, #2299, .T. ) ;
#384 = CARTESIAN_POINT ( 'NONE',  ( -20.95000000000000639, -31.29999999999999361, 0.000000000000000000 ) ) ;
#385 = AXIS2_PLACEMENT_3D ( 'NONE', #2958, #462, #4656 ) ;
#386 = FACE_OUTER_BOUND ( 'NONE', #1159, .T. ) ;
#387 = DIRECTION ( 'NONE',  ( -0.000000000000000000, -1.000000000000000000, 4.461994495156348024E-30 ) ) ;
#388 = VECTOR ( 'NONE', #698, 1000.000000000000000 ) ;
#389 = ORIENTED_EDGE ( 'NONE', *, *, #5286, .F. ) ;
#390 = CARTESIAN_POINT ( 'NONE',  ( 0.000000000000000000, -68.30000000000001137, -19.68999999999999773 ) ) ;
#391 = EDGE_CURVE ( 'NONE', #476, #364, #3405, .T. ) ;
#392 = ORIENTED_EDGE ( 'NONE', *, *, #4859, .F. ) ;
#393 = DIRECTION ( 'NONE',  ( 0.000000000000000000, 0.000000000000000000, -1.000000000000000000 ) ) ;
#394 = DIRECTION ( 'NONE',  ( -1.000000000000000000, 0.000000000000000000, 0.000000000000000000 ) ) ;
#395 = ORIENTED_EDGE ( 'NONE', *, *, #5093, .T. ) ;
#396 = ORIENTED_EDGE ( 'NONE', *, *, #2573, .T. ) ;
#397 = FACE_OUTER_BOUND ( 'NONE', #4280, .T. ) ;
#398 = VERTEX_POINT ( 'NONE', #532 ) ;
#399 = AXIS2_PLACEMENT_3D ( 'NONE', #2652, #4022, #4435 ) ;
#400 = CARTESIAN_POINT ( 'NONE',  ( -22.00000000000001776, -38.21249999999998437, -19.68999999999999417 ) ) ;
#401 = EDGE_CURVE ( 'NONE', #4498, #4474, #2187, .T. ) ;
#402 = CARTESIAN_POINT ( 'NONE',  ( 19.60499999999999687, -43.12000000000001876, -9.589999999999998082 ) ) ;
#403 = LINE ( 'NONE', #433, #2546 ) ;
#404 = VECTOR ( 'NONE', #1285, 1000.000000000000000 ) ;
#405 = PLANE ( 'NONE',  #1027 ) ;
#406 = CARTESIAN_POINT ( 'NONE',  ( 13.13074880676830070, -14.75000000000000355, -7.500000000000000000 ) ) ;
#407 = FACE_OUTER_BOUND ( 'NONE', #1984, .T. ) ;
#408 = ORIENTED_EDGE ( 'NONE', *, *, #5226, .F. ) ;
#409 = DIRECTION ( 'NONE',  ( -1.306404769406175504E-16, -0.7071067811865524577, -0.7071067811865425767 ) ) ;
#410 = VECTOR ( 'NONE', #3445, 1000.000000000000000 ) ;
#411 = VERTEX_POINT ( 'NONE', #1290 ) ;
#412 = AXIS2_PLACEMENT_3D ( 'NONE', #1748, #4213, #459 ) ;
#413 = VERTEX_POINT ( 'NONE', #2621 ) ;
#414 = CARTESIAN_POINT ( 'NONE',  ( -3.295341883386624709E-16, -4.950000000000008171, 2.298720648142606942E-29 ) ) ;
#415 = VECTOR ( 'NONE', #1171, 1000.000000000000000 ) ;
#416 = LINE ( 'NONE', #4633, #1605 ) ;
#417 = CARTESIAN_POINT ( 'NONE',  ( -22.86009485345630310, 29.70099999999998985, -21.81600000000000250 ) ) ;
#418 = VECTOR ( 'NONE', #5317, 1000.000000000000000 ) ;
#419 = EDGE_CURVE ( 'NONE', #2043, #437, #1318, .T. ) ;
#420 = ORIENTED_EDGE ( 'NONE', *, *, #4839, .T. ) ;
#421 = DIRECTION ( 'NONE',  ( -1.000000000000000000, 0.000000000000000000, 0.000000000000000000 ) ) ;
#422 = AXIS2_PLACEMENT_3D ( 'NONE', #568, #4331, #4376 ) ;
#423 = ORIENTED_EDGE ( 'NONE', *, *, #595, .T. ) ;
#424 = CARTESIAN_POINT ( 'NONE',  ( -10.24999999999999822, 4.000756211836537453E-14, -15.33000000000011553 ) ) ;
#425 = CARTESIAN_POINT ( 'NONE',  ( -22.29999999999999716, -5.900000000000066969, 2.000000000000000000 ) ) ;
#426 = ORIENTED_EDGE ( 'NONE', *, *, #2027, .F. ) ;
#427 = CARTESIAN_POINT ( 'NONE',  ( 26.64999999999999858, 2.524085252113679982E-29, -23.81599999999999540 ) ) ;
#428 = EDGE_CURVE ( 'NONE', #302, #2270, #3463, .T. ) ;
#429 = ORIENTED_EDGE ( 'NONE', *, *, #4546, .F. ) ;
#430 = ADVANCED_FACE ( 'NONE', ( #4732 ), #4323, .F. ) ;
#431 = DIRECTION ( 'NONE',  ( -0.000000000000000000, -0.000000000000000000, 1.000000000000000000 ) ) ;
#432 = CARTESIAN_POINT ( 'NONE',  ( -24.00000000000002132, -46.32499999999998863, -36.63144236528317776 ) ) ;
#433 = CARTESIAN_POINT ( 'NONE',  ( -10.24999999999999822, -38.21249999999998437, -26.69946904194603121 ) ) ;
#434 = DIRECTION ( 'NONE',  ( 0.000000000000000000, 0.000000000000000000, 1.000000000000000000 ) ) ;
#435 = LINE ( 'NONE', #5071, #2515 ) ;
#436 = DIRECTION ( 'NONE',  ( 0.000000000000000000, 1.000000000000000000, 0.000000000000000000 ) ) ;
#437 = VERTEX_POINT ( 'NONE', #3141 ) ;
#438 = CARTESIAN_POINT ( 'NONE',  ( -5.249999999999998224, -38.21249999999997726, 0.000000000000000000 ) ) ;
#439 = EDGE_CURVE ( 'NONE', #2942, #2668, #2741, .T. ) ;
#440 = ORIENTED_EDGE ( 'NONE', *, *, #175, .T. ) ;
#441 = VERTEX_POINT ( 'NONE', #5315 ) ;
#442 = DIRECTION ( 'NONE',  ( -0.5773502691896231775, -0.5773502691896231775, 0.5773502691896310601 ) ) ;
#443 = CARTESIAN_POINT ( 'NONE',  ( 17.61999999999999744, -44.54500000000001592, -9.589999999999998082 ) ) ;
#444 = EDGE_CURVE ( 'NONE', #3331, #94, #4459, .T. ) ;
#445 = CARTESIAN_POINT ( 'NONE',  ( -23.86009485345630310, -71.29999999999999716, -9.907999999999999474 ) ) ;
#446 = VERTEX_POINT ( 'NONE', #148 ) ;
#447 = PLANE ( 'NONE',  #4460 ) ;
#448 = ORIENTED_EDGE ( 'NONE', *, *, #63, .F. ) ;
#449 = CARTESIAN_POINT ( 'NONE',  ( 14.14999999999999680, -46.45000000000000995, 2.000000000000000000 ) ) ;
#450 = DIRECTION ( 'NONE',  ( 0.000000000000000000, 0.000000000000000000, -1.000000000000000000 ) ) ;
#451 = ORIENTED_EDGE ( 'NONE', *, *, #2601, .T. ) ;
#452 = ADVANCED_FACE ( 'NONE', ( #1897 ), #2502, .F. ) ;
#453 = CARTESIAN_POINT ( 'NONE',  ( 24.99999999999999289, -31.29999999999999361, -14.68999999999999417 ) ) ;
#454 = EDGE_CURVE ( 'NONE', #561, #1298, #1061, .T. ) ;
#455 = VERTEX_POINT ( 'NONE', #5285 ) ;
#456 = LINE ( 'NONE', #3514, #637 ) ;
#457 = FACE_BOUND ( 'NONE', #200, .T. ) ;
#458 = VECTOR ( 'NONE', #5214, 1000.000000000000000 ) ;
#459 = DIRECTION ( 'NONE',  ( -0.9998476951563912696, 0.000000000000000000, -0.01745240643728356369 ) ) ;
#460 = DIRECTION ( 'NONE',  ( 0.000000000000000000, 0.000000000000000000, 1.000000000000000000 ) ) ;
#461 = LINE ( 'NONE', #3491, #3608 ) ;
#462 = DIRECTION ( 'NONE',  ( 1.000000000000000000, -0.000000000000000000, 0.000000000000000000 ) ) ;
#463 = LINE ( 'NONE', #2550, #861 ) ;
#464 = EDGE_CURVE ( 'NONE', #2270, #57, #2798, .T. ) ;
#465 = VERTEX_POINT ( 'NONE', #4906 ) ;
#466 = DIRECTION ( 'NONE',  ( 0.000000000000000000, 0.000000000000000000, -1.000000000000000000 ) ) ;
#467 = AXIS2_PLACEMENT_3D ( 'NONE', #793, #4150, #2924 ) ;
#468 = ORIENTED_EDGE ( 'NONE', *, *, #3502, .T. ) ;
#469 = DIRECTION ( 'NONE',  ( -0.000000000000000000, -0.000000000000000000, 1.000000000000000000 ) ) ;
#470 = EDGE_CURVE ( 'NONE', #2054, #1298, #1006, .T. ) ;
#471 = LINE ( 'NONE', #445, #1277 ) ;
#472 = VECTOR ( 'NONE', #2633, 1000.000000000000000 ) ;
#473 = ORIENTED_EDGE ( 'NONE', *, *, #2321, .F. ) ;
#474 = AXIS2_PLACEMENT_3D ( 'NONE', #4785, #4739, #4378 ) ;
#475 = CARTESIAN_POINT ( 'NONE',  ( 17.61999999999999744, -44.54500000000001592, -9.589999999999998082 ) ) ;
#476 = VERTEX_POINT ( 'NONE', #1478 ) ;
#477 = DIRECTION ( 'NONE',  ( 1.000000000000000000, 0.000000000000000000, 0.000000000000000000 ) ) ;
#478 = LINE ( 'NONE', #4725, #3247 ) ;
#479 = EDGE_LOOP ( 'NONE', ( #2560, #4549, #779, #3524 ) ) ;
#480 = FACE_OUTER_BOUND ( 'NONE', #116, .T. ) ;
#481 = VECTOR ( 'NONE', #4151, 1000.000000000000000 ) ;
#482 = ORIENTED_EDGE ( 'NONE', *, *, #5045, .T. ) ;
#483 = DIRECTION ( 'NONE',  ( 1.000000000000000000, 0.000000000000000000, 0.000000000000000000 ) ) ;
#484 = AXIS2_PLACEMENT_3D ( 'NONE', #1034, #1970, #4880 ) ;
#485 = VECTOR ( 'NONE', #1615, 1000.000000000000000 ) ;
#486 = LINE ( 'NONE', #2642, #3583 ) ;
#487 = CARTESIAN_POINT ( 'NONE',  ( 13.94769579748195731, -35.95000000000001705, 2.000000000000000000 ) ) ;
#488 = VERTEX_POINT ( 'NONE', #588 ) ;
#489 = VECTOR ( 'NONE', #2581, 1000.000000000000000 ) ;
#490 = EDGE_CURVE ( 'NONE', #1060, #3264, #4448, .T. ) ;
#491 = DIRECTION ( 'NONE',  ( -0.000000000000000000, -0.000000000000000000, 1.000000000000000000 ) ) ;
#492 = DIRECTION ( 'NONE',  ( -0.000000000000000000, -1.000000000000000000, -0.000000000000000000 ) ) ;
#493 = CYLINDRICAL_SURFACE ( 'NONE', #2790, 4.250000000000000000 ) ;
#494 = VECTOR ( 'NONE', #4148, 1000.000000000000000 ) ;
#495 = ORIENTED_EDGE ( 'NONE', *, *, #2985, .F. ) ;
#496 = EDGE_CURVE ( 'NONE', #2531, #4722, #4374, .T. ) ;
#497 = VECTOR ( 'NONE', #4495, 1000.000000000000000 ) ;
#498 = ORIENTED_EDGE ( 'NONE', *, *, #2243, .T. ) ;
#499 = DIRECTION ( 'NONE',  ( 1.000000000000000000, -7.767418549149889834E-17, 0.000000000000000000 ) ) ;
#500 = FACE_OUTER_BOUND ( 'NONE', #3594, .T. ) ;
#501 = VECTOR ( 'NONE', #4919, 1000.000000000000000 ) ;
#502 = ORIENTED_EDGE ( 'NONE', *, *, #5267, .T. ) ;
#503 = CARTESIAN_POINT ( 'NONE',  ( 12.64999999999999858, -47.95000000000000995, 0.000000000000000000 ) ) ;
#504 = ORIENTED_EDGE ( 'NONE', *, *, #1466, .T. ) ;
#505 = DIRECTION ( 'NONE',  ( 0.000000000000000000, 0.000000000000000000, -1.000000000000000000 ) ) ;
#506 = CARTESIAN_POINT ( 'NONE',  ( 21.49999999999999289, -36.79999999999999716, -19.68999999999999417 ) ) ;
#507 = ORIENTED_EDGE ( 'NONE', *, *, #4727, .T. ) ;
#508 = VERTEX_POINT ( 'NONE', #233 ) ;
#509 = DIRECTION ( 'NONE',  ( 5.806253902589689981E-47, -1.000000000000000000, 4.461994495156348024E-30 ) ) ;
#510 = ORIENTED_EDGE ( 'NONE', *, *, #1365, .T. ) ;
#511 = AXIS2_PLACEMENT_3D ( 'NONE', #2232, #4784, #4298 ) ;
#512 = CARTESIAN_POINT ( 'NONE',  ( -96.00000000000001421, -155.2999999999999829, -19.68999999999999417 ) ) ;
#513 = DIRECTION ( 'NONE',  ( -7.008983741320433464E-17, -1.000000000000000000, 0.000000000000000000 ) ) ;
#514 = CARTESIAN_POINT ( 'NONE',  ( 28.00000000000000000, -67.80000000000003979, -23.81599999999999540 ) ) ;
#515 = CARTESIAN_POINT ( 'NONE',  ( 0.000000000000000000, 0.000000000000000000, 0.000000000000000000 ) ) ;
#516 = ADVANCED_FACE ( 'NONE', ( #5338 ), #4036, .F. ) ;
#517 = EDGE_CURVE ( 'NONE', #144, #4304, #638, .T. ) ;
#518 = CARTESIAN_POINT ( 'NONE',  ( 32.85000000000002274, -45.70000000000000284, -15.74099999999998722 ) ) ;
#519 = DIRECTION ( 'NONE',  ( 0.000000000000000000, 1.000000000000000000, 0.000000000000000000 ) ) ;
#520 = CARTESIAN_POINT ( 'NONE',  ( 5.208733445923128736E-17, -67.80000000000003979, -22.79999999999999716 ) ) ;
#521 = ADVANCED_FACE ( 'NONE', ( #2718 ), #1422, .F. ) ;
#522 = ORIENTED_EDGE ( 'NONE', *, *, #4440, .F. ) ;
#523 = CARTESIAN_POINT ( 'NONE',  ( -25.82102224193585016, 2.478977758064129233, 0.000000000000000000 ) ) ;
#524 = CARTESIAN_POINT ( 'NONE',  ( -32.50000000000000000, -38.65000000000000568, -17.61599999999999611 ) ) ;
#525 = ORIENTED_EDGE ( 'NONE', *, *, #192, .F. ) ;
#526 = CARTESIAN_POINT ( 'NONE',  ( -23.86009485345630310, 29.70099999999998985, -9.907999999999999474 ) ) ;
#527 = CARTESIAN_POINT ( 'NONE',  ( -26.19999999999999929, 9.500000000000001776, 0.000000000000000000 ) ) ;
#528 = ORIENTED_EDGE ( 'NONE', *, *, #3125, .F. ) ;
#529 = VERTEX_POINT ( 'NONE', #4007 ) ;
#530 = CYLINDRICAL_SURFACE ( 'NONE', #1999, 2.499999999999998668 ) ;
#531 = ORIENTED_EDGE ( 'NONE', *, *, #3448, .F. ) ;
#532 = CARTESIAN_POINT ( 'NONE',  ( -20.95000000000000639, -38.21249999999998437, -19.68999999999999417 ) ) ;
#533 = DIRECTION ( 'NONE',  ( 0.000000000000000000, -0.000000000000000000, 1.000000000000000000 ) ) ;
#534 = CARTESIAN_POINT ( 'NONE',  ( -22.86009485345630310, -71.29999999999999716, -9.907999999999999474 ) ) ;
#535 = AXIS2_PLACEMENT_3D ( 'NONE', #4901, #1550, #1579 ) ;
#536 = CARTESIAN_POINT ( 'NONE',  ( -19.27897775806417613, -5.900000000000066969, 0.9999999999999993339 ) ) ;
#537 = PLANE ( 'NONE',  #3211 ) ;
#538 = CARTESIAN_POINT ( 'NONE',  ( 2.128977758064174441, -0.5000000000000518474, 2.000000000000000000 ) ) ;
#539 = CARTESIAN_POINT ( 'NONE',  ( 22.99999999999999289, -36.79999999999999716, -18.68999999999999417 ) ) ;
#540 = ADVANCED_FACE ( 'NONE', ( #1085 ), #2769, .F. ) ;
#541 = ORIENTED_EDGE ( 'NONE', *, *, #984, .T. ) ;
#542 = ORIENTED_EDGE ( 'NONE', *, *, #3960, .T. ) ;
#543 = CARTESIAN_POINT ( 'NONE',  ( -20.50000000000002132, -70.30000000000001137, -32.67675810589293661 ) ) ;
#544 = VECTOR ( 'NONE', #2981, 1000.000000000000000 ) ;
#545 = EDGE_CURVE ( 'NONE', #3931, #2816, #1952, .T. ) ;
#546 = DIRECTION ( 'NONE',  ( -1.000000000000000000, 6.736790197968183597E-17, 0.000000000000000000 ) ) ;
#547 = ORIENTED_EDGE ( 'NONE', *, *, #276, .F. ) ;
#548 = LINE ( 'NONE', #3506, #4302 ) ;
#549 = AXIS2_PLACEMENT_3D ( 'NONE', #3815, #8, #4257 ) ;
#550 = CARTESIAN_POINT ( 'NONE',  ( 28.00000000000000000, -71.29999999999999716, -21.81599999999999540 ) ) ;
#551 = ORIENTED_EDGE ( 'NONE', *, *, #675, .T. ) ;
#552 = ORIENTED_EDGE ( 'NONE', *, *, #1421, .T. ) ;
#553 = DIRECTION ( 'NONE',  ( -6.700369425960418635E-17, -1.000000000000000000, 4.463535239111857813E-30 ) ) ;
#554 = VERTEX_POINT ( 'NONE', #1110 ) ;
#555 = VECTOR ( 'NONE', #3629, 1000.000000000000000 ) ;
#556 = EDGE_CURVE ( 'NONE', #5121, #2270, #4499, .T. ) ;
#557 = EDGE_CURVE ( 'NONE', #3585, #4854, #5227, .T. ) ;
#558 = DIRECTION ( 'NONE',  ( 1.000000000000000000, 0.000000000000000000, 0.000000000000000000 ) ) ;
#559 = FACE_OUTER_BOUND ( 'NONE', #1250, .T. ) ;
#560 = CARTESIAN_POINT ( 'NONE',  ( 1.995032651035020675E-16, -31.29999999999999361, -21.30000000000000071 ) ) ;
#561 = VERTEX_POINT ( 'NONE', #4399 ) ;
#562 = CARTESIAN_POINT ( 'NONE',  ( 8.149999999999977263, -71.29999999999998295, -18.81599999999999540 ) ) ;
#563 = VECTOR ( 'NONE', #3983, 1000.000000000000000 ) ;
#564 = VERTEX_POINT ( 'NONE', #3982 ) ;
#565 = UNCERTAINTY_MEASURE_WITH_UNIT (LENGTH_MEASURE( 1.000000000000000082E-05 ), #4128, 'distance_accuracy_value', 'NONE');
#566 = VECTOR ( 'NONE', #4518, 1000.000000000000000 ) ;
#567 = EDGE_CURVE ( 'NONE', #4422, #997, #3246, .T. ) ;
#568 = CARTESIAN_POINT ( 'NONE',  ( 32.00000000000000000, -70.79999999999999716, -21.81599999999999540 ) ) ;
#569 = CARTESIAN_POINT ( 'NONE',  ( 24.49999999999999645, 22.34999999999998366, -22.80000000000000071 ) ) ;
#570 = DIRECTION ( 'NONE',  ( -1.301268728343923962E-17, -4.462663340991622160E-30, -1.000000000000000000 ) ) ;
#571 = LINE ( 'NONE', #4433, #712 ) ;
#572 = VECTOR ( 'NONE', #2200, 1000.000000000000000 ) ;
#573 = EDGE_CURVE ( 'NONE', #3438, #227, #4641, .T. ) ;
#574 = AXIS2_PLACEMENT_3D ( 'NONE', #5144, #901, #2209 ) ;
#575 = ORIENTED_EDGE ( 'NONE', *, *, #1938, .T. ) ;
#576 = CARTESIAN_POINT ( 'NONE',  ( -22.29999999999999716, -5.900000000000066969, 2.000000000000000000 ) ) ;
#577 = VECTOR ( 'NONE', #2565, 1000.000000000000000 ) ;
#578 = ADVANCED_FACE ( 'NONE', ( #4087 ), #2442, .F. ) ;
#579 = EDGE_CURVE ( 'NONE', #1045, #3745, #4142, .T. ) ;
#580 = CYLINDRICAL_SURFACE ( 'NONE', #3496, 4.250000000000010658 ) ;
#581 = VERTEX_POINT ( 'NONE', #785 ) ;
#582 = FACE_OUTER_BOUND ( 'NONE', #1879, .T. ) ;
#583 = CARTESIAN_POINT ( 'NONE',  ( 32.85000000000002274, -45.70000000000000284, -17.61599999999999255 ) ) ;
#584 = ORIENTED_EDGE ( 'NONE', *, *, #2583, .T. ) ;
#585 = CARTESIAN_POINT ( 'NONE',  ( 5.208733445923128736E-17, -67.80000000000003979, -22.79999999999999716 ) ) ;
#586 = VECTOR ( 'NONE', #961, 1000.000000000000000 ) ;
#587 = EDGE_LOOP ( 'NONE', ( #3383, #263, #872, #3162 ) ) ;
#588 = CARTESIAN_POINT ( 'NONE',  ( 15.99999999999999289, -34.79999999999999716, -14.68999999999999595 ) ) ;
#589 = VECTOR ( 'NONE', #5375, 1000.000000000000000 ) ;
#590 = ORIENTED_EDGE ( 'NONE', *, *, #191, .T. ) ;
#591 = CARTESIAN_POINT ( 'NONE',  ( 21.49999999999999645, -71.29999999999999716, 0.000000000000000000 ) ) ;
#592 = LINE ( 'NONE', #3597, #586 ) ;
#593 = ORIENTED_EDGE ( 'NONE', *, *, #3724, .T. ) ;
#594 = DIRECTION ( 'NONE',  ( -1.000000000000000000, -0.000000000000000000, -0.000000000000000000 ) ) ;
#595 = EDGE_CURVE ( 'NONE', #2651, #3745, #4609, .T. ) ;
#596 = AXIS2_PLACEMENT_3D ( 'NONE', #3788, #5277, #5222 ) ;
#597 = ORIENTED_EDGE ( 'NONE', *, *, #3794, .F. ) ;
#598 = DIRECTION ( 'NONE',  ( -1.000000000000000000, 1.847535342843096406E-16, 0.000000000000000000 ) ) ;
#599 = CARTESIAN_POINT ( 'NONE',  ( 32.50000000000000000, -71.29999999999999716, -145.7918040909596300 ) ) ;
#600 = CARTESIAN_POINT ( 'NONE',  ( 32.50000000000000711, 27.69999999999998863, 0.000000000000000000 ) ) ;
#601 = DIRECTION ( 'NONE',  ( 2.621975959147427135E-15, 1.000000000000000000, 0.000000000000000000 ) ) ;
#602 = EDGE_CURVE ( 'NONE', #3872, #2960, #4960, .T. ) ;
#603 = ORIENTED_EDGE ( 'NONE', *, *, #2703, .T. ) ;
#604 = LINE ( 'NONE', #4896, #1022 ) ;
#605 = CARTESIAN_POINT ( 'NONE',  ( 32.85000000000002984, 2.299999999999994493, -17.61599999999999611 ) ) ;
#606 = ORIENTED_EDGE ( 'NONE', *, *, #2994, .T. ) ;
#607 = CARTESIAN_POINT ( 'NONE',  ( 15.18569164678702599, -46.45000000000000284, -9.589999999999998082 ) ) ;
#608 = DIRECTION ( 'NONE',  ( 1.000000000000000000, -1.847535342843096406E-16, 0.000000000000000000 ) ) ;
#609 = EDGE_LOOP ( 'NONE', ( #3663, #1361, #4250, #1681 ) ) ;
#610 = CARTESIAN_POINT ( 'NONE',  ( -26.19999999999999929, -10.49999999999999467, 0.000000000000000000 ) ) ;
#611 = ADVANCED_FACE ( 'NONE', ( #338, #2037, #2943 ), #5478, .T. ) ;
#612 = EDGE_LOOP ( 'NONE', ( #1313, #2131, #2210, #645 ) ) ;
#613 = DIRECTION ( 'NONE',  ( 1.000000000000000000, 0.000000000000000000, -0.000000000000000000 ) ) ;
#614 = EDGE_CURVE ( 'NONE', #1279, #2043, #4581, .T. ) ;
#615 = DIRECTION ( 'NONE',  ( -1.000000000000000000, 5.806253902589690953E-47, 1.301268728343924116E-17 ) ) ;
#616 = DIRECTION ( 'NONE',  ( 0.000000000000000000, -1.000000000000000000, 0.000000000000000000 ) ) ;
#617 = EDGE_LOOP ( 'NONE', ( #3693, #65, #3060, #4278 ) ) ;
#618 = CARTESIAN_POINT ( 'NONE',  ( 27.19669914110088627, 0.4249999999999915512, -17.61599999999999611 ) ) ;
#619 = ORIENTED_EDGE ( 'NONE', *, *, #5288, .F. ) ;
#620 = LINE ( 'NONE', #2313, #287 ) ;
#621 = EDGE_CURVE ( 'NONE', #909, #4303, #1680, .T. ) ;
#622 = CARTESIAN_POINT ( 'NONE',  ( 26.64999999999999858, 20.19999999999998508, -23.81599999999999540 ) ) ;
#623 = CARTESIAN_POINT ( 'NONE',  ( -28.49999999999998579, 20.19999999999998508, 0.000000000000000000 ) ) ;
#624 = DIRECTION ( 'NONE',  ( 1.000000000000000000, 0.000000000000000000, 0.000000000000000000 ) ) ;
#625 = VECTOR ( 'NONE', #2407, 1000.000000000000000 ) ;
#626 = EDGE_CURVE ( 'NONE', #1054, #2384, #5416, .T. ) ;
#627 = ADVANCED_FACE ( 'NONE', ( #3306 ), #363, .F. ) ;
#628 = ORIENTED_EDGE ( 'NONE', *, *, #1024, .F. ) ;
#629 = FACE_OUTER_BOUND ( 'NONE', #2335, .T. ) ;
#630 = DIRECTION ( 'NONE',  ( 0.000000000000000000, 0.000000000000000000, -1.000000000000000000 ) ) ;
#631 = ORIENTED_EDGE ( 'NONE', *, *, #4305, .F. ) ;
#632 = DIRECTION ( 'NONE',  ( -0.000000000000000000, -0.000000000000000000, 1.000000000000000000 ) ) ;
#633 = DIRECTION ( 'NONE',  ( 0.000000000000000000, 1.000000000000000000, -4.461994495156348024E-30 ) ) ;
#634 = ORIENTED_EDGE ( 'NONE', *, *, #2404, .T. ) ;
#635 = CARTESIAN_POINT ( 'NONE',  ( 0.000000000000000000, -33.29999999999999716, -36.63144236528317776 ) ) ;
#636 = VERTEX_POINT ( 'NONE', #2062 ) ;
#637 = VECTOR ( 'NONE', #558, 1000.000000000000000 ) ;
#638 = LINE ( 'NONE', #3622, #3403 ) ;
#639 = EDGE_LOOP ( 'NONE', ( #4885, #763, #4340, #2466, #3178, #3823 ) ) ;
#640 = CARTESIAN_POINT ( 'NONE',  ( -32.50000000000000000, -71.29999999999999716, -145.7918040909596300 ) ) ;
#641 = DIRECTION ( 'NONE',  ( 1.000000000000000000, -0.000000000000000000, 0.000000000000000000 ) ) ;
#642 = ORIENTED_EDGE ( 'NONE', *, *, #2758, .F. ) ;
#643 = DIRECTION ( 'NONE',  ( 0.000000000000000000, -1.000000000000000000, 4.461994495156348024E-30 ) ) ;
#644 = CIRCLE ( 'NONE', #4199, 1.424999999999995826 ) ;
#645 = ORIENTED_EDGE ( 'NONE', *, *, #4597, .T. ) ;
#646 = EDGE_CURVE ( 'NONE', #1279, #4037, #4113, .T. ) ;
#647 = DIRECTION ( 'NONE',  ( 0.000000000000000000, -1.000000000000000000, 4.461994495156348024E-30 ) ) ;
#648 = VECTOR ( 'NONE', #129, 1000.000000000000114 ) ;
#649 = CARTESIAN_POINT ( 'NONE',  ( -26.19999999999999929, 13.75000000000000178, -7.500000000000000000 ) ) ;
#650 = DIRECTION ( 'NONE',  ( -0.000000000000000000, -0.000000000000000000, 1.000000000000000000 ) ) ;
#651 = LINE ( 'NONE', #3123, #906 ) ;
#652 = ADVANCED_FACE ( 'NONE', ( #3665 ), #5028, .F. ) ;
#653 = VECTOR ( 'NONE', #4652, 1000.000000000000000 ) ;
#654 = VECTOR ( 'NONE', #3828, 1000.000000000000000 ) ;
#655 = ORIENTED_EDGE ( 'NONE', *, *, #3744, .F. ) ;
#656 = CARTESIAN_POINT ( 'NONE',  ( 1.301268728343923962E-17, 4.461994495156348024E-30, -18.68999999999999417 ) ) ;
#657 = AXIS2_PLACEMENT_3D ( 'NONE', #4824, #2088, #1242 ) ;
#658 = EDGE_CURVE ( 'NONE', #117, #1703, #813, .T. ) ;
#659 = EDGE_CURVE ( 'NONE', #3478, #3814, #5056, .T. ) ;
#660 = AXIS2_PLACEMENT_3D ( 'NONE', #2464, #4160, #5016 ) ;
#661 = VERTEX_POINT ( 'NONE', #2499 ) ;
#662 = LINE ( 'NONE', #4417, #301 ) ;
#663 = DIRECTION ( 'NONE',  ( 0.000000000000000000, -1.000000000000000000, 0.000000000000000000 ) ) ;
#664 = VERTEX_POINT ( 'NONE', #4200 ) ;
#665 = EDGE_LOOP ( 'NONE', ( #2476, #4942, #5466, #962 ) ) ;
#666 = CARTESIAN_POINT ( 'NONE',  ( 26.50000000000000000, -70.79999999999999716, -22.79999999999999716 ) ) ;
#667 = VECTOR ( 'NONE', #4011, 1000.000000000000000 ) ;
#668 = ADVANCED_FACE ( 'NONE', ( #2094 ), #2007, .T. ) ;
#669 = ORIENTED_EDGE ( 'NONE', *, *, #4012, .T. ) ;
#670 = DIRECTION ( 'NONE',  ( -1.000000000000000000, 0.000000000000000000, 1.301268728343923962E-17 ) ) ;
#671 = DIRECTION ( 'NONE',  ( 0.000000000000000000, -4.461994495156348024E-30, -1.000000000000000000 ) ) ;
#672 = FACE_OUTER_BOUND ( 'NONE', #5134, .T. ) ;
#673 = ORIENTED_EDGE ( 'NONE', *, *, #490, .T. ) ;
#674 = CARTESIAN_POINT ( 'NONE',  ( 19.60499999999999687, -43.12000000000001876, -14.68999999999999595 ) ) ;
#675 = EDGE_CURVE ( 'NONE', #74, #2378, #4669, .T. ) ;
#676 = ORIENTED_EDGE ( 'NONE', *, *, #3288, .F. ) ;
#677 = AXIS2_PLACEMENT_3D ( 'NONE', #2781, #2235, #3992 ) ;
#678 = CARTESIAN_POINT ( 'NONE',  ( 13.94769579748195731, -43.95000000000000995, 2.000000000000000000 ) ) ;
#679 = CARTESIAN_POINT ( 'NONE',  ( 34.50000000000001421, 29.69999999999998508, -21.81600000000000250 ) ) ;
#680 = CARTESIAN_POINT ( 'NONE',  ( 21.90000000000000213, 13.75000000000000178, 0.000000000000000000 ) ) ;
#681 = FACE_OUTER_BOUND ( 'NONE', #2125, .T. ) ;
#682 = AXIS2_PLACEMENT_3D ( 'NONE', #4612, #1226, #925 ) ;
#683 = EDGE_CURVE ( 'NONE', #3931, #4753, #4748, .T. ) ;
#684 = VECTOR ( 'NONE', #2728, 1000.000000000000000 ) ;
#685 = EDGE_CURVE ( 'NONE', #4231, #5231, #3841, .T. ) ;
#686 = EDGE_LOOP ( 'NONE', ( #4939, #4974, #2821, #2448 ) ) ;
#687 = DIRECTION ( 'NONE',  ( 0.000000000000000000, 1.000000000000000000, -4.461994495156348024E-30 ) ) ;
#688 = EDGE_LOOP ( 'NONE', ( #1410, #3402, #4321, #1737, #2439 ) ) ;
#689 = DIRECTION ( 'NONE',  ( -6.700369425960418635E-17, -1.000000000000000000, 4.463535239111857813E-30 ) ) ;
#690 = DIRECTION ( 'NONE',  ( -1.301268728343923962E-17, -4.461994495156348024E-30, -1.000000000000000000 ) ) ;
#691 = ORIENTED_EDGE ( 'NONE', *, *, #2426, .F. ) ;
#692 = DIRECTION ( 'NONE',  ( 0.000000000000000000, 0.000000000000000000, -1.000000000000000000 ) ) ;
#693 = VERTEX_POINT ( 'NONE', #2204 ) ;
#694 = EDGE_LOOP ( 'NONE', ( #3793, #923, #3938, #844 ) ) ;
#695 = CARTESIAN_POINT ( 'NONE',  ( 24.99999999999999289, -31.29999999999999361, 0.000000000000000000 ) ) ;
#696 = ORIENTED_EDGE ( 'NONE', *, *, #4145, .F. ) ;
#697 = EDGE_CURVE ( 'NONE', #3634, #5121, #3394, .T. ) ;
#698 = DIRECTION ( 'NONE',  ( 0.000000000000000000, 1.000000000000000000, -4.461994495156348024E-30 ) ) ;
#699 = PLANE ( 'NONE',  #2991 ) ;
#700 = VERTEX_POINT ( 'NONE', #3895 ) ;
#701 = ORIENTED_EDGE ( 'NONE', *, *, #102, .T. ) ;
#702 = LINE ( 'NONE', #2392, #1463 ) ;
#703 = ORIENTED_EDGE ( 'NONE', *, *, #2317, .F. ) ;
#704 = DIRECTION ( 'NONE',  ( -1.000000000000000000, 0.000000000000000000, 0.000000000000000000 ) ) ;
#705 = DIRECTION ( 'NONE',  ( 0.000000000000000000, -1.000000000000000000, 4.461994495156348024E-30 ) ) ;
#706 = DIRECTION ( 'NONE',  ( 1.000000000000000000, 0.000000000000000000, 0.000000000000000000 ) ) ;
#707 = CARTESIAN_POINT ( 'NONE',  ( 21.90000000000000213, 8.000000000000001776, -7.500000000000000000 ) ) ;
#708 = CARTESIAN_POINT ( 'NONE',  ( -28.94999999999999574, 9.500000000000001776, -7.500000000000000000 ) ) ;
#709 = ORIENTED_EDGE ( 'NONE', *, *, #3271, .F. ) ;
#710 = LINE ( 'NONE', #4981, #223 ) ;
#711 = CIRCLE ( 'NONE', #3102, 3.525000000000000355 ) ;
#712 = VECTOR ( 'NONE', #4458, 1000.000000000000000 ) ;
#713 = EDGE_CURVE ( 'NONE', #1157, #1794, #3871, .T. ) ;
#714 = EDGE_LOOP ( 'NONE', ( #4639, #2391, #2012, #3444 ) ) ;
#715 = LINE ( 'NONE', #5437, #566 ) ;
#716 = PLANE ( 'NONE',  #99 ) ;
#717 = VERTEX_POINT ( 'NONE', #1335 ) ;
#718 = PLANE ( 'NONE',  #4815 ) ;
#719 = EDGE_CURVE ( 'NONE', #1651, #5396, #5085, .T. ) ;
#720 = DIRECTION ( 'NONE',  ( 1.000000000000000000, -0.000000000000000000, 0.000000000000000000 ) ) ;
#721 = EDGE_LOOP ( 'NONE', ( #929, #4823, #790, #1839 ) ) ;
#722 = DIRECTION ( 'NONE',  ( 0.000000000000000000, 0.000000000000000000, -1.000000000000000000 ) ) ;
#723 = CARTESIAN_POINT ( 'NONE',  ( 5.208733445923128736E-17, 20.19999999999998508, -22.79999999999999716 ) ) ;
#724 = ORIENTED_EDGE ( 'NONE', *, *, #890, .F. ) ;
#725 = EDGE_LOOP ( 'NONE', ( #1025, #2829, #2615, #4888 ) ) ;
#726 = FACE_OUTER_BOUND ( 'NONE', #2848, .T. ) ;
#727 = EDGE_CURVE ( 'NONE', #1476, #2, #87, .T. ) ;
#728 = EDGE_LOOP ( 'NONE', ( #3112, #1849, #5408, #3360 ) ) ;
#729 = EDGE_CURVE ( 'NONE', #1494, #4955, #921, .T. ) ;
#730 = AXIS2_PLACEMENT_3D ( 'NONE', #4454, #181, #2342 ) ;
#731 = DIRECTION ( 'NONE',  ( 1.000000000000000000, 0.000000000000000000, 0.000000000000000000 ) ) ;
#732 = DIRECTION ( 'NONE',  ( -1.000000000000000000, 1.139978492981533201E-13, 0.000000000000000000 ) ) ;
#733 = CARTESIAN_POINT ( 'NONE',  ( 21.49999999999999289, -36.79999999999999716, -18.68999999999999417 ) ) ;
#734 = CARTESIAN_POINT ( 'NONE',  ( 26.64999999999999858, 0.000000000000000000, -29.47285424949237864 ) ) ;
#735 = VECTOR ( 'NONE', #111, 1000.000000000000000 ) ;
#736 = ADVANCED_FACE ( 'NONE', ( #1790 ), #447, .F. ) ;
#737 = VECTOR ( 'NONE', #4186, 1000.000000000000000 ) ;
#738 = DIRECTION ( 'NONE',  ( 8.673617379884037444E-16, -1.000000000000000000, 0.000000000000000000 ) ) ;
#739 = CARTESIAN_POINT ( 'NONE',  ( 21.90000000000000213, 12.24999999999998579, -7.500000000000000000 ) ) ;
#740 = CARTESIAN_POINT ( 'NONE',  ( -18.36348626183724875, 13.75000000000000355, -7.500000000000000000 ) ) ;
#741 = ORIENTED_EDGE ( 'NONE', *, *, #602, .F. ) ;
#742 = DIRECTION ( 'NONE',  ( -1.000000000000000000, 0.000000000000000000, 0.000000000000000000 ) ) ;
#743 = VECTOR ( 'NONE', #4833, 1000.000000000000000 ) ;
#744 = ADVANCED_FACE ( 'NONE', ( #3477 ), #2561, .F. ) ;
#745 = AXIS2_PLACEMENT_3D ( 'NONE', #2154, #2182, #2617 ) ;
#746 = VECTOR ( 'NONE', #1649, 1000.000000000000000 ) ;
#747 = ORIENTED_EDGE ( 'NONE', *, *, #2451, .F. ) ;
#748 = CARTESIAN_POINT ( 'NONE',  ( 24.99999999999999289, -31.29999999999999361, 0.000000000000000000 ) ) ;
#749 = CARTESIAN_POINT ( 'NONE',  ( -22.86009485345630310, 29.70099999999998985, -21.81600000000000250 ) ) ;
#750 = EDGE_LOOP ( 'NONE', ( #2251, #3556, #3127, #3248 ) ) ;
#751 = EDGE_CURVE ( 'NONE', #4057, #4730, #3504, .T. ) ;
#752 = PLANE ( 'NONE',  #2174 ) ;
#753 = ORIENTED_EDGE ( 'NONE', *, *, #2443, .F. ) ;
#754 = AXIS2_PLACEMENT_3D ( 'NONE', #2556, #3020, #2632 ) ;
#755 = ORIENTED_EDGE ( 'NONE', *, *, #4916, .T. ) ;
#756 = DIRECTION ( 'NONE',  ( 0.000000000000000000, 1.000000000000000000, 0.000000000000000000 ) ) ;
#757 = ORIENTED_EDGE ( 'NONE', *, *, #4696, .T. ) ;
#758 = CARTESIAN_POINT ( 'NONE',  ( -24.00000000000002132, -71.29999999999999716, -21.81600000000000250 ) ) ;
#759 = DIRECTION ( 'NONE',  ( -0.000000000000000000, -0.000000000000000000, -1.000000000000000000 ) ) ;
#760 = VERTEX_POINT ( 'NONE', #2532 ) ;
#761 = ORIENTED_EDGE ( 'NONE', *, *, #374, .F. ) ;
#762 = LINE ( 'NONE', #877, #577 ) ;
#763 = ORIENTED_EDGE ( 'NONE', *, *, #4548, .F. ) ;
#764 = AXIS2_PLACEMENT_3D ( 'NONE', #635, #4827, #3563 ) ;
#765 = PLANE ( 'NONE',  #3489 ) ;
#766 = CARTESIAN_POINT ( 'NONE',  ( -26.64999999999999147, 1.786052293135803323E-29, -22.79999999999999716 ) ) ;
#767 = CARTESIAN_POINT ( 'NONE',  ( 19.14999999999999858, -35.95000000000001705, 2.000000000000000000 ) ) ;
#768 = CARTESIAN_POINT ( 'NONE',  ( -24.00000000000002132, 5.076303204121963712E-29, -21.30000000000000071 ) ) ;
#769 = EDGE_CURVE ( 'NONE', #219, #5037, #3080, .T. ) ;
#770 = AXIS2_PLACEMENT_3D ( 'NONE', #18, #933, #1800 ) ;
#771 = CYLINDRICAL_SURFACE ( 'NONE', #58, 10.27102224193584057 ) ;
#772 = DIRECTION ( 'NONE',  ( -0.000000000000000000, -0.000000000000000000, 1.000000000000000000 ) ) ;
#773 = DIRECTION ( 'NONE',  ( -1.301268728343923962E-17, -4.461994495156348024E-30, -1.000000000000000000 ) ) ;
#774 = VECTOR ( 'NONE', #1363, 1000.000000000000000 ) ;
#775 = ORIENTED_EDGE ( 'NONE', *, *, #3911, .F. ) ;
#776 = DIRECTION ( 'NONE',  ( -0.000000000000000000, -0.000000000000000000, -1.000000000000000000 ) ) ;
#777 = EDGE_CURVE ( 'NONE', #3328, #4422, #843, .T. ) ;
#778 = VECTOR ( 'NONE', #351, 1000.000000000000000 ) ;
#779 = ORIENTED_EDGE ( 'NONE', *, *, #3775, .F. ) ;
#780 = LINE ( 'NONE', #4986, #4558 ) ;
#781 = ADVANCED_FACE ( 'NONE', ( #1309 ), #3026, .F. ) ;
#782 = LINE ( 'NONE', #3838, #5154 ) ;
#783 = VERTEX_POINT ( 'NONE', #896 ) ;
#784 = DIRECTION ( 'NONE',  ( -1.000000000000000000, 0.000000000000000000, 0.000000000000000000 ) ) ;
#785 = CARTESIAN_POINT ( 'NONE',  ( 17.61999999999999744, -35.35500000000001108, -9.589999999999998082 ) ) ;
#786 = ORIENTED_EDGE ( 'NONE', *, *, #943, .T. ) ;
#787 = FACE_OUTER_BOUND ( 'NONE', #4545, .T. ) ;
#788 = EDGE_CURVE ( 'NONE', #3761, #4773, #2761, .T. ) ;
#789 = DIRECTION ( 'NONE',  ( -1.000000000000000000, -0.000000000000000000, -0.000000000000000000 ) ) ;
#790 = ORIENTED_EDGE ( 'NONE', *, *, #4763, .F. ) ;
#791 = DIRECTION ( 'NONE',  ( 0.000000000000000000, -1.000000000000000000, 0.000000000000000000 ) ) ;
#792 = ORIENTED_EDGE ( 'NONE', *, *, #2548, .T. ) ;
#793 = CARTESIAN_POINT ( 'NONE',  ( -24.49999999999998934, 0.000000000000000000, -26.80281151192504652 ) ) ;
#794 = CARTESIAN_POINT ( 'NONE',  ( 34.50000000000000000, -45.70000000000000284, -14.09099999999999220 ) ) ;
#795 = LINE ( 'NONE', #1624, #589 ) ;
#796 = PLANE ( 'NONE',  #4005 ) ;
#797 = ORIENTED_EDGE ( 'NONE', *, *, #3864, .T. ) ;
#798 = EDGE_CURVE ( 'NONE', #3949, #564, #2972, .T. ) ;
#799 = CARTESIAN_POINT ( 'NONE',  ( -20.50000000000002132, -68.30000000000001137, -21.30000000000000071 ) ) ;
#800 = DIRECTION ( 'NONE',  ( 0.000000000000000000, 0.000000000000000000, -1.000000000000000000 ) ) ;
#801 = DIRECTION ( 'NONE',  ( -1.301268728343923962E-17, -4.462663340991622160E-30, -1.000000000000000000 ) ) ;
#802 = VERTEX_POINT ( 'NONE', #2586 ) ;
#803 = CARTESIAN_POINT ( 'NONE',  ( -32.00000000000000000, -70.79999999999999716, -21.81599999999999540 ) ) ;
#804 = ORIENTED_EDGE ( 'NONE', *, *, #1598, .F. ) ;
#805 = ORIENTED_EDGE ( 'NONE', *, *, #110, .F. ) ;
#806 = CYLINDRICAL_SURFACE ( 'NONE', #2962, 2.500000000000002220 ) ;
#807 = CARTESIAN_POINT ( 'NONE',  ( 32.50000000000000000, -71.29999999999999716, 0.000000000000000000 ) ) ;
#808 = ORIENTED_EDGE ( 'NONE', *, *, #4161, .T. ) ;
#809 = FACE_OUTER_BOUND ( 'NONE', #4190, .T. ) ;
#810 = EDGE_CURVE ( 'NONE', #5145, #32, #4279, .T. ) ;
#811 = VECTOR ( 'NONE', #3554, 1000.000000000000000 ) ;
#812 = EDGE_LOOP ( 'NONE', ( #2555, #4264, #4453, #2139 ) ) ;
#813 = LINE ( 'NONE', #390, #1890 ) ;
#814 = ORIENTED_EDGE ( 'NONE', *, *, #3997, .T. ) ;
#815 = DIRECTION ( 'NONE',  ( 0.000000000000000000, 0.000000000000000000, 1.000000000000000000 ) ) ;
#816 = DIRECTION ( 'NONE',  ( 0.000000000000000000, 0.000000000000000000, -1.000000000000000000 ) ) ;
#817 = ORIENTED_EDGE ( 'NONE', *, *, #5476, .T. ) ;
#818 = ORIENTED_EDGE ( 'NONE', *, *, #49, .F. ) ;
#819 = CARTESIAN_POINT ( 'NONE',  ( -10.24999999999999822, 3.127621227913204073E-29, -19.68999999999999417 ) ) ;
#820 = VERTEX_POINT ( 'NONE', #4312 ) ;
#821 = DIRECTION ( 'NONE',  ( 1.000000000000000000, -0.000000000000000000, 0.000000000000000000 ) ) ;
#822 = LINE ( 'NONE', #5487, #841 ) ;
#823 = DIRECTION ( 'NONE',  ( 0.000000000000000000, -0.000000000000000000, 1.000000000000000000 ) ) ;
#824 =( NAMED_UNIT ( * ) SI_UNIT ( $, .STERADIAN. ) SOLID_ANGLE_UNIT ( ) );
#825 = AXIS2_PLACEMENT_3D ( 'NONE', #3762, #2864, #348 ) ;
#826 = ORIENTED_EDGE ( 'NONE', *, *, #2839, .F. ) ;
#827 = CARTESIAN_POINT ( 'NONE',  ( -26.19999999999999929, -14.74999999999999645, -7.500000000000000000 ) ) ;
#828 = VECTOR ( 'NONE', #421, 1000.000000000000000 ) ;
#829 = CARTESIAN_POINT ( 'NONE',  ( 32.85000000000002274, -45.70000000000000284, -15.74099999999998722 ) ) ;
#830 = DIRECTION ( 'NONE',  ( 0.000000000000000000, -1.000000000000000000, 0.000000000000000000 ) ) ;
#831 = EDGE_LOOP ( 'NONE', ( #3505, #1726, #528, #3223 ) ) ;
#832 = CARTESIAN_POINT ( 'NONE',  ( 16.65038082010977050, -33.45000000000001705, -9.589999999999998082 ) ) ;
#833 = VECTOR ( 'NONE', #3650, 1000.000000000000000 ) ;
#834 = ORIENTED_EDGE ( 'NONE', *, *, #2480, .F. ) ;
#835 = ORIENTED_EDGE ( 'NONE', *, *, #884, .F. ) ;
#836 = CARTESIAN_POINT ( 'NONE',  ( -32.00000000000000000, 27.19999999999998863, 2.000000000000000000 ) ) ;
#837 = AXIS2_PLACEMENT_3D ( 'NONE', #5096, #2105, #1258 ) ;
#838 = LINE ( 'NONE', #3936, #4788 ) ;
#839 = CARTESIAN_POINT ( 'NONE',  ( -34.50000000000000000, 27.19999999999998863, 2.000000000000000000 ) ) ;
#840 = EDGE_CURVE ( 'NONE', #4284, #4524, #4131, .T. ) ;
#841 = VECTOR ( 'NONE', #854, 1000.000000000000000 ) ;
#842 = VERTEX_POINT ( 'NONE', #2709 ) ;
#843 = LINE ( 'NONE', #524, #1172 ) ;
#844 = ORIENTED_EDGE ( 'NONE', *, *, #27, .F. ) ;
#845 = DIRECTION ( 'NONE',  ( 1.000000000000000000, 0.000000000000000000, 0.000000000000000000 ) ) ;
#846 = CARTESIAN_POINT ( 'NONE',  ( 3.606038625352606793E-16, 5.349999999999991651, -2.298720648142606942E-29 ) ) ;
#847 = VERTEX_POINT ( 'NONE', #5406 ) ;
#848 = LINE ( 'NONE', #1591, #940 ) ;
#849 = VECTOR ( 'NONE', #3635, 1000.000000000000000 ) ;
#850 = EDGE_CURVE ( 'NONE', #3753, #1494, #326, .T. ) ;
#851 = ORIENTED_EDGE ( 'NONE', *, *, #4741, .F. ) ;
#852 = VECTOR ( 'NONE', #334, 1000.000000000000000 ) ;
#853 = LINE ( 'NONE', #4210, #2673 ) ;
#854 = DIRECTION ( 'NONE',  ( -0.000000000000000000, -0.000000000000000000, 1.000000000000000000 ) ) ;
#855 = CARTESIAN_POINT ( 'NONE',  ( 34.50000000000000711, 2.299999999999994493, -17.61599999999999611 ) ) ;
#856 = VECTOR ( 'NONE', #5452, 1000.000000000000000 ) ;
#857 = DIRECTION ( 'NONE',  ( -1.301268728343923962E-17, -4.461994495156348024E-30, -1.000000000000000000 ) ) ;
#858 = LINE ( 'NONE', #1721, #5351 ) ;
#859 = ORIENTED_EDGE ( 'NONE', *, *, #1571, .T. ) ;
#860 = DIRECTION ( 'NONE',  ( 1.000000000000000000, -0.000000000000000000, 0.000000000000000000 ) ) ;
#861 = VECTOR ( 'NONE', #4740, 1000.000000000000000 ) ;
#862 = ORIENTED_EDGE ( 'NONE', *, *, #1629, .T. ) ;
#863 = EDGE_CURVE ( 'NONE', #3478, #1308, #2734, .T. ) ;
#864 = VERTEX_POINT ( 'NONE', #1053 ) ;
#865 = CARTESIAN_POINT ( 'NONE',  ( -0.000000000000000000, 20.19999999999998508, 0.000000000000000000 ) ) ;
#866 = EDGE_CURVE ( 'NONE', #1154, #4762, #193, .T. ) ;
#867 = PLANE ( 'NONE',  #4967 ) ;
#868 = DIRECTION ( 'NONE',  ( 0.000000000000000000, -1.000000000000000000, 0.000000000000000000 ) ) ;
#869 = VECTOR ( 'NONE', #2277, 1000.000000000000000 ) ;
#870 = ORIENTED_EDGE ( 'NONE', *, *, #267, .F. ) ;
#871 = CARTESIAN_POINT ( 'NONE',  ( -26.64999999999999147, 20.19999999999998508, -29.47285424949237864 ) ) ;
#872 = ORIENTED_EDGE ( 'NONE', *, *, #4572, .F. ) ;
#873 = CARTESIAN_POINT ( 'NONE',  ( -26.19999999999999929, -10.49999999999999467, -7.500000000000000000 ) ) ;
#874 = DIRECTION ( 'NONE',  ( -0.000000000000000000, -0.000000000000000000, 1.000000000000000000 ) ) ;
#875 = EDGE_LOOP ( 'NONE', ( #2066, #2572, #1247, #1004 ) ) ;
#876 = ORIENTED_EDGE ( 'NONE', *, *, #4735, .F. ) ;
#877 = CARTESIAN_POINT ( 'NONE',  ( -22.00000000000002132, -155.2999999999999829, -19.68999999999999417 ) ) ;
#878 = ORIENTED_EDGE ( 'NONE', *, *, #27, .T. ) ;
#879 = EDGE_CURVE ( 'NONE', #2444, #2668, #2325, .T. ) ;
#880 = DIRECTION ( 'NONE',  ( -0.000000000000000000, -0.000000000000000000, -1.000000000000000000 ) ) ;
#881 = DIRECTION ( 'NONE',  ( 1.000000000000000000, -7.008983741320433464E-17, -0.000000000000000000 ) ) ;
#882 = DIRECTION ( 'NONE',  ( -0.7071067811865464625, 8.659560562354921765E-17, 0.7071067811865486830 ) ) ;
#883 = ORIENTED_EDGE ( 'NONE', *, *, #4043, .F. ) ;
#884 = EDGE_CURVE ( 'NONE', #4402, #1810, #644, .T. ) ;
#885 = LINE ( 'NONE', #3041, #3077 ) ;
#886 = DIRECTION ( 'NONE',  ( 1.000000000000000000, 0.000000000000000000, -1.301268728343947381E-17 ) ) ;
#887 = CARTESIAN_POINT ( 'NONE',  ( -32.50000000000000000, 27.69999999999998863, -145.7918040909596300 ) ) ;
#888 = VERTEX_POINT ( 'NONE', #2680 ) ;
#889 = DIRECTION ( 'NONE',  ( -0.000000000000000000, -0.000000000000000000, 1.000000000000000000 ) ) ;
#890 = EDGE_CURVE ( 'NONE', #2740, #5450, #5219, .T. ) ;
#891 = ORIENTED_EDGE ( 'NONE', *, *, #1083, .F. ) ;
#892 = LINE ( 'NONE', #1762, #2434 ) ;
#893 = DIRECTION ( 'NONE',  ( -0.000000000000000000, -1.000000000000000000, -0.000000000000000000 ) ) ;
#894 = EDGE_CURVE ( 'NONE', #4114, #1373, #1601, .T. ) ;
#895 = ORIENTED_EDGE ( 'NONE', *, *, #4414, .F. ) ;
#896 = CARTESIAN_POINT ( 'NONE',  ( 21.90000000000000213, 13.75000000000000178, -7.500000000000000000 ) ) ;
#897 = ORIENTED_EDGE ( 'NONE', *, *, #989, .T. ) ;
#898 = DIRECTION ( 'NONE',  ( -1.000000000000000000, 0.000000000000000000, 0.000000000000000000 ) ) ;
#899 = FACE_OUTER_BOUND ( 'NONE', #4600, .T. ) ;
#900 = ORIENTED_EDGE ( 'NONE', *, *, #1065, .F. ) ;
#901 = DIRECTION ( 'NONE',  ( -1.000000000000000000, 4.956352788505164254E-16, 1.301268728343923962E-17 ) ) ;
#902 = VECTOR ( 'NONE', #2354, 1000.000000000000000 ) ;
#903 = ORIENTED_EDGE ( 'NONE', *, *, #4579, .T. ) ;
#904 = CARTESIAN_POINT ( 'NONE',  ( 24.99999999999999289, -31.29999999999999361, -21.30000000000000426 ) ) ;
#905 = CARTESIAN_POINT ( 'NONE',  ( 24.99999999999999289, -31.29999999999999361, -40.42029184550956700 ) ) ;
#906 = VECTOR ( 'NONE', #1071, 1000.000000000000000 ) ;
#907 = CARTESIAN_POINT ( 'NONE',  ( 14.14999999999999680, -46.45000000000000995, 2.000000000000000000 ) ) ;
#908 = EDGE_CURVE ( 'NONE', #2123, #1423, #121, .T. ) ;
#909 = VERTEX_POINT ( 'NONE', #2246 ) ;
#910 = CARTESIAN_POINT ( 'NONE',  ( 21.90000000000000213, -13.25000000000000533, -7.500000000000000000 ) ) ;
#911 = FACE_OUTER_BOUND ( 'NONE', #4928, .T. ) ;
#912 = EDGE_LOOP ( 'NONE', ( #283, #309, #286, #4795 ) ) ;
#913 = EDGE_CURVE ( 'NONE', #4957, #2705, #2322, .T. ) ;
#914 = VECTOR ( 'NONE', #2290, 1000.000000000000000 ) ;
#915 = VERTEX_POINT ( 'NONE', #996 ) ;
#916 = LINE ( 'NONE', #523, #134 ) ;
#917 = FACE_OUTER_BOUND ( 'NONE', #4952, .T. ) ;
#918 = VECTOR ( 'NONE', #1222, 1000.000000000000000 ) ;
#919 = EDGE_CURVE ( 'NONE', #693, #3730, #3855, .T. ) ;
#920 = VERTEX_POINT ( 'NONE', #2840 ) ;
#921 = LINE ( 'NONE', #871, #735 ) ;
#922 = EDGE_CURVE ( 'NONE', #3260, #2832, #1887, .T. ) ;
#923 = ORIENTED_EDGE ( 'NONE', *, *, #4496, .F. ) ;
#924 = CARTESIAN_POINT ( 'NONE',  ( 16.44807661759172746, -33.45000000000001705, 2.000000000000000000 ) ) ;
#925 = DIRECTION ( 'NONE',  ( 0.000000000000000000, 0.000000000000000000, -1.000000000000000000 ) ) ;
#926 = VERTEX_POINT ( 'NONE', #1469 ) ;
#927 = DIRECTION ( 'NONE',  ( -1.301268728343923962E-17, -4.462663340991622160E-30, -1.000000000000000000 ) ) ;
#928 = CIRCLE ( 'NONE', #2774, 5.749999999999984013 ) ;
#929 = ORIENTED_EDGE ( 'NONE', *, *, #5404, .F. ) ;
#930 = CARTESIAN_POINT ( 'NONE',  ( -18.77897775806425074, 9.521022241935741093, 0.000000000000000000 ) ) ;
#931 = VECTOR ( 'NONE', #1251, 1000.000000000000000 ) ;
#932 = DIRECTION ( 'NONE',  ( -0.000000000000000000, 0.000000000000000000, 1.000000000000000000 ) ) ;
#933 = DIRECTION ( 'NONE',  ( 0.000000000000000000, 4.463535239111858514E-30, 1.000000000000000000 ) ) ;
#934 = ADVANCED_FACE ( 'NONE', ( #4389 ), #580, .T. ) ;
#935 = ORIENTED_EDGE ( 'NONE', *, *, #556, .T. ) ;
#936 = CIRCLE ( 'NONE', #5362, 2.500000000000002220 ) ;
#937 = CARTESIAN_POINT ( 'NONE',  ( 32.50000000000000000, -43.82500000000000284, -17.61599999999999255 ) ) ;
#938 = CARTESIAN_POINT ( 'NONE',  ( -10.24999999999999822, -38.21249999999998437, -19.68999999999999417 ) ) ;
#939 = CARTESIAN_POINT ( 'NONE',  ( 26.14999999999999858, 8.000000000000001776, -7.500000000000000000 ) ) ;
#940 = VECTOR ( 'NONE', #3373, 1000.000000000000000 ) ;
#941 = EDGE_LOOP ( 'NONE', ( #3006, #954, #3392, #165 ) ) ;
#942 = EDGE_CURVE ( 'NONE', #2381, #5332, #4850, .T. ) ;
#943 = EDGE_CURVE ( 'NONE', #888, #3145, #164, .T. ) ;
#944 = VECTOR ( 'NONE', #2906, 1000.000000000000000 ) ;
#945 = VERTEX_POINT ( 'NONE', #4437 ) ;
#946 = CARTESIAN_POINT ( 'NONE',  ( -23.86009485345630310, -71.29999999999999716, -21.81600000000000250 ) ) ;
#947 = VECTOR ( 'NONE', #1961, 1000.000000000000000 ) ;
#948 = EDGE_CURVE ( 'NONE', #4114, #820, #1173, .T. ) ;
#949 = CARTESIAN_POINT ( 'NONE',  ( -96.00000000000001421, -155.2999999999999829, -19.68999999999999417 ) ) ;
#950 = EDGE_LOOP ( 'NONE', ( #967, #4924, #4393, #5275, #2393, #71, #619, #3074 ) ) ;
#951 = CARTESIAN_POINT ( 'NONE',  ( 26.14999999999999858, 8.000000000000001776, -7.500000000000000000 ) ) ;
#952 = CARTESIAN_POINT ( 'NONE',  ( 19.60499999999999687, 2.275617192529737268E-29, -9.589999999999998082 ) ) ;
#953 = AXIS2_PLACEMENT_3D ( 'NONE', #425, #3029, #2127 ) ;
#954 = ORIENTED_EDGE ( 'NONE', *, *, #1380, .F. ) ;
#955 = ORIENTED_EDGE ( 'NONE', *, *, #4286, .T. ) ;
#956 = CYLINDRICAL_SURFACE ( 'NONE', #1637, 1.875000000000003331 ) ;
#957 = ORIENTED_EDGE ( 'NONE', *, *, #256, .T. ) ;
#958 = VECTOR ( 'NONE', #491, 1000.000000000000000 ) ;
#959 = FACE_OUTER_BOUND ( 'NONE', #5410, .T. ) ;
#960 = DIRECTION ( 'NONE',  ( 0.000000000000000000, 1.000000000000000000, 0.000000000000000000 ) ) ;
#961 = DIRECTION ( 'NONE',  ( -0.000000000000000000, -0.000000000000000000, 1.000000000000000000 ) ) ;
#962 = ORIENTED_EDGE ( 'NONE', *, *, #5162, .T. ) ;
#963 = CARTESIAN_POINT ( 'NONE',  ( -28.49999999999998579, 20.19999999999998508, -23.81599999999999540 ) ) ;
#964 = CARTESIAN_POINT ( 'NONE',  ( -34.50000000000000000, -73.29999999999999716, 2.000000000000000000 ) ) ;
#965 = DIRECTION ( 'NONE',  ( -1.000000000000000000, 2.213641848835077245E-16, 0.000000000000000000 ) ) ;
#966 = DIRECTION ( 'NONE',  ( 1.301268728343923962E-17, 4.462663340991622160E-30, 1.000000000000000000 ) ) ;
#967 = ORIENTED_EDGE ( 'NONE', *, *, #2548, .F. ) ;
#968 = EDGE_CURVE ( 'NONE', #3753, #4118, #3558, .T. ) ;
#969 = EDGE_LOOP ( 'NONE', ( #2747, #4935, #2948, #1238 ) ) ;
#970 = LINE ( 'NONE', #1811, #5004 ) ;
#971 = ADVANCED_FACE ( 'NONE', ( #4947 ), #293, .F. ) ;
#972 = CARTESIAN_POINT ( 'NONE',  ( -34.50000000000001421, -73.29999999999999716, -21.81600000000000250 ) ) ;
#973 = ORIENTED_EDGE ( 'NONE', *, *, #4074, .T. ) ;
#974 = LINE ( 'NONE', #5141, #2777 ) ;
#975 = DIRECTION ( 'NONE',  ( -1.847535342843096406E-16, -1.000000000000000000, 0.000000000000000000 ) ) ;
#976 = ORIENTED_EDGE ( 'NONE', *, *, #4127, .T. ) ;
#977 = CARTESIAN_POINT ( 'NONE',  ( -32.50000000000000000, 27.69999999999998863, -21.81600000000000250 ) ) ;
#978 = EDGE_CURVE ( 'NONE', #1996, #107, #2872, .T. ) ;
#979 = ORIENTED_EDGE ( 'NONE', *, *, #1679, .F. ) ;
#980 = CYLINDRICAL_SURFACE ( 'NONE', #201, 10.27102224193584057 ) ;
#981 = FACE_OUTER_BOUND ( 'NONE', #2659, .T. ) ;
#982 = PLANE ( 'NONE',  #3968 ) ;
#983 = DIRECTION ( 'NONE',  ( -1.000000000000000000, 0.000000000000000000, 0.000000000000000000 ) ) ;
#984 = EDGE_CURVE ( 'NONE', #2526, #4443, #2110, .T. ) ;
#985 = ORIENTED_EDGE ( 'NONE', *, *, #1248, .T. ) ;
#986 = CARTESIAN_POINT ( 'NONE',  ( 34.50000000000000711, 2.299999999999994493, -21.14099999999999824 ) ) ;
#987 = DIRECTION ( 'NONE',  ( 0.000000000000000000, 1.000000000000000000, 0.000000000000000000 ) ) ;
#988 = LINE ( 'NONE', #4811, #5302 ) ;
#989 = EDGE_CURVE ( 'NONE', #4361, #2100, #2517, .T. ) ;
#990 = LINE ( 'NONE', #1490, #811 ) ;
#991 = EDGE_CURVE ( 'NONE', #4980, #4143, #2931, .T. ) ;
#992 = ORIENTED_EDGE ( 'NONE', *, *, #4887, .T. ) ;
#993 = PRODUCT ( 'enclosure_body', 'enclosure_body', '', ( #1801 ) ) ;
#994 = DIRECTION ( 'NONE',  ( 0.000000000000000000, 0.000000000000000000, 1.000000000000000000 ) ) ;
#995 = VECTOR ( 'NONE', #3347, 1000.000000000000000 ) ;
#996 = CARTESIAN_POINT ( 'NONE',  ( -24.00000000000002132, -71.29999999999999716, 0.000000000000000000 ) ) ;
#997 = VERTEX_POINT ( 'NONE', #5464 ) ;
#998 = EDGE_CURVE ( 'NONE', #4756, #4661, #2486, .T. ) ;
#999 = CARTESIAN_POINT ( 'NONE',  ( 14.14999999999999680, -45.41446609406725088, -9.589999999999998082 ) ) ;
#1000 = CARTESIAN_POINT ( 'NONE',  ( 0.000000000000000000, 24.19999999999998508, -29.47285424949237864 ) ) ;
#1001 = EDGE_LOOP ( 'NONE', ( #992, #1936, #179, #339 ) ) ;
#1002 = ORIENTED_EDGE ( 'NONE', *, *, #1973, .F. ) ;
#1003 = LINE ( 'NONE', #1315, #2970 ) ;
#1004 = ORIENTED_EDGE ( 'NONE', *, *, #4497, .T. ) ;
#1005 = VECTOR ( 'NONE', #3803, 1000.000000000000000 ) ;
#1006 = LINE ( 'NONE', #2284, #3930 ) ;
#1007 = EDGE_CURVE ( 'NONE', #5396, #2247, #1630, .T. ) ;
#1008 = ORIENTED_EDGE ( 'NONE', *, *, #2021, .T. ) ;
#1009 = CARTESIAN_POINT ( 'NONE',  ( -22.00000000000002132, -46.32499999999998863, -36.63144236528317776 ) ) ;
#1010 = DIRECTION ( 'NONE',  ( -1.301268728343923962E-17, -4.461994495156348024E-30, -1.000000000000000000 ) ) ;
#1011 = ORIENTED_EDGE ( 'NONE', *, *, #4050, .T. ) ;
#1012 = CARTESIAN_POINT ( 'NONE',  ( -22.29999999999999716, -5.900000000000066969, 0.000000000000000000 ) ) ;
#1013 = VECTOR ( 'NONE', #3192, 1000.000000000000000 ) ;
#1014 = EDGE_LOOP ( 'NONE', ( #4136, #5215, #1644, #4404 ) ) ;
#1015 = VECTOR ( 'NONE', #387, 1000.000000000000000 ) ;
#1016 = AXIS2_PLACEMENT_3D ( 'NONE', #4852, #1844, #3535 ) ;
#1017 = CARTESIAN_POINT ( 'NONE',  ( -7.335542105859834905, -72.04999999999999716, -18.81599999999999540 ) ) ;
#1018 = EDGE_CURVE ( 'NONE', #1109, #3301, #2461, .T. ) ;
#1019 = CARTESIAN_POINT ( 'NONE',  ( -28.94999999999999929, -10.49999999999999467, 0.000000000000000000 ) ) ;
#1020 = FACE_OUTER_BOUND ( 'NONE', #4997, .T. ) ;
#1021 = DIRECTION ( 'NONE',  ( 0.000000000000000000, -1.000000000000000000, 0.000000000000000000 ) ) ;
#1022 = VECTOR ( 'NONE', #1411, 1000.000000000000000 ) ;
#1023 = VECTOR ( 'NONE', #3109, 1000.000000000000000 ) ;
#1024 = EDGE_CURVE ( 'NONE', #4980, #3758, #3739, .T. ) ;
#1025 = ORIENTED_EDGE ( 'NONE', *, *, #5162, .F. ) ;
#1026 = PLANE ( 'NONE',  #307 ) ;
#1027 = AXIS2_PLACEMENT_3D ( 'NONE', #2871, #5012, #5099 ) ;
#1028 = ADVANCED_FACE ( 'NONE', ( #2549 ), #3829, .T. ) ;
#1029 = DIRECTION ( 'NONE',  ( 0.000000000000000000, 1.000000000000000000, 0.000000000000000000 ) ) ;
#1030 = ORIENTED_EDGE ( 'NONE', *, *, #4648, .F. ) ;
#1031 = CARTESIAN_POINT ( 'NONE',  ( -5.249999999999997335, -33.29999999999999716, -19.68999999999999417 ) ) ;
#1032 = DIRECTION ( 'NONE',  ( 0.000000000000000000, 1.000000000000000000, 0.000000000000000000 ) ) ;
#1033 = ORIENTED_EDGE ( 'NONE', *, *, #1662, .T. ) ;
#1034 = CARTESIAN_POINT ( 'NONE',  ( -28.94999999999999574, 9.500000000000001776, -7.500000000000000000 ) ) ;
#1035 = VECTOR ( 'NONE', #3679, 1000.000000000000000 ) ;
#1036 = EDGE_CURVE ( 'NONE', #3730, #1423, #4978, .T. ) ;
#1037 = ORIENTED_EDGE ( 'NONE', *, *, #2077, .F. ) ;
#1038 = DIRECTION ( 'NONE',  ( 1.000000000000000000, 0.000000000000000000, 0.000000000000000000 ) ) ;
#1039 = VECTOR ( 'NONE', #2614, 1000.000000000000000 ) ;
#1040 = CARTESIAN_POINT ( 'NONE',  ( 21.90000000000000213, 8.000000000000001776, 0.000000000000000000 ) ) ;
#1041 = CARTESIAN_POINT ( 'NONE',  ( -18.27897775806417968, -5.900000000000066969, 2.000000000000000000 ) ) ;
#1042 = ORIENTED_EDGE ( 'NONE', *, *, #464, .T. ) ;
#1043 = CARTESIAN_POINT ( 'NONE',  ( -32.50000000000000000, -71.29999999999999716, 0.000000000000000000 ) ) ;
#1044 = EDGE_CURVE ( 'NONE', #3656, #1703, #3414, .T. ) ;
#1045 = VERTEX_POINT ( 'NONE', #2905 ) ;
#1046 = EDGE_CURVE ( 'NONE', #4478, #2896, #5013, .T. ) ;
#1047 = DIRECTION ( 'NONE',  ( 0.000000000000000000, -1.000000000000000000, 4.461994495156348024E-30 ) ) ;
#1048 = DIRECTION ( 'NONE',  ( 1.000000000000000000, 5.806253902589689981E-47, 0.000000000000000000 ) ) ;
#1049 = CARTESIAN_POINT ( 'NONE',  ( -20.50000000000002132, 3.994186093173394363E-29, -19.68999999999999773 ) ) ;
#1050 = CARTESIAN_POINT ( 'NONE',  ( -23.86009485345630310, -73.29999999999999716, -9.907999999999999474 ) ) ;
#1051 = EDGE_LOOP ( 'NONE', ( #451, #3988, #2082 ) ) ;
#1052 = FACE_OUTER_BOUND ( 'NONE', #2791, .T. ) ;
#1053 = CARTESIAN_POINT ( 'NONE',  ( 15.99999999999999289, -31.29999999999999361, -14.68999999999999595 ) ) ;
#1054 = VERTEX_POINT ( 'NONE', #2575 ) ;
#1055 = DIRECTION ( 'NONE',  ( -0.000000000000000000, -0.000000000000000000, 1.000000000000000000 ) ) ;
#1056 = LINE ( 'NONE', #1891, #2112 ) ;
#1057 = ORIENTED_EDGE ( 'NONE', *, *, #4977, .F. ) ;
#1058 = ORIENTED_EDGE ( 'NONE', *, *, #4464, .F. ) ;
#1059 = PLANE ( 'NONE',  #3138 ) ;
#1060 = VERTEX_POINT ( 'NONE', #3381 ) ;
#1061 = LINE ( 'NONE', #4882, #1084 ) ;
#1062 = LINE ( 'NONE', #1009, #1098 ) ;
#1063 = LINE ( 'NONE', #1401, #4838 ) ;
#1064 = ORIENTED_EDGE ( 'NONE', *, *, #2122, .T. ) ;
#1065 = EDGE_CURVE ( 'NONE', #4284, #3365, #4246, .T. ) ;
#1066 = LINE ( 'NONE', #1198, #1745 ) ;
#1067 = ORIENTED_EDGE ( 'NONE', *, *, #119, .F. ) ;
#1068 = CARTESIAN_POINT ( 'NONE',  ( -96.00000000000001421, -155.2999999999999829, -21.29999999999999716 ) ) ;
#1069 = LINE ( 'NONE', #679, #1896 ) ;
#1070 = DIRECTION ( 'NONE',  ( 0.000000000000000000, 1.000000000000000000, 0.000000000000000000 ) ) ;
#1071 = DIRECTION ( 'NONE',  ( -1.000000000000000000, 0.000000000000000000, 1.301268728343923962E-17 ) ) ;
#1072 = EDGE_CURVE ( 'NONE', #4037, #437, #435, .T. ) ;
#1073 = VERTEX_POINT ( 'NONE', #21 ) ;
#1074 = CARTESIAN_POINT ( 'NONE',  ( -22.29999999999999716, -5.900000000000066969, 2.000000000000000000 ) ) ;
#1075 = ORIENTED_EDGE ( 'NONE', *, *, #1349, .F. ) ;
#1076 = DIRECTION ( 'NONE',  ( 1.000000000000000000, 0.000000000000000000, -1.301268728343924116E-17 ) ) ;
#1077 = ADVANCED_FACE ( 'NONE', ( #1264 ), #4568, .T. ) ;
#1078 = DIRECTION ( 'NONE',  ( 8.673617379884035472E-16, -1.000000000000000000, 0.000000000000000000 ) ) ;
#1079 = ORIENTED_EDGE ( 'NONE', *, *, #4579, .F. ) ;
#1080 = CARTESIAN_POINT ( 'NONE',  ( -32.50000000000000000, -48.95000000000000995, -14.26600000000000179 ) ) ;
#1081 = ORIENTED_EDGE ( 'NONE', *, *, #2893, .T. ) ;
#1082 = EDGE_LOOP ( 'NONE', ( #5089, #3071, #2332, #4749, #440 ) ) ;
#1083 = EDGE_CURVE ( 'NONE', #2, #364, #858, .T. ) ;
#1084 = VECTOR ( 'NONE', #3566, 1000.000000000000000 ) ;
#1085 = FACE_OUTER_BOUND ( 'NONE', #1873, .T. ) ;
#1086 = DIRECTION ( 'NONE',  ( -1.301268728343923962E-17, -4.461994495156348024E-30, -1.000000000000000000 ) ) ;
#1087 = FACE_OUTER_BOUND ( 'NONE', #2250, .T. ) ;
#1088 = EDGE_LOOP ( 'NONE', ( #5314, #673, #3648, #39 ) ) ;
#1089 = LINE ( 'NONE', #2831, #3513 ) ;
#1090 = VECTOR ( 'NONE', #2177, 1000.000000000000000 ) ;
#1091 = EDGE_LOOP ( 'NONE', ( #1186, #4670, #208, #5443 ) ) ;
#1092 = EDGE_CURVE ( 'NONE', #997, #3273, #5100, .T. ) ;
#1093 = CARTESIAN_POINT ( 'NONE',  ( 7.361087535663873210E-17, 22.34999999999998366, -23.81599999999999540 ) ) ;
#1094 = VECTOR ( 'NONE', #1376, 1000.000000000000000 ) ;
#1095 = FACE_OUTER_BOUND ( 'NONE', #4351, .T. ) ;
#1096 = FACE_OUTER_BOUND ( 'NONE', #5382, .T. ) ;
#1097 = DIRECTION ( 'NONE',  ( -0.000000000000000000, -0.000000000000000000, 1.000000000000000000 ) ) ;
#1098 = VECTOR ( 'NONE', #4039, 1000.000000000000000 ) ;
#1099 = VERTEX_POINT ( 'NONE', #2052 ) ;
#1100 = CARTESIAN_POINT ( 'NONE',  ( 12.64999999999999858, -47.95000000000000995, -14.68999999999999417 ) ) ;
#1101 = VECTOR ( 'NONE', #3028, 1000.000000000000000 ) ;
#1102 = ADVANCED_FACE ( 'NONE', ( #5430 ), #3964, .F. ) ;
#1103 = VECTOR ( 'NONE', #3611, 1000.000000000000000 ) ;
#1104 = ORIENTED_EDGE ( 'NONE', *, *, #579, .F. ) ;
#1105 = FACE_OUTER_BOUND ( 'NONE', #3466, .T. ) ;
#1106 = FACE_OUTER_BOUND ( 'NONE', #5228, .T. ) ;
#1107 = VERTEX_POINT ( 'NONE', #3014 ) ;
#1108 = CARTESIAN_POINT ( 'NONE',  ( -22.86009485345630310, -73.29999999999999716, -21.81600000000000250 ) ) ;
#1109 = VERTEX_POINT ( 'NONE', #938 ) ;
#1110 = CARTESIAN_POINT ( 'NONE',  ( -26.19999999999999929, 12.25000000000000355, 0.000000000000000000 ) ) ;
#1111 = FACE_OUTER_BOUND ( 'NONE', #2181, .T. ) ;
#1112 = CARTESIAN_POINT ( 'NONE',  ( 24.49999999999999645, 0.000000000000000000, -26.80281151192504652 ) ) ;
#1113 = CIRCLE ( 'NONE', #4230, 1.424999999999995826 ) ;
#1114 = EDGE_LOOP ( 'NONE', ( #4636, #5369, #4668, #2992, #1199, #2217, #2580 ) ) ;
#1115 = LINE ( 'NONE', #238, #3427 ) ;
#1116 = ORIENTED_EDGE ( 'NONE', *, *, #1929, .T. ) ;
#1117 = AXIS2_PLACEMENT_3D ( 'NONE', #4153, #3230, #3708 ) ;
#1118 = LINE ( 'NONE', #241, #1716 ) ;
#1119 = LINE ( 'NONE', #2314, #1815 ) ;
#1120 = PLANE ( 'NONE',  #3440 ) ;
#1121 = DIRECTION ( 'NONE',  ( 0.000000000000000000, 0.000000000000000000, -1.000000000000000000 ) ) ;
#1122 = CIRCLE ( 'NONE', #953, 4.021022241935817476 ) ;
#1123 = FILL_AREA_STYLE ('',( #1543 ) ) ;
#1124 = ORIENTED_EDGE ( 'NONE', *, *, #5307, .F. ) ;
#1125 = DIRECTION ( 'NONE',  ( -1.000000000000000000, 0.000000000000000000, 0.000000000000000000 ) ) ;
#1126 = ORIENTED_EDGE ( 'NONE', *, *, #2141, .T. ) ;
#1127 = CARTESIAN_POINT ( 'NONE',  ( 34.50000000000001421, 27.19999999999999218, -21.81600000000000250 ) ) ;
#1128 = CARTESIAN_POINT ( 'NONE',  ( -25.82102224193585016, 9.521022241935741093, 0.9999999999999991118 ) ) ;
#1129 = VERTEX_POINT ( 'NONE', #3095 ) ;
#1130 = DIRECTION ( 'NONE',  ( -6.700369425960418635E-17, -1.000000000000000000, 4.463535239111857813E-30 ) ) ;
#1131 = ADVANCED_FACE ( 'NONE', ( #4353 ), #537, .T. ) ;
#1132 = DIRECTION ( 'NONE',  ( 0.000000000000000000, -1.000000000000000000, 4.461994495156348024E-30 ) ) ;
#1133 = ORIENTED_EDGE ( 'NONE', *, *, #1148, .F. ) ;
#1134 = DIRECTION ( 'NONE',  ( 0.000000000000000000, -1.000000000000000000, 0.000000000000000000 ) ) ;
#1135 = DIRECTION ( 'NONE',  ( -1.000000000000000000, 0.000000000000000000, -0.000000000000000000 ) ) ;
#1136 = ORIENTED_EDGE ( 'NONE', *, *, #3864, .F. ) ;
#1137 = VERTEX_POINT ( 'NONE', #1019 ) ;
#1138 = LINE ( 'NONE', #5342, #4747 ) ;
#1139 = ORIENTED_EDGE ( 'NONE', *, *, #626, .F. ) ;
#1140 = DIRECTION ( 'NONE',  ( -0.000000000000000000, -0.000000000000000000, 1.000000000000000000 ) ) ;
#1141 = CARTESIAN_POINT ( 'NONE',  ( 32.85000000000002984, 2.299999999999994493, -17.61599999999999611 ) ) ;
#1142 = DIRECTION ( 'NONE',  ( 0.000000000000000000, -1.000000000000000000, 4.461994495156348024E-30 ) ) ;
#1143 = DIRECTION ( 'NONE',  ( 1.000000000000000000, 0.000000000000000000, -0.000000000000000000 ) ) ;
#1144 = CARTESIAN_POINT ( 'NONE',  ( -34.50000000000000000, -73.29999999999999716, 2.000000000000000000 ) ) ;
#1145 = CARTESIAN_POINT ( 'NONE',  ( -22.00000000000002132, -46.32499999999998863, -21.30000000000000071 ) ) ;
#1146 = ORIENTED_EDGE ( 'NONE', *, *, #1409, .T. ) ;
#1147 = CARTESIAN_POINT ( 'NONE',  ( 32.50000000000000000, -71.29999999999999716, -145.7918040909596300 ) ) ;
#1148 = EDGE_CURVE ( 'NONE', #1892, #864, #3067, .T. ) ;
#1149 = EDGE_CURVE ( 'NONE', #398, #1651, #5237, .T. ) ;
#1150 = AXIS2_PLACEMENT_3D ( 'NONE', #4380, #3177, #4892 ) ;
#1151 = ORIENTED_EDGE ( 'NONE', *, *, #3037, .F. ) ;
#1152 = DIRECTION ( 'NONE',  ( -1.000000000000000000, 0.000000000000000000, -0.000000000000000000 ) ) ;
#1153 = CARTESIAN_POINT ( 'NONE',  ( -28.94999999999999574, 9.500000000000001776, -7.500000000000000000 ) ) ;
#1154 = VERTEX_POINT ( 'NONE', #1857 ) ;
#1155 = DIRECTION ( 'NONE',  ( 0.000000000000000000, 1.000000000000000000, -4.461994495156348725E-30 ) ) ;
#1156 = VERTEX_POINT ( 'NONE', #1351 ) ;
#1157 = VERTEX_POINT ( 'NONE', #2627 ) ;
#1158 = CARTESIAN_POINT ( 'NONE',  ( -32.50000000000000000, -71.29999999999999716, -145.7918040909596300 ) ) ;
#1159 = EDGE_LOOP ( 'NONE', ( #5143, #3194, #4429, #1955, #3549, #4343 ) ) ;
#1160 = CARTESIAN_POINT ( 'NONE',  ( -10.24999999999999822, 6.840881143670036750E-29, -21.30000000000000071 ) ) ;
#1161 = CARTESIAN_POINT ( 'NONE',  ( -27.99999999999999289, 2.524085252113680542E-29, -23.81599999999999540 ) ) ;
#1162 = ORIENTED_EDGE ( 'NONE', *, *, #4933, .F. ) ;
#1163 = ORIENTED_EDGE ( 'NONE', *, *, #658, .F. ) ;
#1164 = DIRECTION ( 'NONE',  ( 0.000000000000000000, -0.000000000000000000, -1.000000000000000000 ) ) ;
#1165 = ORIENTED_EDGE ( 'NONE', *, *, #171, .T. ) ;
#1166 = CIRCLE ( 'NONE', #5344, 1.424999999999995826 ) ;
#1167 = ADVANCED_FACE ( 'NONE', ( #3934 ), #1779, .T. ) ;
#1168 = DIRECTION ( 'NONE',  ( 1.000000000000000000, -6.736790197968183597E-17, -0.000000000000000000 ) ) ;
#1169 = LINE ( 'NONE', #2511, #1634 ) ;
#1170 = FACE_OUTER_BOUND ( 'NONE', #3085, .T. ) ;
#1171 = DIRECTION ( 'NONE',  ( -0.000000000000000000, -0.000000000000000000, 1.000000000000000000 ) ) ;
#1172 = VECTOR ( 'NONE', #2124, 1000.000000000000000 ) ;
#1173 = CIRCLE ( 'NONE', #5178, 4.249999999999983125 ) ;
#1174 = EDGE_CURVE ( 'NONE', #3338, #2725, #3991, .T. ) ;
#1175 = LINE ( 'NONE', #1719, #654 ) ;
#1176 = CARTESIAN_POINT ( 'NONE',  ( -20.50000000000002132, -68.30000000000001137, -32.67675810589293661 ) ) ;
#1177 = CARTESIAN_POINT ( 'NONE',  ( -33.89583333333333570, -4.950000000000005507, -17.61599999999999611 ) ) ;
#1178 = ORIENTED_EDGE ( 'NONE', *, *, #4692, .T. ) ;
#1179 = DIRECTION ( 'NONE',  ( -1.301268728343923962E-17, -4.461994495156348024E-30, -1.000000000000000000 ) ) ;
#1180 = AXIS2_PLACEMENT_3D ( 'NONE', #3956, #960, #533 ) ;
#1181 = AXIS2_PLACEMENT_3D ( 'NONE', #1521, #3137, #3215 ) ;
#1182 = AXIS2_PLACEMENT_3D ( 'NONE', #3976, #3210, #166 ) ;
#1183 = EDGE_LOOP ( 'NONE', ( #4603, #4426, #2153, #1688 ) ) ;
#1184 = LINE ( 'NONE', #4604, #3673 ) ;
#1185 = LINE ( 'NONE', #2881, #1789 ) ;
#1186 = ORIENTED_EDGE ( 'NONE', *, *, #2778, .T. ) ;
#1187 = CARTESIAN_POINT ( 'NONE',  ( -32.50000000000000000, -4.950000000000006395, -17.61599999999999611 ) ) ;
#1188 = ORIENTED_EDGE ( 'NONE', *, *, #1759, .F. ) ;
#1189 = VECTOR ( 'NONE', #4874, 1000.000000000000000 ) ;
#1190 = EDGE_CURVE ( 'NONE', #700, #455, #5130, .T. ) ;
#1191 = CARTESIAN_POINT ( 'NONE',  ( 24.99999999999999289, -47.95000000000000995, -40.42029184550956700 ) ) ;
#1192 = ORIENTED_EDGE ( 'NONE', *, *, #5335, .F. ) ;
#1193 = VECTOR ( 'NONE', #594, 1000.000000000000000 ) ;
#1194 = CARTESIAN_POINT ( 'NONE',  ( -18.77897775806425074, 2.478977758064127901, 0.000000000000000000 ) ) ;
#1195 = CARTESIAN_POINT ( 'NONE',  ( -10.24999999999999822, -34.11249999999999005, -26.78862120850496709 ) ) ;
#1196 = ORIENTED_EDGE ( 'NONE', *, *, #3490, .T. ) ;
#1197 = ORIENTED_EDGE ( 'NONE', *, *, #5112, .T. ) ;
#1198 = CARTESIAN_POINT ( 'NONE',  ( -20.95000000000000639, 0.000000000000000000, 0.000000000000000000 ) ) ;
#1199 = ORIENTED_EDGE ( 'NONE', *, *, #1523, .F. ) ;
#1200 = DIRECTION ( 'NONE',  ( 0.000000000000000000, 1.000000000000000000, 0.000000000000000000 ) ) ;
#1201 = VECTOR ( 'NONE', #1405, 1000.000000000000000 ) ;
#1202 = CARTESIAN_POINT ( 'NONE',  ( 22.99999999999999289, -68.30000000000001137, -19.68999999999999773 ) ) ;
#1203 = DIRECTION ( 'NONE',  ( 2.668805347656626678E-16, 1.000000000000000000, 0.000000000000000000 ) ) ;
#1204 = CARTESIAN_POINT ( 'NONE',  ( 32.00000000000000000, 27.19999999999999218, 2.000000000000000000 ) ) ;
#1205 = EDGE_CURVE ( 'NONE', #3791, #4316, #3552, .T. ) ;
#1206 = VERTEX_POINT ( 'NONE', #2599 ) ;
#1207 = AXIS2_PLACEMENT_3D ( 'NONE', #2074, #5425, #3317 ) ;
#1208 = DIRECTION ( 'NONE',  ( -0.000000000000000000, -1.000000000000000000, -0.000000000000000000 ) ) ;
#1209 = DIRECTION ( 'NONE',  ( 1.000000000000000000, 1.387778780781445873E-15, -1.301268728343923962E-17 ) ) ;
#1210 = CARTESIAN_POINT ( 'NONE',  ( -96.00000000000001421, -155.2999999999999829, -21.29999999999999716 ) ) ;
#1211 = AXIS2_PLACEMENT_3D ( 'NONE', #4884, #1588, #2389 ) ;
#1212 = ORIENTED_EDGE ( 'NONE', *, *, #3207, .F. ) ;
#1213 = LINE ( 'NONE', #1668, #3773 ) ;
#1214 = ORIENTED_EDGE ( 'NONE', *, *, #454, .T. ) ;
#1215 = STYLED_ITEM ( 'NONE', ( #5184 ), #3967 ) ;
#1216 = ORIENTED_EDGE ( 'NONE', *, *, #2653, .F. ) ;
#1217 = CARTESIAN_POINT ( 'NONE',  ( 26.64999999999999858, -70.80000000000001137, -29.47285424949237864 ) ) ;
#1218 = CARTESIAN_POINT ( 'NONE',  ( 12.64999999999999858, -31.29999999999999361, -0.000000000000000000 ) ) ;
#1219 = ORIENTED_EDGE ( 'NONE', *, *, #4012, .F. ) ;
#1220 = CARTESIAN_POINT ( 'NONE',  ( -25.82102224193585016, 9.521022241935741093, 2.000000000000000000 ) ) ;
#1221 = EDGE_LOOP ( 'NONE', ( #1708, #1610, #5304, #1310 ) ) ;
#1222 = DIRECTION ( 'NONE',  ( -1.000000000000000000, 0.000000000000000000, 0.000000000000000000 ) ) ;
#1223 = ADVANCED_FACE ( 'NONE', ( #911 ), #2648, .F. ) ;
#1224 = ORIENTED_EDGE ( 'NONE', *, *, #2926, .T. ) ;
#1225 = DIRECTION ( 'NONE',  ( -0.000000000000000000, -0.000000000000000000, 1.000000000000000000 ) ) ;
#1226 = DIRECTION ( 'NONE',  ( 0.000000000000000000, -1.000000000000000000, -0.000000000000000000 ) ) ;
#1227 = ORIENTED_EDGE ( 'NONE', *, *, #3801, .T. ) ;
#1228 = DIRECTION ( 'NONE',  ( -1.000000000000000000, 0.000000000000000000, 0.000000000000000000 ) ) ;
#1229 = ADVANCED_FACE ( 'NONE', ( #4765 ), #4407, .T. ) ;
#1230 = ORIENTED_EDGE ( 'NONE', *, *, #2724, .T. ) ;
#1231 = FACE_OUTER_BOUND ( 'NONE', #714, .T. ) ;
#1232 = EDGE_CURVE ( 'NONE', #4060, #1847, #3446, .T. ) ;
#1233 = DIRECTION ( 'NONE',  ( 1.000000000000000000, -9.723461371658036076E-63, -1.301268728343924116E-17 ) ) ;
#1234 = DIRECTION ( 'NONE',  ( 0.01745240643728354982, 0.000000000000000000, -0.9998476951563912696 ) ) ;
#1235 = DIRECTION ( 'NONE',  ( -0.000000000000000000, -0.000000000000000000, 1.000000000000000000 ) ) ;
#1236 = DIRECTION ( 'NONE',  ( 0.000000000000000000, -1.000000000000000000, 4.461994495156348024E-30 ) ) ;
#1237 = PLANE ( 'NONE',  #1918 ) ;
#1238 = ORIENTED_EDGE ( 'NONE', *, *, #5045, .F. ) ;
#1239 = CARTESIAN_POINT ( 'NONE',  ( 0.000000000000000000, -59.47499999999998721, 0.000000000000000000 ) ) ;
#1240 = ORIENTED_EDGE ( 'NONE', *, *, #5153, .T. ) ;
#1241 = ORIENTED_EDGE ( 'NONE', *, *, #126, .F. ) ;
#1242 = DIRECTION ( 'NONE',  ( 0.000000000000000000, -1.000000000000000000, 0.000000000000000000 ) ) ;
#1243 = AXIS2_PLACEMENT_3D ( 'NONE', #3300, #3692, #4988 ) ;
#1244 = DIRECTION ( 'NONE',  ( -6.700369425960418635E-17, -1.000000000000000000, 4.463535239111858514E-30 ) ) ;
#1245 = CARTESIAN_POINT ( 'NONE',  ( 26.14999999999999147, -8.999999999999996447, 0.000000000000000000 ) ) ;
#1246 = AXIS2_PLACEMENT_3D ( 'NONE', #1597, #4534, #2020 ) ;
#1247 = ORIENTED_EDGE ( 'NONE', *, *, #5264, .F. ) ;
#1248 = EDGE_CURVE ( 'NONE', #4364, #1506, #1325, .T. ) ;
#1249 = DIRECTION ( 'NONE',  ( 1.000000000000000000, 0.000000000000000000, -1.301268728343923962E-17 ) ) ;
#1250 = EDGE_LOOP ( 'NONE', ( #3900, #4491, #1381, #4949 ) ) ;
#1251 = DIRECTION ( 'NONE',  ( 1.000000000000000000, 0.000000000000000000, 0.000000000000000000 ) ) ;
#1252 = LINE ( 'NONE', #11, #1039 ) ;
#1253 = ORIENTED_EDGE ( 'NONE', *, *, #1486, .F. ) ;
#1254 = ORIENTED_EDGE ( 'NONE', *, *, #5264, .T. ) ;
#1255 = CARTESIAN_POINT ( 'NONE',  ( -7.335542105859834905, -71.29999999999996874, -18.81599999999999540 ) ) ;
#1256 = ORIENTED_EDGE ( 'NONE', *, *, #5243, .T. ) ;
#1257 = CARTESIAN_POINT ( 'NONE',  ( 1.480421955313173043E-16, -68.30000000000001137, -21.30000000000000071 ) ) ;
#1258 = DIRECTION ( 'NONE',  ( 0.000000000000000000, -0.000000000000000000, 1.000000000000000000 ) ) ;
#1259 = CARTESIAN_POINT ( 'NONE',  ( -34.50000000000000000, -73.29999999999999716, 2.000000000000000000 ) ) ;
#1260 = VECTOR ( 'NONE', #1689, 1000.000000000000000 ) ;
#1261 = ORIENTED_EDGE ( 'NONE', *, *, #3018, .F. ) ;
#1262 = LINE ( 'NONE', #4655, #4398 ) ;
#1263 = VECTOR ( 'NONE', #3725, 1000.000000000000000 ) ;
#1264 = FACE_OUTER_BOUND ( 'NONE', #4804, .T. ) ;
#1265 = CARTESIAN_POINT ( 'NONE',  ( 28.00000000000000000, 0.000000000000000000, -29.47285424949237864 ) ) ;
#1266 = ORIENTED_EDGE ( 'NONE', *, *, #3450, .F. ) ;
#1267 = CARTESIAN_POINT ( 'NONE',  ( -24.00000000000002132, -71.29999999999999716, -25.84712887414924154 ) ) ;
#1268 = EDGE_CURVE ( 'NONE', #1328, #1099, #2234, .T. ) ;
#1269 = VECTOR ( 'NONE', #492, 1000.000000000000000 ) ;
#1270 = ORIENTED_EDGE ( 'NONE', *, *, #573, .F. ) ;
#1271 = VERTEX_POINT ( 'NONE', #3043 ) ;
#1272 = DIRECTION ( 'NONE',  ( -0.000000000000000000, -0.000000000000000000, 1.000000000000000000 ) ) ;
#1273 = AXIS2_PLACEMENT_3D ( 'NONE', #3727, #3308, #5393 ) ;
#1274 = CARTESIAN_POINT ( 'NONE',  ( 22.99999999999999289, 3.994186093173394363E-29, -19.68999999999999773 ) ) ;
#1275 = DIRECTION ( 'NONE',  ( -1.000000000000000000, 0.000000000000000000, 0.000000000000000000 ) ) ;
#1276 = ADVANCED_FACE ( 'NONE', ( #1833 ), #3522, .F. ) ;
#1277 = VECTOR ( 'NONE', #1275, 1000.000000000000000 ) ;
#1278 = VECTOR ( 'NONE', #3361, 1000.000000000000000 ) ;
#1279 = VERTEX_POINT ( 'NONE', #569 ) ;
#1280 = DIRECTION ( 'NONE',  ( 0.000000000000000000, 1.000000000000000000, 0.000000000000000000 ) ) ;
#1281 = EDGE_LOOP ( 'NONE', ( #804, #522, #2327, #3946, #2449, #957 ) ) ;
#1282 = CARTESIAN_POINT ( 'NONE',  ( 21.90000000000000213, -8.999999999999996447, -7.500000000000000000 ) ) ;
#1283 = DIRECTION ( 'NONE',  ( 1.000000000000000000, -0.000000000000000000, 0.000000000000000000 ) ) ;
#1284 = EDGE_LOOP ( 'NONE', ( #2971, #2637, #1728, #878 ) ) ;
#1285 = DIRECTION ( 'NONE',  ( -2.824994973600914627E-15, -1.000000000000000000, 4.498755271325104559E-30 ) ) ;
#1286 = CIRCLE ( 'NONE', #3232, 4.021022241935817476 ) ;
#1287 = EDGE_CURVE ( 'NONE', #3485, #4661, #2265, .T. ) ;
#1288 = ORIENTED_EDGE ( 'NONE', *, *, #621, .T. ) ;
#1289 = VECTOR ( 'NONE', #2922, 1000.000000000000000 ) ;
#1290 = CARTESIAN_POINT ( 'NONE',  ( 26.64999999999999858, -67.80000000000003979, -22.80000000000000071 ) ) ;
#1291 = CARTESIAN_POINT ( 'NONE',  ( 32.85000000000002984, 2.299999999999994493, -17.61599999999999611 ) ) ;
#1292 = CARTESIAN_POINT ( 'NONE',  ( -23.31401482795729052, 7.014014827957185005, -1.507007413978592503 ) ) ;
#1293 = AXIS2_PLACEMENT_3D ( 'NONE', #3413, #5463, #4623 ) ;
#1294 = EDGE_CURVE ( 'NONE', #398, #260, #4890, .T. ) ;
#1295 = CARTESIAN_POINT ( 'NONE',  ( -32.50000000000000000, 27.69999999999998863, 0.000000000000000000 ) ) ;
#1296 = CARTESIAN_POINT ( 'NONE',  ( 23.00000000000001066, -1.139961141356191170E-14, -21.30000000000000071 ) ) ;
#1297 = CARTESIAN_POINT ( 'NONE',  ( 28.49999999999999645, 2.524085252113679982E-29, -23.81599999999999540 ) ) ;
#1298 = VERTEX_POINT ( 'NONE', #4483 ) ;
#1299 = CARTESIAN_POINT ( 'NONE',  ( 34.50000000000000711, 27.19999999999998863, 2.000000000000000000 ) ) ;
#1300 = VECTOR ( 'NONE', #1450, 1000.000000000000000 ) ;
#1301 = ADVANCED_FACE ( 'NONE', ( #1511 ), #242, .T. ) ;
#1302 = VECTOR ( 'NONE', #1978, 1000.000000000000000 ) ;
#1303 = EDGE_CURVE ( 'NONE', #1435, #564, #1119, .T. ) ;
#1304 = ORIENTED_EDGE ( 'NONE', *, *, #2374, .F. ) ;
#1305 = FACE_OUTER_BOUND ( 'NONE', #1051, .T. ) ;
#1306 = CARTESIAN_POINT ( 'NONE',  ( 24.49999999999999645, 20.19999999999998508, 0.000000000000000000 ) ) ;
#1307 = CIRCLE ( 'NONE', #2278, 1.875000000000005107 ) ;
#1308 = VERTEX_POINT ( 'NONE', #4016 ) ;
#1309 = FACE_OUTER_BOUND ( 'NONE', #5392, .T. ) ;
#1310 = ORIENTED_EDGE ( 'NONE', *, *, #3470, .T. ) ;
#1311 = DIRECTION ( 'NONE',  ( 0.000000000000000000, 0.000000000000000000, -1.000000000000000000 ) ) ;
#1312 = DIRECTION ( 'NONE',  ( 0.000000000000000000, 0.000000000000000000, -1.000000000000000000 ) ) ;
#1313 = ORIENTED_EDGE ( 'NONE', *, *, #229, .T. ) ;
#1314 = ORIENTED_EDGE ( 'NONE', *, *, #3470, .F. ) ;
#1315 = CARTESIAN_POINT ( 'NONE',  ( 15.99999999999999289, -2.230997247578174573E-29, -19.68999999999999773 ) ) ;
#1316 = APPLICATION_CONTEXT ( 'automotive_design' ) ;
#1317 = ORIENTED_EDGE ( 'NONE', *, *, #2141, .F. ) ;
#1318 = LINE ( 'NONE', #1774, #544 ) ;
#1319 = ADVANCED_FACE ( 'NONE', ( #2780 ), #212, .F. ) ;
#1320 = FACE_OUTER_BOUND ( 'NONE', #2032, .T. ) ;
#1321 = DIRECTION ( 'NONE',  ( 0.000000000000000000, -0.000000000000000000, -1.000000000000000000 ) ) ;
#1322 = ORIENTED_EDGE ( 'NONE', *, *, #942, .F. ) ;
#1323 = CARTESIAN_POINT ( 'NONE',  ( 24.99999999999999289, 5.076303204121963712E-29, -21.30000000000000071 ) ) ;
#1324 = EDGE_CURVE ( 'NONE', #2302, #4753, #1069, .T. ) ;
#1325 = LINE ( 'NONE', #5183, #1094 ) ;
#1326 = DIRECTION ( 'NONE',  ( 0.7071067811865464625, 0.000000000000000000, 0.7071067811865486830 ) ) ;
#1327 = EDGE_LOOP ( 'NONE', ( #1270, #5248, #1037, #4851, #3644, #2067, #313, #5074 ) ) ;
#1328 = VERTEX_POINT ( 'NONE', #622 ) ;
#1329 = ADVANCED_FACE ( 'NONE', ( #2371 ), #4071, .T. ) ;
#1330 = EDGE_CURVE ( 'NONE', #488, #864, #2835, .T. ) ;
#1331 = ORIENTED_EDGE ( 'NONE', *, *, #4241, .T. ) ;
#1332 = DIRECTION ( 'NONE',  ( 0.000000000000000000, 0.000000000000000000, -1.000000000000000000 ) ) ;
#1333 = PLANE ( 'NONE',  #5000 ) ;
#1334 = ORIENTED_EDGE ( 'NONE', *, *, #5179, .T. ) ;
#1335 = CARTESIAN_POINT ( 'NONE',  ( 28.49999999999999645, 24.19999999999998508, -23.81599999999999540 ) ) ;
#1336 = ORIENTED_EDGE ( 'NONE', *, *, #5002, .T. ) ;
#1337 = CARTESIAN_POINT ( 'NONE',  ( 26.64999999999999858, 20.19999999999998508, -29.47285424949237864 ) ) ;
#1338 = DIRECTION ( 'NONE',  ( -0.000000000000000000, -1.000000000000000000, -0.000000000000000000 ) ) ;
#1339 = ORIENTED_EDGE ( 'NONE', *, *, #1929, .F. ) ;
#1340 = DIRECTION ( 'NONE',  ( 1.000000000000000000, 0.000000000000000000, -1.301268728343923962E-17 ) ) ;
#1341 = VECTOR ( 'NONE', #663, 1000.000000000000000 ) ;
#1342 = ADVANCED_FACE ( 'NONE', ( #1095 ), #3046, .F. ) ;
#1343 = ORIENTED_EDGE ( 'NONE', *, *, #2533, .T. ) ;
#1344 = DIRECTION ( 'NONE',  ( -0.000000000000000000, -0.000000000000000000, 1.000000000000000000 ) ) ;
#1345 = PLANE ( 'NONE',  #4898 ) ;
#1346 = VECTOR ( 'NONE', #2373, 1000.000000000000000 ) ;
#1347 = CARTESIAN_POINT ( 'NONE',  ( -32.50000000000000000, -48.95000000000000995, -17.61599999999999611 ) ) ;
#1348 = EDGE_LOOP ( 'NONE', ( #2488, #4092, #4538, #2804, #2596, #3921, #3159, #2944 ) ) ;
#1349 = EDGE_CURVE ( 'NONE', #847, #4910, #1881, .T. ) ;
#1350 = FACE_OUTER_BOUND ( 'NONE', #3686, .T. ) ;
#1351 = CARTESIAN_POINT ( 'NONE',  ( -17.77897775806426139, 1.478977758064140557, 2.000000000000000000 ) ) ;
#1352 = LINE ( 'NONE', #939, #1838 ) ;
#1353 = EDGE_CURVE ( 'NONE', #1271, #909, #3150, .T. ) ;
#1354 = VECTOR ( 'NONE', #3954, 1000.000000000000000 ) ;
#1355 = ORIENTED_EDGE ( 'NONE', *, *, #4848, .F. ) ;
#1356 = DIRECTION ( 'NONE',  ( -1.000000000000000000, 7.767418549149888602E-17, 0.000000000000000000 ) ) ;
#1357 = VECTOR ( 'NONE', #2361, 1000.000000000000000 ) ;
#1358 = EDGE_CURVE ( 'NONE', #5357, #2043, #3257, .T. ) ;
#1359 = VECTOR ( 'NONE', #3584, 1000.000000000000000 ) ;
#1360 = CARTESIAN_POINT ( 'NONE',  ( -22.00000000000000711, -33.29999999999999716, -36.63144236528317776 ) ) ;
#1361 = ORIENTED_EDGE ( 'NONE', *, *, #4024, .F. ) ;
#1362 = DIRECTION ( 'NONE',  ( 0.000000000000000000, -1.000000000000000000, 0.000000000000000000 ) ) ;
#1363 = DIRECTION ( 'NONE',  ( 1.301268728343924116E-17, 4.461994495156348725E-30, 1.000000000000000000 ) ) ;
#1364 = ORIENTED_EDGE ( 'NONE', *, *, #646, .T. ) ;
#1365 = EDGE_CURVE ( 'NONE', #2803, #3298, #5346, .T. ) ;
#1366 = CARTESIAN_POINT ( 'NONE',  ( -26.19999999999999929, 9.500000000000001776, 0.000000000000000000 ) ) ;
#1367 = AXIS2_PLACEMENT_3D ( 'NONE', #4707, #2258, #3063 ) ;
#1368 = ORIENTED_EDGE ( 'NONE', *, *, #3590, .T. ) ;
#1369 = LINE ( 'NONE', #2593, #4019 ) ;
#1370 = VECTOR ( 'NONE', #4105, 1000.000000000000000 ) ;
#1371 = DIRECTION ( 'NONE',  ( 0.000000000000000000, 1.000000000000000000, -4.461994495156348024E-30 ) ) ;
#1372 = CARTESIAN_POINT ( 'NONE',  ( 27.19669914110088627, 2.299999999999994937, -17.61599999999999611 ) ) ;
#1373 = VERTEX_POINT ( 'NONE', #5297 ) ;
#1374 = AXIS2_PLACEMENT_3D ( 'NONE', #2934, #4249, #3806 ) ;
#1375 = FACE_OUTER_BOUND ( 'NONE', #2638, .T. ) ;
#1376 = DIRECTION ( 'NONE',  ( -1.301268728343923962E-17, -4.461994495156348024E-30, -1.000000000000000000 ) ) ;
#1377 =( LENGTH_UNIT ( ) NAMED_UNIT ( * ) SI_UNIT ( .MILLI., .METRE. ) );
#1378 = CARTESIAN_POINT ( 'NONE',  ( -7.335542105859834905, -72.04999999999999716, -18.81599999999999540 ) ) ;
#1379 = VECTOR ( 'NONE', #3792, 1000.000000000000000 ) ;
#1380 = EDGE_CURVE ( 'NONE', #1618, #1157, #3229, .T. ) ;
#1381 = ORIENTED_EDGE ( 'NONE', *, *, #659, .T. ) ;
#1382 = VECTOR ( 'NONE', #1326, 999.9999999999998863 ) ;
#1383 = ORIENTED_EDGE ( 'NONE', *, *, #5288, .T. ) ;
#1384 = CARTESIAN_POINT ( 'NONE',  ( 22.99999999999999289, 5.076303204121963712E-29, -21.30000000000000071 ) ) ;
#1385 = EDGE_CURVE ( 'NONE', #3985, #3145, #1488, .T. ) ;
#1386 = AXIS2_PLACEMENT_3D ( 'NONE', #2595, #5068, #4267 ) ;
#1387 = VECTOR ( 'NONE', #3799, 1000.000000000000000 ) ;
#1388 = CARTESIAN_POINT ( 'NONE',  ( -24.00000000000002132, -59.47499999999998721, -32.67675810589293661 ) ) ;
#1389 = EDGE_LOOP ( 'NONE', ( #696, #826 ) ) ;
#1390 = CARTESIAN_POINT ( 'NONE',  ( 0.000000000000000000, -59.47499999999998721, -28.64157109115491551 ) ) ;
#1391 = ADVANCED_FACE ( 'NONE', ( #289 ), #3678, .T. ) ;
#1392 = LINE ( 'NONE', #4392, #869 ) ;
#1393 = AXIS2_PLACEMENT_3D ( 'NONE', #527, #2223, #4825 ) ;
#1394 = ORIENTED_EDGE ( 'NONE', *, *, #1862, .F. ) ;
#1395 = CARTESIAN_POINT ( 'NONE',  ( 17.61999999999999744, -43.12000000000001876, -9.589999999999998082 ) ) ;
#1396 = EDGE_LOOP ( 'NONE', ( #5282, #1224, #3001, #4697 ) ) ;
#1397 = VECTOR ( 'NONE', #1940, 1000.000000000000000 ) ;
#1398 = LINE ( 'NONE', #930, #1886 ) ;
#1399 = DIRECTION ( 'NONE',  ( 0.000000000000000000, 1.000000000000000000, -4.461994495156348024E-30 ) ) ;
#1400 = EDGE_CURVE ( 'NONE', #3508, #2444, #3942, .T. ) ;
#1401 = CARTESIAN_POINT ( 'NONE',  ( -23.86009485345630310, 29.70099999999998985, -21.81600000000000250 ) ) ;
#1402 = CARTESIAN_POINT ( 'NONE',  ( 14.14999999999999858, -35.95000000000001705, -9.589999999999998082 ) ) ;
#1403 = ORIENTED_EDGE ( 'NONE', *, *, #4287, .F. ) ;
#1404 = EDGE_CURVE ( 'NONE', #1308, #2227, #2727, .T. ) ;
#1405 = DIRECTION ( 'NONE',  ( -1.000000000000000000, 0.000000000000000000, 0.000000000000000000 ) ) ;
#1406 = CARTESIAN_POINT ( 'NONE',  ( 24.67102224193582671, -0.5000000000000532907, 2.000000000000000000 ) ) ;
#1407 = CARTESIAN_POINT ( 'NONE',  ( 15.99999999999999289, -33.30000000000000426, -34.02792206135786302 ) ) ;
#1408 = CARTESIAN_POINT ( 'NONE',  ( 21.90000000000000213, 13.75000000000000178, -7.500000000000000000 ) ) ;
#1409 = EDGE_CURVE ( 'NONE', #1580, #1888, #822, .T. ) ;
#1410 = ORIENTED_EDGE ( 'NONE', *, *, #3822, .F. ) ;
#1411 = DIRECTION ( 'NONE',  ( 0.3846153846153848588, -2.987468672749958861E-17, 0.9230769230769230171 ) ) ;
#1412 = EDGE_CURVE ( 'NONE', #508, #3436, #321, .T. ) ;
#1413 = DIRECTION ( 'NONE',  ( -1.000000000000000000, 0.000000000000000000, 0.000000000000000000 ) ) ;
#1414 = ORIENTED_EDGE ( 'NONE', *, *, #4913, .T. ) ;
#1415 = LINE ( 'NONE', #5309, #1733 ) ;
#1416 = CARTESIAN_POINT ( 'NONE',  ( 1.164839953046739249E-16, -61.29999999999999716, -19.68999999999999773 ) ) ;
#1417 = ORIENTED_EDGE ( 'NONE', *, *, #2733, .T. ) ;
#1418 = ORIENTED_EDGE ( 'NONE', *, *, #894, .F. ) ;
#1419 = DIRECTION ( 'NONE',  ( 0.000000000000000000, 0.000000000000000000, -1.000000000000000000 ) ) ;
#1420 = VERTEX_POINT ( 'NONE', #4682 ) ;
#1421 = EDGE_CURVE ( 'NONE', #2262, #2000, #5006, .T. ) ;
#1422 = PLANE ( 'NONE',  #4103 ) ;
#1423 = VERTEX_POINT ( 'NONE', #794 ) ;
#1424 = PLANE ( 'NONE',  #1180 ) ;
#1425 = DIRECTION ( 'NONE',  ( 1.000000000000000000, -6.736790197968183597E-17, -0.000000000000000000 ) ) ;
#1426 = ORIENTED_EDGE ( 'NONE', *, *, #866, .F. ) ;
#1427 = CARTESIAN_POINT ( 'NONE',  ( 21.49999999999999645, 0.000000000000000000, -28.64157109115491551 ) ) ;
#1428 = EDGE_CURVE ( 'NONE', #1073, #997, #3707, .T. ) ;
#1429 = EDGE_LOOP ( 'NONE', ( #1525, #2980, #4745, #3547 ) ) ;
#1430 = ADVANCED_FACE ( 'NONE', ( #2073 ), #5424, .F. ) ;
#1431 = DIRECTION ( 'NONE',  ( -1.780369947190170330E-15, -1.000000000000000000, 0.000000000000000000 ) ) ;
#1432 = CARTESIAN_POINT ( 'NONE',  ( 0.000000000000000000, 24.19999999999998508, -29.47285424949237864 ) ) ;
#1433 = LINE ( 'NONE', #4786, #2269 ) ;
#1434 = LINE ( 'NONE', #4485, #1346 ) ;
#1435 = VERTEX_POINT ( 'NONE', #4212 ) ;
#1436 = PLANE ( 'NONE',  #4907 ) ;
#1437 = EDGE_CURVE ( 'NONE', #4678, #3634, #349, .T. ) ;
#1438 = VECTOR ( 'NONE', #2132, 1000.000000000000000 ) ;
#1439 = DIRECTION ( 'NONE',  ( -2.309116107789427495E-16, -1.000000000000000000, 4.464999275737529546E-30 ) ) ;
#1440 = ORIENTED_EDGE ( 'NONE', *, *, #1758, .T. ) ;
#1441 = FACE_OUTER_BOUND ( 'NONE', #941, .T. ) ;
#1442 = AXIS2_PLACEMENT_3D ( 'NONE', #3595, #4800, #4860 ) ;
#1443 = LINE ( 'NONE', #1416, #5300 ) ;
#1444 = VERTEX_POINT ( 'NONE', #1623 ) ;
#1445 = LINE ( 'NONE', #3244, #5284 ) ;
#1446 = ORIENTED_EDGE ( 'NONE', *, *, #89, .T. ) ;
#1447 = AXIS2_PLACEMENT_3D ( 'NONE', #2023, #3103, #3131 ) ;
#1448 = DIRECTION ( 'NONE',  ( -1.000000000000000000, 0.000000000000000000, 0.000000000000000000 ) ) ;
#1449 = CARTESIAN_POINT ( 'NONE',  ( 32.50000000000000000, -71.29999999999999716, -21.81600000000000250 ) ) ;
#1450 = DIRECTION ( 'NONE',  ( -0.000000000000000000, -0.000000000000000000, 1.000000000000000000 ) ) ;
#1451 = ORIENTED_EDGE ( 'NONE', *, *, #621, .F. ) ;
#1452 = DIRECTION ( 'NONE',  ( 0.000000000000000000, 1.000000000000000000, -4.461994495156348024E-30 ) ) ;
#1453 = VECTOR ( 'NONE', #1233, 1000.000000000000000 ) ;
#1454 = ORIENTED_EDGE ( 'NONE', *, *, #4024, .T. ) ;
#1455 = VECTOR ( 'NONE', #4229, 1000.000000000000114 ) ;
#1456 = CIRCLE ( 'NONE', #3944, 4.250000000000010658 ) ;
#1457 = CARTESIAN_POINT ( 'NONE',  ( 3.128977758064159786, -0.5000000000000532907, 0.000000000000000000 ) ) ;
#1458 = DIRECTION ( 'NONE',  ( 0.000000000000000000, 0.000000000000000000, 1.000000000000000000 ) ) ;
#1459 = DIRECTION ( 'NONE',  ( -1.000000000000000000, 0.000000000000000000, 1.301268728343923962E-17 ) ) ;
#1460 = DIRECTION ( 'NONE',  ( -1.000000000000000000, 0.000000000000000000, 0.000000000000000000 ) ) ;
#1461 = VECTOR ( 'NONE', #4847, 1000.000000000000000 ) ;
#1462 = EDGE_CURVE ( 'NONE', #1099, #4661, #2866, .T. ) ;
#1463 = VECTOR ( 'NONE', #284, 1000.000000000000000 ) ;
#1464 = ORIENTED_EDGE ( 'NONE', *, *, #4984, .T. ) ;
#1465 = CARTESIAN_POINT ( 'NONE',  ( -28.94999999999999929, -10.49999999999999467, -7.500000000000000000 ) ) ;
#1466 = EDGE_CURVE ( 'NONE', #277, #198, #3735, .T. ) ;
#1467 = AXIS2_PLACEMENT_3D ( 'NONE', #2849, #3812, #784 ) ;
#1468 = EDGE_CURVE ( 'NONE', #4081, #802, #1595, .T. ) ;
#1469 = CARTESIAN_POINT ( 'NONE',  ( 19.14999999999999858, -33.45000000000001705, -9.589999999999998082 ) ) ;
#1470 = ORIENTED_EDGE ( 'NONE', *, *, #908, .F. ) ;
#1471 = PLANE ( 'NONE',  #3767 ) ;
#1472 = DIRECTION ( 'NONE',  ( 0.000000000000000000, -1.000000000000000000, 0.000000000000000000 ) ) ;
#1473 = EDGE_LOOP ( 'NONE', ( #1590, #3729, #3454, #1765, #355 ) ) ;
#1474 = CARTESIAN_POINT ( 'NONE',  ( 23.67102224193584092, -0.5000000000000519584, 0.9999999999999956701 ) ) ;
#1475 = AXIS2_PLACEMENT_3D ( 'NONE', #46, #2158, #4653 ) ;
#1476 = VERTEX_POINT ( 'NONE', #1690 ) ;
#1477 = EDGE_CURVE ( 'NONE', #5368, #2942, #2605, .T. ) ;
#1478 = CARTESIAN_POINT ( 'NONE',  ( -11.86009485345630310, -71.29999999999999716, -9.907999999999997698 ) ) ;
#1479 = AXIS2_PLACEMENT_3D ( 'NONE', #583, #4775, #3135 ) ;
#1480 = VERTEX_POINT ( 'NONE', #1202 ) ;
#1481 = PLANE ( 'NONE',  #3411 ) ;
#1482 = LINE ( 'NONE', #2446, #5208 ) ;
#1483 = EDGE_LOOP ( 'NONE', ( #83, #5063, #1470, #3912, #3214 ) ) ;
#1484 = CARTESIAN_POINT ( 'NONE',  ( -96.00000000000001421, -155.2999999999999829, -21.29999999999999716 ) ) ;
#1485 = VERTEX_POINT ( 'NONE', #2544 ) ;
#1486 = EDGE_CURVE ( 'NONE', #847, #4474, #4179, .T. ) ;
#1487 = LINE ( 'NONE', #5322, #3844 ) ;
#1488 = LINE ( 'NONE', #1987, #1983 ) ;
#1489 = DIRECTION ( 'NONE',  ( -1.000000000000000000, 2.213641848835077245E-16, -0.000000000000000000 ) ) ;
#1490 = CARTESIAN_POINT ( 'NONE',  ( 22.99999999999999289, -33.30000000000001137, -34.02792206135786302 ) ) ;
#1491 = EDGE_LOOP ( 'NONE', ( #1136, #396, #1343, #2763 ) ) ;
#1492 = CARTESIAN_POINT ( 'NONE',  ( 1.480421955313173043E-16, -70.30000000000001137, -21.30000000000000071 ) ) ;
#1493 = EDGE_CURVE ( 'NONE', #1892, #302, #2899, .T. ) ;
#1494 = VERTEX_POINT ( 'NONE', #3285 ) ;
#1495 = FACE_OUTER_BOUND ( 'NONE', #5061, .T. ) ;
#1496 = LINE ( 'NONE', #3183, #3998 ) ;
#1497 = ORIENTED_EDGE ( 'NONE', *, *, #1486, .T. ) ;
#1498 = ORIENTED_EDGE ( 'NONE', *, *, #1092, .T. ) ;
#1499 = FACE_OUTER_BOUND ( 'NONE', #4176, .T. ) ;
#1500 = EDGE_CURVE ( 'NONE', #1060, #3714, #1169, .T. ) ;
#1501 = EDGE_LOOP ( 'NONE', ( #4914, #590, #3860, #4204, #1254, #1464, #2950, #9 ) ) ;
#1502 = EDGE_CURVE ( 'NONE', #4402, #2882, #2925, .T. ) ;
#1503 = DIRECTION ( 'NONE',  ( -0.000000000000000000, -0.000000000000000000, 1.000000000000000000 ) ) ;
#1504 = CARTESIAN_POINT ( 'NONE',  ( 21.49999999999999289, -36.79999999999999716, -18.68999999999999417 ) ) ;
#1505 = DIRECTION ( 'NONE',  ( 0.000000000000000000, 0.000000000000000000, 1.000000000000000000 ) ) ;
#1506 = VERTEX_POINT ( 'NONE', #4562 ) ;
#1507 = DIRECTION ( 'NONE',  ( -1.000000000000000000, 0.000000000000000000, 1.301268728343923962E-17 ) ) ;
#1508 = EDGE_CURVE ( 'NONE', #4219, #5332, #1713, .T. ) ;
#1509 = EDGE_LOOP ( 'NONE', ( #495, #2318, #3098, #3924 ) ) ;
#1510 = DIRECTION ( 'NONE',  ( -0.000000000000000000, -0.000000000000000000, 1.000000000000000000 ) ) ;
#1511 = FACE_OUTER_BOUND ( 'NONE', #609, .T. ) ;
#1512 = CARTESIAN_POINT ( 'NONE',  ( 21.90000000000000213, 12.24999999999998579, -7.500000000000000000 ) ) ;
#1513 = PLANE ( 'NONE',  #4618 ) ;
#1514 = AXIS2_PLACEMENT_3D ( 'NONE', #161, #3631, #1021 ) ;
#1515 = ORIENTED_EDGE ( 'NONE', *, *, #1785, .F. ) ;
#1516 = CARTESIAN_POINT ( 'NONE',  ( 28.00000000000000000, 0.000000000000000000, 0.000000000000000000 ) ) ;
#1517 = EDGE_LOOP ( 'NONE', ( #1368, #1497, #2918, #1192, #4182, #4237 ) ) ;
#1518 = DIRECTION ( 'NONE',  ( 0.000000000000000000, 1.000000000000000000, -4.461994495156348024E-30 ) ) ;
#1519 = LINE ( 'NONE', #2031, #2397 ) ;
#1520 = ORIENTED_EDGE ( 'NONE', *, *, #3590, .F. ) ;
#1521 = CARTESIAN_POINT ( 'NONE',  ( -22.29999999999999716, -5.900000000000066969, 0.9999999999999993339 ) ) ;
#1522 = AXIS2_PLACEMENT_3D ( 'NONE', #5253, #257, #1038 ) ;
#1523 = EDGE_CURVE ( 'NONE', #4416, #2492, #2952, .T. ) ;
#1524 = VERTEX_POINT ( 'NONE', #3825 ) ;
#1525 = ORIENTED_EDGE ( 'NONE', *, *, #1614, .F. ) ;
#1526 = VECTOR ( 'NONE', #3218, 1000.000000000000000 ) ;
#1527 = DIRECTION ( 'NONE',  ( 0.000000000000000000, 0.000000000000000000, -1.000000000000000000 ) ) ;
#1528 = VERTEX_POINT ( 'NONE', #3406 ) ;
#1529 = DIRECTION ( 'NONE',  ( -0.000000000000000000, -0.000000000000000000, 1.000000000000000000 ) ) ;
#1530 = LINE ( 'NONE', #2365, #2799 ) ;
#1531 = ORIENTED_EDGE ( 'NONE', *, *, #614, .F. ) ;
#1532 = ORIENTED_EDGE ( 'NONE', *, *, #1358, .F. ) ;
#1533 = CARTESIAN_POINT ( 'NONE',  ( -17.77897775806426139, 0.000000000000000000, 2.000000000000000000 ) ) ;
#1534 = EDGE_CURVE ( 'NONE', #2668, #2301, #1538, .T. ) ;
#1535 = VECTOR ( 'NONE', #3603, 1000.000000000000000 ) ;
#1536 = EDGE_LOOP ( 'NONE', ( #3498, #1058, #1188, #5190 ) ) ;
#1537 = CARTESIAN_POINT ( 'NONE',  ( -11.86009485345630310, -73.29999999999999716, -21.81600000000000250 ) ) ;
#1538 = CIRCLE ( 'NONE', #1822, 1.875000000000001776 ) ;
#1539 = CARTESIAN_POINT ( 'NONE',  ( 6.636470514554011467E-17, -46.45000000000000995, -9.589999999999998082 ) ) ;
#1540 = DIRECTION ( 'NONE',  ( -0.000000000000000000, -0.000000000000000000, -1.000000000000000000 ) ) ;
#1541 = DIRECTION ( 'NONE',  ( -1.000000000000000000, 0.000000000000000000, -0.000000000000000000 ) ) ;
#1542 = AXIS2_PLACEMENT_3D ( 'NONE', #2030, #2493, #1967 ) ;
#1543 = FILL_AREA_STYLE_COLOUR ( '', #2104 ) ;
#1544 = ORIENTED_EDGE ( 'NONE', *, *, #1421, .F. ) ;
#1545 = DIRECTION ( 'NONE',  ( 0.000000000000000000, -0.000000000000000000, 1.000000000000000000 ) ) ;
#1546 = AXIS2_PLACEMENT_3D ( 'NONE', #4774, #1311, #898 ) ;
#1547 = CONICAL_SURFACE ( 'NONE', #4221, 4.021022241935817476, 0.7853981633974468357 ) ;
#1548 = ORIENTED_EDGE ( 'NONE', *, *, #1990, .T. ) ;
#1549 = DIRECTION ( 'NONE',  ( 0.000000000000000000, 0.000000000000000000, -1.000000000000000000 ) ) ;
#1550 = DIRECTION ( 'NONE',  ( -1.301268728343923962E-17, -4.461994495156348024E-30, -1.000000000000000000 ) ) ;
#1551 = VERTEX_POINT ( 'NONE', #2594 ) ;
#1552 = CARTESIAN_POINT ( 'NONE',  ( -24.00000000000002132, -67.80000000000003979, -26.80281151192504652 ) ) ;
#1553 = AXIS2_PLACEMENT_3D ( 'NONE', #3344, #791, #5035 ) ;
#1554 = DIRECTION ( 'NONE',  ( 1.000000000000000000, 0.000000000000000000, -1.301268728343924116E-17 ) ) ;
#1555 = ORIENTED_EDGE ( 'NONE', *, *, #347, .F. ) ;
#1556 = CARTESIAN_POINT ( 'NONE',  ( 21.49999999999999289, -34.79999999999999716, -14.68999999999999595 ) ) ;
#1557 = CARTESIAN_POINT ( 'NONE',  ( 32.50000000000000000, -71.29999999999999716, 0.000000000000000000 ) ) ;
#1558 = CIRCLE ( 'NONE', #422, 2.499999999999998668 ) ;
#1559 = ORIENTED_EDGE ( 'NONE', *, *, #1477, .T. ) ;
#1560 = ORIENTED_EDGE ( 'NONE', *, *, #3149, .F. ) ;
#1561 = CARTESIAN_POINT ( 'NONE',  ( 8.149999999999977263, -72.04999999999999716, -18.81599999999999540 ) ) ;
#1562 = ORIENTED_EDGE ( 'NONE', *, *, #133, .T. ) ;
#1563 = AXIS2_PLACEMENT_3D ( 'NONE', #1372, #1425, #4040 ) ;
#1564 = ADVANCED_FACE ( 'NONE', ( #4371 ), #3928, .F. ) ;
#1565 = ADVANCED_FACE ( 'NONE', ( #559 ), #1424, .T. ) ;
#1566 = DIRECTION ( 'NONE',  ( -1.301268728343947381E-17, -3.491481338843004771E-15, -1.000000000000000000 ) ) ;
#1567 = DIRECTION ( 'NONE',  ( 0.000000000000000000, -0.000000000000000000, 1.000000000000000000 ) ) ;
#1568 = FACE_OUTER_BOUND ( 'NONE', #1483, .T. ) ;
#1569 = APPLICATION_PROTOCOL_DEFINITION ( 'draft international standard', 'automotive_design', 1998, #1316 ) ;
#1570 = VECTOR ( 'NONE', #2636, 1000.000000000000000 ) ;
#1571 = EDGE_CURVE ( 'NONE', #140, #2338, #150, .T. ) ;
#1572 = CARTESIAN_POINT ( 'NONE',  ( -28.49999999999998579, 20.19999999999998508, -29.47285424949237864 ) ) ;
#1573 = DIRECTION ( 'NONE',  ( -0.000000000000000000, -0.000000000000000000, 1.000000000000000000 ) ) ;
#1574 = EDGE_LOOP ( 'NONE', ( #1515, #1607, #92, #4098, #4390, #3 ) ) ;
#1575 = DIRECTION ( 'NONE',  ( 0.3846153846153848588, 0.000000000000000000, 0.9230769230769230171 ) ) ;
#1576 = EDGE_CURVE ( 'NONE', #2057, #4762, #486, .T. ) ;
#1577 = ORIENTED_EDGE ( 'NONE', *, *, #1353, .T. ) ;
#1578 = CARTESIAN_POINT ( 'NONE',  ( 14.14999999999999858, -43.95000000000000995, -9.589999999999998082 ) ) ;
#1579 = DIRECTION ( 'NONE',  ( 1.000000000000000000, -6.700369425960418635E-17, -1.301268728343923962E-17 ) ) ;
#1580 = VERTEX_POINT ( 'NONE', #4802 ) ;
#1581 = FACE_OUTER_BOUND ( 'NONE', #1574, .T. ) ;
#1582 = ORIENTED_EDGE ( 'NONE', *, *, #4856, .T. ) ;
#1583 = ADVANCED_FACE ( 'NONE', ( #981 ), #3515, .F. ) ;
#1584 = EDGE_CURVE ( 'NONE', #107, #4478, #3464, .T. ) ;
#1585 = CARTESIAN_POINT ( 'NONE',  ( -32.50000000000000000, -48.95000000000000995, -17.61599999999999611 ) ) ;
#1586 = ORIENTED_EDGE ( 'NONE', *, *, #2192, .T. ) ;
#1587 = CARTESIAN_POINT ( 'NONE',  ( 0.000000000000000000, -70.30000000000001137, 0.000000000000000000 ) ) ;
#1588 = DIRECTION ( 'NONE',  ( -1.301268728343923962E-17, -4.461994495156348024E-30, -1.000000000000000000 ) ) ;
#1589 = ORIENTED_EDGE ( 'NONE', *, *, #4849, .T. ) ;
#1590 = ORIENTED_EDGE ( 'NONE', *, *, #1477, .F. ) ;
#1591 = CARTESIAN_POINT ( 'NONE',  ( -22.86009485345630310, 29.70099999999998985, -9.907999999999999474 ) ) ;
#1592 = ADVANCED_FACE ( 'NONE', ( #2229 ), #2188, .F. ) ;
#1593 = VERTEX_POINT ( 'NONE', #1747 ) ;
#1594 = CARTESIAN_POINT ( 'NONE',  ( -26.64999999999999147, -67.80000000000003979, -29.47285424949237864 ) ) ;
#1595 = LINE ( 'NONE', #5039, #4465 ) ;
#1596 = FACE_OUTER_BOUND ( 'NONE', #1014, .T. ) ;
#1597 = CARTESIAN_POINT ( 'NONE',  ( 32.50000000000000711, 2.299999999999994493, -17.61599999999999611 ) ) ;
#1598 = EDGE_CURVE ( 'NONE', #4361, #3559, #2665, .T. ) ;
#1599 = ORIENTED_EDGE ( 'NONE', *, *, #3255, .T. ) ;
#1600 = CARTESIAN_POINT ( 'NONE',  ( 32.50000000000000000, -71.29999999999999716, 0.000000000000000000 ) ) ;
#1601 = LINE ( 'NONE', #739, #2076 ) ;
#1602 = CARTESIAN_POINT ( 'NONE',  ( -24.00000000000002132, -70.30000000000001137, -32.67675810589293661 ) ) ;
#1603 = VERTEX_POINT ( 'NONE', #3114 ) ;
#1604 = CARTESIAN_POINT ( 'NONE',  ( 24.67102224193582671, -0.5000000000000532907, 2.000000000000000000 ) ) ;
#1605 = VECTOR ( 'NONE', #105, 1000.000000000000000 ) ;
#1606 = VECTOR ( 'NONE', #5403, 1000.000000000000000 ) ;
#1607 = ORIENTED_EDGE ( 'NONE', *, *, #4933, .T. ) ;
#1608 = LINE ( 'NONE', #5472, #5356 ) ;
#1609 = FACE_OUTER_BOUND ( 'NONE', #2808, .T. ) ;
#1610 = ORIENTED_EDGE ( 'NONE', *, *, #3475, .F. ) ;
#1611 = DIRECTION ( 'NONE',  ( -1.000000000000000000, 0.000000000000000000, -0.000000000000000000 ) ) ;
#1612 = CARTESIAN_POINT ( 'NONE',  ( -10.24999999999999822, -31.29999999999999361, -36.63144236528317776 ) ) ;
#1613 = EDGE_LOOP ( 'NONE', ( #3184, #3119, #1440, #2874 ) ) ;
#1614 = EDGE_CURVE ( 'NONE', #4551, #5256, #3487, .T. ) ;
#1615 = DIRECTION ( 'NONE',  ( 0.000000000000000000, -1.000000000000000000, 3.491481338843004771E-15 ) ) ;
#1616 = CYLINDRICAL_SURFACE ( 'NONE', #1211, 1.424999999999995826 ) ;
#1617 = ORIENTED_EDGE ( 'NONE', *, *, #922, .T. ) ;
#1618 = VERTEX_POINT ( 'NONE', #77 ) ;
#1619 = LINE ( 'NONE', #427, #2096 ) ;
#1620 = ORIENTED_EDGE ( 'NONE', *, *, #4370, .T. ) ;
#1621 = LINE ( 'NONE', #3284, #1438 ) ;
#1622 = ADVANCED_FACE ( 'NONE', ( #457, #2157, #4759 ), #5126, .T. ) ;
#1623 = CARTESIAN_POINT ( 'NONE',  ( 21.65000000000000568, -35.95000000000001705, -9.589999999999998082 ) ) ;
#1624 = CARTESIAN_POINT ( 'NONE',  ( -24.49999999999998934, 2.524085252113680542E-29, -23.81599999999999540 ) ) ;
#1625 = DIRECTION ( 'NONE',  ( -0.000000000000000000, 0.000000000000000000, 1.000000000000000000 ) ) ;
#1626 = VECTOR ( 'NONE', #2412, 1000.000000000000000 ) ;
#1627 = AXIS2_PLACEMENT_3D ( 'NONE', #3200, #2750, #1960 ) ;
#1628 = CARTESIAN_POINT ( 'NONE',  ( 13.94769579748195376, -45.41446609406727219, 2.000000000000000000 ) ) ;
#1629 = EDGE_CURVE ( 'NONE', #3632, #411, #3441, .T. ) ;
#1630 = LINE ( 'NONE', #2137, #2078 ) ;
#1631 = FACE_OUTER_BOUND ( 'NONE', #3423, .T. ) ;
#1632 = ORIENTED_EDGE ( 'NONE', *, *, #4628, .T. ) ;
#1633 = DIRECTION ( 'NONE',  ( -1.000000000000000000, 0.000000000000000000, 0.000000000000000000 ) ) ;
#1634 = VECTOR ( 'NONE', #3377, 1000.000000000000000 ) ;
#1635 = ORIENTED_EDGE ( 'NONE', *, *, #1919, .T. ) ;
#1636 = ADVANCED_FACE ( 'NONE', ( #1320 ), #1345, .F. ) ;
#1637 = AXIS2_PLACEMENT_3D ( 'NONE', #118, #3086, #1821 ) ;
#1638 = AXIS2_PLACEMENT_3D ( 'NONE', #4936, #2827, #815 ) ;
#1639 = ORIENTED_EDGE ( 'NONE', *, *, #1727, .T. ) ;
#1640 = CARTESIAN_POINT ( 'NONE',  ( -32.50000000000000000, 27.69999999999998863, -21.81600000000000250 ) ) ;
#1641 = LINE ( 'NONE', #3525, #458 ) ;
#1642 = ORIENTED_EDGE ( 'NONE', *, *, #1576, .F. ) ;
#1643 = CARTESIAN_POINT ( 'NONE',  ( -22.00000000000002132, -59.47499999999998721, -19.68999999999999773 ) ) ;
#1644 = ORIENTED_EDGE ( 'NONE', *, *, #2169, .F. ) ;
#1645 = VECTOR ( 'NONE', #1356, 1000.000000000000000 ) ;
#1646 = CARTESIAN_POINT ( 'NONE',  ( 8.149999999999977263, -71.29999999999998295, -18.81599999999999540 ) ) ;
#1647 = ORIENTED_EDGE ( 'NONE', *, *, #3822, .T. ) ;
#1648 = AXIS2_PLACEMENT_3D ( 'NONE', #4940, #2773, #2336 ) ;
#1649 = DIRECTION ( 'NONE',  ( 1.301268728343924116E-17, 4.461994495156348725E-30, 1.000000000000000000 ) ) ;
#1650 = LINE ( 'NONE', #2920, #246 ) ;
#1651 = VERTEX_POINT ( 'NONE', #4325 ) ;
#1652 = ORIENTED_EDGE ( 'NONE', *, *, #1190, .F. ) ;
#1653 = FACE_OUTER_BOUND ( 'NONE', #2855, .T. ) ;
#1654 = EDGE_CURVE ( 'NONE', #120, #3374, #3882, .T. ) ;
#1655 = VERTEX_POINT ( 'NONE', #1826 ) ;
#1656 = CARTESIAN_POINT ( 'NONE',  ( 21.49999999999999289, -34.79999999999999716, -18.68999999999999417 ) ) ;
#1657 = VECTOR ( 'NONE', #4764, 1000.000000000000000 ) ;
#1658 = DIRECTION ( 'NONE',  ( -1.000000000000000000, 0.000000000000000000, 1.301268728343923962E-17 ) ) ;
#1659 = CARTESIAN_POINT ( 'NONE',  ( 21.49999999999999645, -61.29999999999999716, 0.000000000000000000 ) ) ;
#1660 = ORIENTED_EDGE ( 'NONE', *, *, #2490, .F. ) ;
#1661 = VECTOR ( 'NONE', #3465, 1000.000000000000000 ) ;
#1662 = EDGE_CURVE ( 'NONE', #1494, #5371, #5205, .T. ) ;
#1663 = CARTESIAN_POINT ( 'NONE',  ( 12.64999999999999858, -47.95000000000000995, 0.000000000000000000 ) ) ;
#1664 = DIRECTION ( 'NONE',  ( 1.000000000000000000, 0.000000000000000000, 0.000000000000000000 ) ) ;
#1665 = DIRECTION ( 'NONE',  ( -1.000000000000000000, 0.000000000000000000, -0.000000000000000000 ) ) ;
#1666 = AXIS2_PLACEMENT_3D ( 'NONE', #3875, #2538, #69 ) ;
#1667 = ORIENTED_EDGE ( 'NONE', *, *, #3916, .T. ) ;
#1668 = CARTESIAN_POINT ( 'NONE',  ( -32.50000000000000000, -38.65000000000000568, -17.61599999999999611 ) ) ;
#1669 = ADVANCED_FACE ( 'NONE', ( #3220 ), #1481, .T. ) ;
#1670 = ORIENTED_EDGE ( 'NONE', *, *, #1772, .T. ) ;
#1671 = AXIS2_PLACEMENT_3D ( 'NONE', #3467, #2574, #4352 ) ;
#1672 = ORIENTED_EDGE ( 'NONE', *, *, #1404, .F. ) ;
#1673 = ORIENTED_EDGE ( 'NONE', *, *, #5336, .T. ) ;
#1674 = DIRECTION ( 'NONE',  ( -1.301268728343923962E-17, -4.461994495156348024E-30, -1.000000000000000000 ) ) ;
#1675 = DIRECTION ( 'NONE',  ( -0.000000000000000000, -0.000000000000000000, -1.000000000000000000 ) ) ;
#1676 = EDGE_CURVE ( 'NONE', #4303, #3472, #928, .T. ) ;
#1677 = DIRECTION ( 'NONE',  ( 0.000000000000000000, 0.000000000000000000, -1.000000000000000000 ) ) ;
#1678 = EDGE_LOOP ( 'NONE', ( #4959, #2436, #1339, #4527, #5030, #3393 ) ) ;
#1679 = EDGE_CURVE ( 'NONE', #268, #1551, #1931, .T. ) ;
#1680 = LINE ( 'NONE', #278, #1263 ) ;
#1681 = ORIENTED_EDGE ( 'NONE', *, *, #1412, .T. ) ;
#1682 = CARTESIAN_POINT ( 'NONE',  ( 26.64999999999999858, 0.000000000000000000, -29.47285424949237864 ) ) ;
#1683 = PLANE ( 'NONE',  #682 ) ;
#1684 = ORIENTED_EDGE ( 'NONE', *, *, #138, .T. ) ;
#1685 = ORIENTED_EDGE ( 'NONE', *, *, #3050, .T. ) ;
#1686 = EDGE_CURVE ( 'NONE', #4503, #5231, #2364, .T. ) ;
#1687 = CARTESIAN_POINT ( 'NONE',  ( 32.85000000000002274, -45.70000000000000284, -17.61599999999999255 ) ) ;
#1688 = ORIENTED_EDGE ( 'NONE', *, *, #3886, .T. ) ;
#1689 = DIRECTION ( 'NONE',  ( -0.000000000000000000, -0.000000000000000000, -1.000000000000000000 ) ) ;
#1690 = CARTESIAN_POINT ( 'NONE',  ( 32.00000000000000000, -73.29999999999999716, -21.81600000000000250 ) ) ;
#1691 = FACE_OUTER_BOUND ( 'NONE', #5293, .T. ) ;
#1692 = CARTESIAN_POINT ( 'NONE',  ( 21.64999999999999858, -33.45000000000001705, 2.000000000000000000 ) ) ;
#1693 = DIRECTION ( 'NONE',  ( 0.7071067811865435759, 8.659560562354983395E-17, 0.7071067811865515695 ) ) ;
#1694 = DIRECTION ( 'NONE',  ( 0.000000000000000000, 0.000000000000000000, -1.000000000000000000 ) ) ;
#1695 = ORIENTED_EDGE ( 'NONE', *, *, #3536, .F. ) ;
#1696 = CARTESIAN_POINT ( 'NONE',  ( -34.50000000000000000, 29.69999999999998863, 2.000000000000000000 ) ) ;
#1697 = EDGE_CURVE ( 'NONE', #2444, #3790, #4883, .T. ) ;
#1698 = ORIENTED_EDGE ( 'NONE', *, *, #63, .T. ) ;
#1699 = ORIENTED_EDGE ( 'NONE', *, *, #1462, .F. ) ;
#1700 = LINE ( 'NONE', #5110, #489 ) ;
#1701 = DIRECTION ( 'NONE',  ( 0.000000000000000000, -1.000000000000000000, -0.000000000000000000 ) ) ;
#1702 = PLANE ( 'NONE',  #1905 ) ;
#1703 = VERTEX_POINT ( 'NONE', #5339 ) ;
#1704 = DIRECTION ( 'NONE',  ( 0.000000000000000000, -1.000000000000000000, 0.000000000000000000 ) ) ;
#1705 = VERTEX_POINT ( 'NONE', #1556 ) ;
#1706 = LINE ( 'NONE', #4115, #132 ) ;
#1707 = PLANE ( 'NONE',  #4927 ) ;
#1708 = ORIENTED_EDGE ( 'NONE', *, *, #4287, .T. ) ;
#1709 = LINE ( 'NONE', #4646, #4481 ) ;
#1710 = ORIENTED_EDGE ( 'NONE', *, *, #2749, .F. ) ;
#1711 = EDGE_CURVE ( 'NONE', #3472, #2504, #258, .T. ) ;
#1712 = CARTESIAN_POINT ( 'NONE',  ( -34.50000000000000000, -73.29999999999999716, 2.000000000000000000 ) ) ;
#1713 = LINE ( 'NONE', #4243, #4814 ) ;
#1714 = EDGE_CURVE ( 'NONE', #4675, #292, #3623, .T. ) ;
#1715 = CARTESIAN_POINT ( 'NONE',  ( -7.335542105859834905, -71.29999999999996874, -21.81599999999999540 ) ) ;
#1716 = VECTOR ( 'NONE', #598, 1000.000000000000000 ) ;
#1717 = ORIENTED_EDGE ( 'NONE', *, *, #496, .T. ) ;
#1718 = EDGE_CURVE ( 'NONE', #3283, #2896, #2801, .T. ) ;
#1719 = CARTESIAN_POINT ( 'NONE',  ( -32.50000000000000000, -4.950000000000006395, -14.26600000000000179 ) ) ;
#1720 = VECTOR ( 'NONE', #3366, 1000.000000000000000 ) ;
#1721 = CARTESIAN_POINT ( 'NONE',  ( -11.86009485345630310, -73.29999999999999716, -21.81600000000000250 ) ) ;
#1722 = DIRECTION ( 'NONE',  ( 1.000000000000000000, 0.000000000000000000, -1.301268728343923962E-17 ) ) ;
#1723 = ORIENTED_EDGE ( 'NONE', *, *, #2926, .F. ) ;
#1724 = FACE_OUTER_BOUND ( 'NONE', #728, .T. ) ;
#1725 = VECTOR ( 'NONE', #4598, 1000.000000000000000 ) ;
#1726 = ORIENTED_EDGE ( 'NONE', *, *, #3653, .T. ) ;
#1727 = EDGE_CURVE ( 'NONE', #2498, #4170, #5366, .T. ) ;
#1728 = ORIENTED_EDGE ( 'NONE', *, *, #2465, .F. ) ;
#1729 = CARTESIAN_POINT ( 'NONE',  ( 27.65000000000000213, -8.999999999999996447, 0.000000000000000000 ) ) ;
#1730 = AXIS2_PLACEMENT_3D ( 'NONE', #3544, #4348, #932 ) ;
#1731 = FACE_OUTER_BOUND ( 'NONE', #4494, .T. ) ;
#1732 = VECTOR ( 'NONE', #5333, 1000.000000000000000 ) ;
#1733 = VECTOR ( 'NONE', #4900, 1000.000000000000000 ) ;
#1734 = EDGE_CURVE ( 'NONE', #2191, #3758, #3143, .T. ) ;
#1735 = ORIENTED_EDGE ( 'NONE', *, *, #5036, .T. ) ;
#1736 = DIRECTION ( 'NONE',  ( 0.000000000000000000, -0.000000000000000000, 1.000000000000000000 ) ) ;
#1737 = ORIENTED_EDGE ( 'NONE', *, *, #919, .T. ) ;
#1738 = DIRECTION ( 'NONE',  ( 1.000000000000000000, 0.000000000000000000, -0.000000000000000000 ) ) ;
#1739 = CARTESIAN_POINT ( 'NONE',  ( 13.40000000000000036, -0.5000000000000532907, 2.000000000000000000 ) ) ;
#1740 = ORIENTED_EDGE ( 'NONE', *, *, #1944, .F. ) ;
#1741 = ORIENTED_EDGE ( 'NONE', *, *, #1303, .T. ) ;
#1742 = FACE_OUTER_BOUND ( 'NONE', #479, .T. ) ;
#1743 = CIRCLE ( 'NONE', #2257, 4.250000000000010658 ) ;
#1744 = ORIENTED_EDGE ( 'NONE', *, *, #401, .T. ) ;
#1745 = VECTOR ( 'NONE', #2101, 1000.000000000000000 ) ;
#1746 = DIRECTION ( 'NONE',  ( 1.000000000000000000, 0.000000000000000000, -1.301268728343924116E-17 ) ) ;
#1747 = CARTESIAN_POINT ( 'NONE',  ( -25.82102224193585016, 9.521022241935741093, 0.000000000000000000 ) ) ;
#1748 = CARTESIAN_POINT ( 'NONE',  ( 16.44737665449998687, -35.95000000000001705, 2.040100858668868700 ) ) ;
#1749 = EDGE_CURVE ( 'NONE', #2191, #3438, #3567, .T. ) ;
#1750 = VECTOR ( 'NONE', #2429, 1000.000000000000000 ) ;
#1751 =( BOUNDED_CURVE ( )  B_SPLINE_CURVE ( 3, ( #3738, #5427, #1628, #2193 ),
 .UNSPECIFIED., .F., .T. ) 
 B_SPLINE_CURVE_WITH_KNOTS ( ( 4, 4 ),
 ( 1.570796326794895226, 3.141592653589793116 ),
 .UNSPECIFIED. ) 
 CURVE ( )  GEOMETRIC_REPRESENTATION_ITEM ( )  RATIONAL_B_SPLINE_CURVE ( ( 1.000000000000000000, 0.8047378541243646044, 0.8047378541243646044, 1.000000000000000000 ) ) 
 REPRESENTATION_ITEM ( '' )  );
#1752 = EDGE_CURVE ( 'NONE', #1618, #1817, #4008, .T. ) ;
#1753 = DIRECTION ( 'NONE',  ( 1.000000000000000000, -6.736790197968183597E-17, -0.000000000000000000 ) ) ;
#1754 = CARTESIAN_POINT ( 'NONE',  ( -24.49999999999998934, 1.786052293135803323E-29, -22.79999999999999716 ) ) ;
#1755 = FACE_OUTER_BOUND ( 'NONE', #5308, .T. ) ;
#1756 = ORIENTED_EDGE ( 'NONE', *, *, #4546, .T. ) ;
#1757 = VECTOR ( 'NONE', #4401, 1000.000000000000000 ) ;
#1758 = EDGE_CURVE ( 'NONE', #4498, #4231, #3668, .T. ) ;
#1759 = EDGE_CURVE ( 'NONE', #3368, #561, #5444, .T. ) ;
#1760 = VECTOR ( 'NONE', #4090, 1000.000000000000000 ) ;
#1761 = VERTEX_POINT ( 'NONE', #4861 ) ;
#1762 = CARTESIAN_POINT ( 'NONE',  ( -22.00000000000002132, -59.47499999999998721, -32.67675810589293661 ) ) ;
#1763 = DIRECTION ( 'NONE',  ( 1.000000000000000000, 0.000000000000000000, 0.000000000000000000 ) ) ;
#1764 = EDGE_CURVE ( 'NONE', #3940, #4994, #1062, .T. ) ;
#1765 = ORIENTED_EDGE ( 'NONE', *, *, #879, .T. ) ;
#1766 = DIRECTION ( 'NONE',  ( -0.000000000000000000, -0.000000000000000000, 1.000000000000000000 ) ) ;
#1767 = ORIENTED_EDGE ( 'NONE', *, *, #3997, .F. ) ;
#1768 = DIRECTION ( 'NONE',  ( -0.000000000000000000, -0.000000000000000000, 1.000000000000000000 ) ) ;
#1769 = DIRECTION ( 'NONE',  ( 1.000000000000000000, -7.767418549149889834E-17, 0.000000000000000000 ) ) ;
#1770 = EDGE_LOOP ( 'NONE', ( #510, #3539, #2029, #2283, #23, #5270, #4133, #3847 ) ) ;
#1771 = PLANE ( 'NONE',  #764 ) ;
#1772 = EDGE_CURVE ( 'NONE', #4503, #888, #4908, .T. ) ;
#1773 = ORIENTED_EDGE ( 'NONE', *, *, #1990, .F. ) ;
#1774 = CARTESIAN_POINT ( 'NONE',  ( 26.64999999999999858, 1.786052293135802763E-29, -22.79999999999999716 ) ) ;
#1775 = CARTESIAN_POINT ( 'NONE',  ( 26.64999999999999858, 1.786052293135802763E-29, -22.79999999999999716 ) ) ;
#1776 = CARTESIAN_POINT ( 'NONE',  ( 1.995032651035020675E-16, -31.29999999999999361, -21.30000000000000071 ) ) ;
#1777 = ORIENTED_EDGE ( 'NONE', *, *, #1065, .T. ) ;
#1778 = LINE ( 'NONE', #1855, #1657 ) ;
#1779 = PLANE ( 'NONE',  #2419 ) ;
#1780 = EDGE_CURVE ( 'NONE', #1603, #2003, #234, .T. ) ;
#1781 = ORIENTED_EDGE ( 'NONE', *, *, #3125, .T. ) ;
#1782 = ADVANCED_FACE ( 'NONE', ( #1111 ), #4400, .F. ) ;
#1783 = VERTEX_POINT ( 'NONE', #591 ) ;
#1784 = CARTESIAN_POINT ( 'NONE',  ( 28.00000000000000000, -67.80000000000003979, -0.000000000000000000 ) ) ;
#1785 = EDGE_CURVE ( 'NONE', #5251, #488, #174, .T. ) ;
#1786 = LINE ( 'NONE', #4695, #2701 ) ;
#1787 = ORIENTED_EDGE ( 'NONE', *, *, #3376, .T. ) ;
#1788 = ADVANCED_FACE ( 'NONE', ( #2126 ), #4552, .F. ) ;
#1789 = VECTOR ( 'NONE', #633, 1000.000000000000000 ) ;
#1790 = FACE_OUTER_BOUND ( 'NONE', #2978, .T. ) ;
#1791 = EDGE_LOOP ( 'NONE', ( #2656, #895, #253, #1196, #4466, #4159, #5480, #5049 ) ) ;
#1792 = DIRECTION ( 'NONE',  ( -1.000000000000000000, 0.000000000000000000, 0.000000000000000000 ) ) ;
#1793 = LINE ( 'NONE', #5168, #774 ) ;
#1794 = VERTEX_POINT ( 'NONE', #10 ) ;
#1795 = DIRECTION ( 'NONE',  ( 0.000000000000000000, 0.000000000000000000, -1.000000000000000000 ) ) ;
#1796 = EDGE_LOOP ( 'NONE', ( #2452, #1165, #2825, #4689, #4147, #584 ) ) ;
#1797 = ORIENTED_EDGE ( 'NONE', *, *, #3939, .T. ) ;
#1798 = CARTESIAN_POINT ( 'NONE',  ( 13.40000000000000036, -0.5000000000000532907, 2.000000000000000000 ) ) ;
#1799 = DIRECTION ( 'NONE',  ( 0.01745240643728354635, 0.000000000000000000, -0.9998476951563911586 ) ) ;
#1800 = DIRECTION ( 'NONE',  ( 0.000000000000000000, -1.000000000000000000, 4.463535239111858514E-30 ) ) ;
#1801 = PRODUCT_CONTEXT ( 'NONE', #1316, 'mechanical' ) ;
#1802 = ORIENTED_EDGE ( 'NONE', *, *, #2162, .F. ) ;
#1803 = EDGE_CURVE ( 'NONE', #465, #3328, #4643, .T. ) ;
#1804 = LINE ( 'NONE', #1832, #3239 ) ;
#1805 = DIRECTION ( 'NONE',  ( 1.301268728343924116E-17, 4.461994495156348725E-30, 1.000000000000000000 ) ) ;
#1806 = CARTESIAN_POINT ( 'NONE',  ( -18.27897775806417968, -5.900000000000066969, 2.000000000000000000 ) ) ;
#1807 = CARTESIAN_POINT ( 'NONE',  ( -32.50000000000000000, 5.349999999999993427, -17.61599999999999255 ) ) ;
#1808 = AXIS2_PLACEMENT_3D ( 'NONE', #1798, #75, #483 ) ;
#1809 = VECTOR ( 'NONE', #880, 1000.000000000000000 ) ;
#1810 = VERTEX_POINT ( 'NONE', #2888 ) ;
#1811 = CARTESIAN_POINT ( 'NONE',  ( 1.164839953046739249E-16, -68.30000000000001137, -19.68999999999999773 ) ) ;
#1812 = VECTOR ( 'NONE', #1132, 1000.000000000000000 ) ;
#1813 = EDGE_CURVE ( 'NONE', #1524, #1506, #2422, .T. ) ;
#1814 = EDGE_CURVE ( 'NONE', #3075, #3155, #3787, .T. ) ;
#1815 = VECTOR ( 'NONE', #2396, 1000.000000000000000 ) ;
#1816 = CARTESIAN_POINT ( 'NONE',  ( 24.99999999999999289, -67.80000000000003979, -26.80281151192504652 ) ) ;
#1817 = VERTEX_POINT ( 'NONE', #1194 ) ;
#1818 = FACE_OUTER_BOUND ( 'NONE', #2600, .T. ) ;
#1819 = DIRECTION ( 'NONE',  ( 0.000000000000000000, -0.000000000000000000, -1.000000000000000000 ) ) ;
#1820 = ORIENTED_EDGE ( 'NONE', *, *, #3943, .F. ) ;
#1821 = DIRECTION ( 'NONE',  ( 0.000000000000000000, 1.000000000000000000, 0.000000000000000000 ) ) ;
#1822 = AXIS2_PLACEMENT_3D ( 'NONE', #1291, #4780, #4266 ) ;
#1823 = EDGE_LOOP ( 'NONE', ( #100, #1920, #703, #4275 ) ) ;
#1824 = CARTESIAN_POINT ( 'NONE',  ( -26.19999999999999929, 12.25000000000000355, -7.500000000000000000 ) ) ;
#1825 = AXIS2_PLACEMENT_3D ( 'NONE', #1682, #4171, #340 ) ;
#1826 = CARTESIAN_POINT ( 'NONE',  ( 13.94769579748195731, -35.95000000000001705, 2.000000000000000000 ) ) ;
#1827 = DIRECTION ( 'NONE',  ( -1.000000000000000000, 0.000000000000000000, 1.301268728343923962E-17 ) ) ;
#1828 = DIRECTION ( 'NONE',  ( -1.000000000000000000, -0.000000000000000000, -1.734723475976808475E-15 ) ) ;
#1829 = ADVANCED_FACE ( 'NONE', ( #3277 ), #2537, .T. ) ;
#1830 = VERTEX_POINT ( 'NONE', #758 ) ;
#1831 = VECTOR ( 'NONE', #4252, 1000.000000000000000 ) ;
#1832 = CARTESIAN_POINT ( 'NONE',  ( 21.49999999999999645, -68.30000000000001137, -32.67675810589293661 ) ) ;
#1833 = FACE_OUTER_BOUND ( 'NONE', #617, .T. ) ;
#1834 = DIRECTION ( 'NONE',  ( -1.000000000000000000, 0.000000000000000000, 0.000000000000000000 ) ) ;
#1835 = DIRECTION ( 'NONE',  ( 0.000000000000000000, -1.000000000000000000, 0.000000000000000000 ) ) ;
#1836 = VECTOR ( 'NONE', #1340, 1000.000000000000000 ) ;
#1837 = EDGE_CURVE ( 'NONE', #842, #1154, #4584, .T. ) ;
#1838 = VECTOR ( 'NONE', #2959, 1000.000000000000000 ) ;
#1839 = ORIENTED_EDGE ( 'NONE', *, *, #1174, .F. ) ;
#1840 = DIRECTION ( 'NONE',  ( 0.000000000000000000, -1.000000000000000000, 0.000000000000000000 ) ) ;
#1841 = VECTOR ( 'NONE', #4533, 1000.000000000000000 ) ;
#1842 = CARTESIAN_POINT ( 'NONE',  ( 21.49999999999999645, 5.076303204121963712E-29, -21.30000000000000071 ) ) ;
#1843 = ORIENTED_EDGE ( 'NONE', *, *, #3282, .T. ) ;
#1844 = DIRECTION ( 'NONE',  ( 0.000000000000000000, 0.000000000000000000, -1.000000000000000000 ) ) ;
#1845 = DIRECTION ( 'NONE',  ( 0.000000000000000000, 0.000000000000000000, 1.000000000000000000 ) ) ;
#1846 = AXIS2_PLACEMENT_3D ( 'NONE', #5032, #816, #2503 ) ;
#1847 = VERTEX_POINT ( 'NONE', #2856 ) ;
#1848 = DIRECTION ( 'NONE',  ( -1.000000000000000000, 0.000000000000000000, 0.000000000000000000 ) ) ;
#1849 = ORIENTED_EDGE ( 'NONE', *, *, #2708, .T. ) ;
#1850 = CARTESIAN_POINT ( 'NONE',  ( 24.49999999999999645, 24.19999999999998508, -29.47285424949237864 ) ) ;
#1851 = CARTESIAN_POINT ( 'NONE',  ( 14.14999999999999858, -43.95000000000000995, -9.589999999999998082 ) ) ;
#1852 = CARTESIAN_POINT ( 'NONE',  ( -26.64999999999999147, 0.000000000000000000, -29.47285424949237864 ) ) ;
#1853 = ORIENTED_EDGE ( 'NONE', *, *, #3647, .F. ) ;
#1854 = ORIENTED_EDGE ( 'NONE', *, *, #2784, .F. ) ;
#1855 = CARTESIAN_POINT ( 'NONE',  ( -21.99999999999991118, 6.214988941921987647E-14, 0.000000000000000000 ) ) ;
#1856 = ADVANCED_FACE ( 'NONE', ( #787 ), #2945, .F. ) ;
#1857 = CARTESIAN_POINT ( 'NONE',  ( -20.50000000000002132, -70.30000000000001137, 0.000000000000000000 ) ) ;
#1858 = CARTESIAN_POINT ( 'NONE',  ( 15.99999999999999289, -33.30000000000000426, -21.30000000000000426 ) ) ;
#1859 = DIRECTION ( 'NONE',  ( 0.000000000000000000, 0.000000000000000000, -1.000000000000000000 ) ) ;
#1860 = ORIENTED_EDGE ( 'NONE', *, *, #2239, .T. ) ;
#1861 = ADVANCED_FACE ( 'NONE', ( #2039 ), #3369, .F. ) ;
#1862 = EDGE_CURVE ( 'NONE', #4574, #1045, #2474, .T. ) ;
#1863 = ORIENTED_EDGE ( 'NONE', *, *, #798, .F. ) ;
#1864 = LINE ( 'NONE', #1465, #1103 ) ;
#1865 = DIRECTION ( 'NONE',  ( -1.000000000000000000, 0.000000000000000000, 0.000000000000000000 ) ) ;
#1866 = ORIENTED_EDGE ( 'NONE', *, *, #2221, .T. ) ;
#1867 = CARTESIAN_POINT ( 'NONE',  ( 26.50000000000000000, -70.79999999999999716, -22.79999999999999716 ) ) ;
#1868 = PLANE ( 'NONE',  #5025 ) ;
#1869 = ORIENTED_EDGE ( 'NONE', *, *, #5250, .T. ) ;
#1870 = DIRECTION ( 'NONE',  ( -0.5773502691896231775, -0.5773502691896231775, -0.5773502691896310601 ) ) ;
#1871 = EDGE_LOOP ( 'NONE', ( #709, #2585, #3279, #1331, #2794, #4736 ) ) ;
#1872 = CARTESIAN_POINT ( 'NONE',  ( 13.40000000000000036, -0.5000000000000532907, 0.000000000000000000 ) ) ;
#1873 = EDGE_LOOP ( 'NONE', ( #2759, #3388, #2603, #383 ) ) ;
#1874 = CARTESIAN_POINT ( 'NONE',  ( 32.85000000000002984, 2.299999999999994493, -19.49099999999999966 ) ) ;
#1875 = LINE ( 'NONE', #2643, #3688 ) ;
#1876 = ORIENTED_EDGE ( 'NONE', *, *, #4638, .F. ) ;
#1877 = LINE ( 'NONE', #2993, #3329 ) ;
#1878 = EDGE_CURVE ( 'NONE', #2247, #2965, #5418, .T. ) ;
#1879 = EDGE_LOOP ( 'NONE', ( #3399, #4715, #4684, #3592 ) ) ;
#1880 = CARTESIAN_POINT ( 'NONE',  ( 18.18000000000000327, -43.12000000000001876, -14.68999999999999595 ) ) ;
#1881 = LINE ( 'NONE', #5262, #125 ) ;
#1882 = DIRECTION ( 'NONE',  ( 1.000000000000000000, -6.736790197968183597E-17, -0.000000000000000000 ) ) ;
#1883 = DIRECTION ( 'NONE',  ( -1.254772857849411939E-16, -1.000000000000000000, 0.000000000000000000 ) ) ;
#1884 = EDGE_LOOP ( 'NONE', ( #1544, #1212, #177, #3057 ) ) ;
#1885 = CARTESIAN_POINT ( 'NONE',  ( 28.00000000000000000, -71.29999999999999716, 0.000000000000000000 ) ) ;
#1886 = VECTOR ( 'NONE', #5094, 1000.000000000000000 ) ;
#1887 = LINE ( 'NONE', #972, #3582 ) ;
#1888 = VERTEX_POINT ( 'NONE', #2919 ) ;
#1889 = CYLINDRICAL_SURFACE ( 'NONE', #1016, 2.500000000000002220 ) ;
#1890 = VECTOR ( 'NONE', #4934, 1000.000000000000000 ) ;
#1891 = CARTESIAN_POINT ( 'NONE',  ( -0.000000000000000000, -46.32499999999998863, 0.000000000000000000 ) ) ;
#1892 = VERTEX_POINT ( 'NONE', #3817 ) ;
#1893 = ORIENTED_EDGE ( 'NONE', *, *, #4414, .T. ) ;
#1894 = CARTESIAN_POINT ( 'NONE',  ( 21.90000000000000213, -8.999999999999996447, -7.500000000000000000 ) ) ;
#1895 = EDGE_LOOP ( 'NONE', ( #1334, #262, #2933, #755 ) ) ;
#1896 = VECTOR ( 'NONE', #4047, 1000.000000000000000 ) ;
#1897 = FACE_OUTER_BOUND ( 'NONE', #5225, .T. ) ;
#1898 = DIRECTION ( 'NONE',  ( -0.000000000000000000, -0.000000000000000000, -1.000000000000000000 ) ) ;
#1899 = CARTESIAN_POINT ( 'NONE',  ( -24.00000000000002132, -70.30000000000001137, -21.30000000000000071 ) ) ;
#1900 = EDGE_LOOP ( 'NONE', ( #3866, #3033 ) ) ;
#1901 = PLANE ( 'NONE',  #2878 ) ;
#1902 = VECTOR ( 'NONE', #1977, 1000.000000000000000 ) ;
#1903 = EDGE_CURVE ( 'NONE', #3758, #3872, #2064, .T. ) ;
#1904 = ORIENTED_EDGE ( 'NONE', *, *, #4638, .T. ) ;
#1905 = AXIS2_PLACEMENT_3D ( 'NONE', #2409, #3391, #5081 ) ;
#1906 = AXIS2_PLACEMENT_3D ( 'NONE', #3897, #90, #1792 ) ;
#1907 = LINE ( 'NONE', #1017, #2410 ) ;
#1908 = DIRECTION ( 'NONE',  ( -1.000000000000000000, 1.982541115402065702E-15, 0.000000000000000000 ) ) ;
#1909 = CYLINDRICAL_SURFACE ( 'NONE', #4758, 1.875000000000001776 ) ;
#1910 = EDGE_CURVE ( 'NONE', #920, #2651, #1706, .T. ) ;
#1911 = LINE ( 'NONE', #1941, #2662 ) ;
#1912 = VECTOR ( 'NONE', #4950, 1000.000000000000000 ) ;
#1913 = EDGE_CURVE ( 'NONE', #1810, #1420, #3339, .T. ) ;
#1914 = AXIS2_PLACEMENT_3D ( 'NONE', #3311, #2506, #4206 ) ;
#1915 = EDGE_CURVE ( 'NONE', #3730, #1761, #4215, .T. ) ;
#1916 = VERTEX_POINT ( 'NONE', #2501 ) ;
#1917 = LINE ( 'NONE', #543, #5273 ) ;
#1918 = AXIS2_PLACEMENT_3D ( 'NONE', #1177, #3713, #3235 ) ;
#1919 = EDGE_CURVE ( 'NONE', #1528, #5398, #1456, .T. ) ;
#1920 = ORIENTED_EDGE ( 'NONE', *, *, #2400, .T. ) ;
#1921 = CARTESIAN_POINT ( 'NONE',  ( -32.50000000000000000, 27.69999999999998863, -145.7918040909596300 ) ) ;
#1922 = LINE ( 'NONE', #3616, #3640 ) ;
#1923 = ORIENTED_EDGE ( 'NONE', *, *, #3732, .T. ) ;
#1924 = CARTESIAN_POINT ( 'NONE',  ( 23.67102224193584092, -0.5000000000000519584, 0.000000000000000000 ) ) ;
#1925 = VECTOR ( 'NONE', #1203, 1000.000000000000000 ) ;
#1926 = EDGE_LOOP ( 'NONE', ( #2383, #1647, #757, #5027, #2695 ) ) ;
#1927 = CARTESIAN_POINT ( 'NONE',  ( 17.61999999999999744, -43.12000000000001876, -9.589999999999998082 ) ) ;
#1928 = VECTOR ( 'NONE', #1845, 1000.000000000000000 ) ;
#1929 = EDGE_CURVE ( 'NONE', #1328, #437, #2009, .T. ) ;
#1930 = ORIENTED_EDGE ( 'NONE', *, *, #2796, .T. ) ;
#1931 = LINE ( 'NONE', #2285, #298 ) ;
#1932 = CARTESIAN_POINT ( 'NONE',  ( -27.99999999999999645, -71.29999999999999716, 0.000000000000000000 ) ) ;
#1933 = ORIENTED_EDGE ( 'NONE', *, *, #2010, .T. ) ;
#1934 = PLANE ( 'NONE',  #4565 ) ;
#1935 = VECTOR ( 'NONE', #2081, 1000.000000000000000 ) ;
#1936 = ORIENTED_EDGE ( 'NONE', *, *, #890, .T. ) ;
#1937 = CARTESIAN_POINT ( 'NONE',  ( -10.24999999999999822, -33.29999999999999716, -19.68999999999999417 ) ) ;
#1938 = EDGE_CURVE ( 'NONE', #3301, #2099, #974, .T. ) ;
#1939 = DIRECTION ( 'NONE',  ( 1.000000000000000000, 0.000000000000000000, 0.000000000000000000 ) ) ;
#1940 = DIRECTION ( 'NONE',  ( 1.301268728343924116E-17, 4.461994495156348725E-30, 1.000000000000000000 ) ) ;
#1941 = CARTESIAN_POINT ( 'NONE',  ( 17.61999999999999744, -35.35500000000001108, -9.589999999999998082 ) ) ;
#1942 = ORIENTED_EDGE ( 'NONE', *, *, #4622, .T. ) ;
#1943 = CARTESIAN_POINT ( 'NONE',  ( -7.335542105859834905, -72.04999999999999716, -21.81599999999999540 ) ) ;
#1944 = EDGE_CURVE ( 'NONE', #3940, #1308, #3002, .T. ) ;
#1945 = EDGE_CURVE ( 'NONE', #2384, #3027, #2588, .T. ) ;
#1946 = ORIENTED_EDGE ( 'NONE', *, *, #4145, .T. ) ;
#1947 = CARTESIAN_POINT ( 'NONE',  ( 24.99999999999999289, -47.95000000000000995, -14.68999999999999417 ) ) ;
#1948 = DIRECTION ( 'NONE',  ( 1.000000000000000000, 0.000000000000000000, -1.301268728343923962E-17 ) ) ;
#1949 = ORIENTED_EDGE ( 'NONE', *, *, #4109, .F. ) ;
#1950 = CARTESIAN_POINT ( 'NONE',  ( 0.000000000000000000, 20.19999999999998508, -26.80281151192504652 ) ) ;
#1951 = ORIENTED_EDGE ( 'NONE', *, *, #1428, .T. ) ;
#1952 = LINE ( 'NONE', #3641, #1526 ) ;
#1953 = CARTESIAN_POINT ( 'NONE',  ( 24.99999999999999289, 5.076303204121963712E-29, -21.30000000000000071 ) ) ;
#1954 = LINE ( 'NONE', #4066, #1302 ) ;
#1955 = ORIENTED_EDGE ( 'NONE', *, *, #729, .T. ) ;
#1956 = DIRECTION ( 'NONE',  ( -6.700369425960418635E-17, -1.000000000000000000, 4.463535239111857813E-30 ) ) ;
#1957 = EDGE_LOOP ( 'NONE', ( #3876, #2675, #3054, #5092, #4313, #1451, #4543, #4367 ) ) ;
#1958 = EDGE_CURVE ( 'NONE', #1655, #1916, #4983, .T. ) ;
#1959 = DIRECTION ( 'NONE',  ( 5.806253902589689981E-47, -1.000000000000000000, 4.461994495156348024E-30 ) ) ;
#1960 = DIRECTION ( 'NONE',  ( -0.000000000000000000, 0.000000000000000000, 1.000000000000000000 ) ) ;
#1961 = DIRECTION ( 'NONE',  ( 0.3846153846153848588, -2.987468672749958861E-17, 0.9230769230769230171 ) ) ;
#1962 = LINE ( 'NONE', #2267, #3834 ) ;
#1963 = VERTEX_POINT ( 'NONE', #3433 ) ;
#1964 = FACE_BOUND ( 'NONE', #4866, .T. ) ;
#1965 = ADVANCED_FACE ( 'NONE', ( #4723 ), #5117, .F. ) ;
#1966 = ORIENTED_EDGE ( 'NONE', *, *, #1718, .T. ) ;
#1967 = DIRECTION ( 'NONE',  ( 0.000000000000000000, -0.000000000000000000, 1.000000000000000000 ) ) ;
#1968 = DIRECTION ( 'NONE',  ( -1.000000000000000000, 1.978188830211300503E-16, -0.000000000000000000 ) ) ;
#1969 = EDGE_LOOP ( 'NONE', ( #2592, #4826, #1586, #1253, #4615, #5447, #1723, #473, #2903, #5132, #53, #3697, #2176, #597, #3805, #1617, #296, #1599, #4606, #1214, #3610, #2297, #4602, #3639, #4613, #3786, #1980, #4902 ) ) ;
#1970 = DIRECTION ( 'NONE',  ( 1.000000000000000000, 0.000000000000000000, 0.000000000000000000 ) ) ;
#1971 = VECTOR ( 'NONE', #3486, 1000.000000000000000 ) ;
#1972 = ADVANCED_FACE ( 'NONE', ( #1818 ), #4259, .F. ) ;
#1973 = EDGE_CURVE ( 'NONE', #94, #3331, #3503, .T. ) ;
#1974 = AXIS2_PLACEMENT_3D ( 'NONE', #4473, #670, #202 ) ;
#1975 = CARTESIAN_POINT ( 'NONE',  ( 27.19669914110088627, -45.70000000000000284, -17.61599999999999255 ) ) ;
#1976 = ORIENTED_EDGE ( 'NONE', *, *, #3682, .T. ) ;
#1977 = DIRECTION ( 'NONE',  ( 0.000000000000000000, -1.000000000000000000, 0.000000000000000000 ) ) ;
#1978 = DIRECTION ( 'NONE',  ( -0.000000000000000000, -0.000000000000000000, -1.000000000000000000 ) ) ;
#1979 = ORIENTED_EDGE ( 'NONE', *, *, #567, .T. ) ;
#1980 = ORIENTED_EDGE ( 'NONE', *, *, #984, .F. ) ;
#1981 = EDGE_CURVE ( 'NONE', #3745, #4027, #68, .T. ) ;
#1982 = CARTESIAN_POINT ( 'NONE',  ( -24.49999999999998934, 24.19999999999998508, -23.81599999999999540 ) ) ;
#1983 = VECTOR ( 'NONE', #2810, 1000.000000000000000 ) ;
#1984 = EDGE_LOOP ( 'NONE', ( #1740, #3819, #5057, #1672 ) ) ;
#1985 = LINE ( 'NONE', #4889, #4535 ) ;
#1986 = VECTOR ( 'NONE', #5254, 1000.000000000000000 ) ;
#1987 = CARTESIAN_POINT ( 'NONE',  ( 1.480421955313173043E-16, -68.30000000000001137, -21.30000000000000071 ) ) ;
#1988 = CARTESIAN_POINT ( 'NONE',  ( -20.50000000000002132, -70.30000000000001137, -21.30000000000000071 ) ) ;
#1989 = EDGE_CURVE ( 'NONE', #1810, #5145, #548, .T. ) ;
#1990 = EDGE_CURVE ( 'NONE', #4722, #2685, #2612, .T. ) ;
#1991 = VECTOR ( 'NONE', #3839, 1000.000000000000000 ) ;
#1992 = VECTOR ( 'NONE', #4632, 1000.000000000000000 ) ;
#1993 = CARTESIAN_POINT ( 'NONE',  ( 18.18000000000000327, -43.12000000000001876, -9.589999999999998082 ) ) ;
#1994 = CARTESIAN_POINT ( 'NONE',  ( 26.50000000000000000, -70.79999999999999716, -23.81599999999999540 ) ) ;
#1995 = EDGE_CURVE ( 'NONE', #3849, #2095, #5001, .T. ) ;
#1996 = VERTEX_POINT ( 'NONE', #36 ) ;
#1997 = CARTESIAN_POINT ( 'NONE',  ( -22.00000000000002132, 0.000000000000000000, -19.68999999999999773 ) ) ;
#1998 = VECTOR ( 'NONE', #178, 1000.000000000000000 ) ;
#1999 = AXIS2_PLACEMENT_3D ( 'NONE', #2686, #1419, #1848 ) ;
#2000 = VERTEX_POINT ( 'NONE', #5087 ) ;
#2001 = DIRECTION ( 'NONE',  ( 1.000000000000000000, 0.000000000000000000, -1.301268728343923962E-17 ) ) ;
#2002 = CARTESIAN_POINT ( 'NONE',  ( -26.19999999999999929, 9.500000000000001776, -7.500000000000000000 ) ) ;
#2003 = VERTEX_POINT ( 'NONE', #3919 ) ;
#2004 = FACE_OUTER_BOUND ( 'NONE', #875, .T. ) ;
#2005 = VECTOR ( 'NONE', #2883, 1000.000000000000000 ) ;
#2006 = PRODUCT_RELATED_PRODUCT_CATEGORY ( 'part', '', ( #993 ) ) ;
#2007 = PLANE ( 'NONE',  #3126 ) ;
#2008 = ORIENTED_EDGE ( 'NONE', *, *, #3577, .F. ) ;
#2009 = LINE ( 'NONE', #1337, #4743 ) ;
#2010 = EDGE_CURVE ( 'NONE', #413, #4284, #4121, .T. ) ;
#2011 = CARTESIAN_POINT ( 'NONE',  ( -25.82102224193585016, 2.478977758064129233, 0.000000000000000000 ) ) ;
#2012 = ORIENTED_EDGE ( 'NONE', *, *, #2455, .F. ) ;
#2013 = ORIENTED_EDGE ( 'NONE', *, *, #517, .T. ) ;
#2014 = LINE ( 'NONE', #3281, #5372 ) ;
#2015 = ORIENTED_EDGE ( 'NONE', *, *, #3420, .T. ) ;
#2016 = VECTOR ( 'NONE', #2683, 1000.000000000000000 ) ;
#2017 = PLANE ( 'NONE',  #825 ) ;
#2018 = DIRECTION ( 'NONE',  ( 0.000000000000000000, 1.000000000000000000, -4.461994495156348024E-30 ) ) ;
#2019 = PLANE ( 'NONE',  #1117 ) ;
#2020 = DIRECTION ( 'NONE',  ( 0.000000000000000000, -1.000000000000000000, 0.000000000000000000 ) ) ;
#2021 = EDGE_CURVE ( 'NONE', #4910, #2539, #4700, .T. ) ;
#2022 = CARTESIAN_POINT ( 'NONE',  ( -22.86009485345630310, -73.29999999999999716, -21.81600000000000250 ) ) ;
#2023 = CARTESIAN_POINT ( 'NONE',  ( 32.85000000000002274, -45.70000000000000284, -17.61599999999999255 ) ) ;
#2024 = LINE ( 'NONE', #3324, #2351 ) ;
#2025 = ORIENTED_EDGE ( 'NONE', *, *, #3387, .F. ) ;
#2026 = LINE ( 'NONE', #4601, #4744 ) ;
#2027 = EDGE_CURVE ( 'NONE', #4122, #2725, #2253, .T. ) ;
#2028 = ADVANCED_FACE ( 'NONE', ( #3479 ), #5166, .F. ) ;
#2029 = ORIENTED_EDGE ( 'NONE', *, *, #4214, .T. ) ;
#2030 = CARTESIAN_POINT ( 'NONE',  ( 0.000000000000000000, -38.21249999999998437, -26.78862120850496709 ) ) ;
#2031 = CARTESIAN_POINT ( 'NONE',  ( 26.14999999999999858, -8.939131361278935373, 0.000000000000000000 ) ) ;
#2032 = EDGE_LOOP ( 'NONE', ( #2352, #2349, #5152, #2254, #1064, #935 ) ) ;
#2033 = CARTESIAN_POINT ( 'NONE',  ( -1.938824682913140224E-16, -34.79999999999999716, -29.58949493661166841 ) ) ;
#2034 = ORIENTED_EDGE ( 'NONE', *, *, #3621, .F. ) ;
#2035 = EDGE_CURVE ( 'NONE', #820, #508, #4750, .T. ) ;
#2036 = ORIENTED_EDGE ( 'NONE', *, *, #1303, .F. ) ;
#2037 = FACE_OUTER_BOUND ( 'NONE', #3534, .T. ) ;
#2038 = ORIENTED_EDGE ( 'NONE', *, *, #56, .F. ) ;
#2039 = FACE_OUTER_BOUND ( 'NONE', #3266, .T. ) ;
#2040 = CARTESIAN_POINT ( 'NONE',  ( 21.49999999999999289, -36.79999999999999716, -18.68999999999999417 ) ) ;
#2041 = ORIENTED_EDGE ( 'NONE', *, *, #5296, .T. ) ;
#2042 = DIRECTION ( 'NONE',  ( 0.000000000000000000, -1.000000000000000000, 0.000000000000000000 ) ) ;
#2043 = VERTEX_POINT ( 'NONE', #2635 ) ;
#2044 = DIRECTION ( 'NONE',  ( 0.000000000000000000, 0.000000000000000000, 1.000000000000000000 ) ) ;
#2045 = CARTESIAN_POINT ( 'NONE',  ( 32.50000000000000711, 2.299999999999994493, -17.61599999999999611 ) ) ;
#2046 = DIRECTION ( 'NONE',  ( -1.000000000000000000, 0.000000000000000000, 0.000000000000000000 ) ) ;
#2047 = PLANE ( 'NONE',  #4845 ) ;
#2048 = ORIENTED_EDGE ( 'NONE', *, *, #4872, .T. ) ;
#2049 = ADVANCED_FACE ( 'NONE', ( #4341 ), #1471, .T. ) ;
#2050 = AXIS2_PLACEMENT_3D ( 'NONE', #3069, #2119, #5473 ) ;
#2051 = CARTESIAN_POINT ( 'NONE',  ( -19.27897775806417613, -5.900000000000066969, 0.000000000000000000 ) ) ;
#2052 = CARTESIAN_POINT ( 'NONE',  ( 28.49999999999999645, 20.19999999999998508, -23.81599999999999540 ) ) ;
#2053 = DIRECTION ( 'NONE',  ( 1.000000000000000000, -1.847535342843096406E-16, 0.000000000000000000 ) ) ;
#2054 = VERTEX_POINT ( 'NONE', #2736 ) ;
#2055 = CARTESIAN_POINT ( 'NONE',  ( -25.82102224193585016, 2.478977758064129233, 0.9999999999999991118 ) ) ;
#2056 = ORIENTED_EDGE ( 'NONE', *, *, #3271, .T. ) ;
#2057 = VERTEX_POINT ( 'NONE', #2792 ) ;
#2058 = PLANE ( 'NONE',  #221 ) ;
#2059 = LINE ( 'NONE', #539, #4085 ) ;
#2060 = ORIENTED_EDGE ( 'NONE', *, *, #2305, .F. ) ;
#2061 = LINE ( 'NONE', #3363, #2687 ) ;
#2062 = CARTESIAN_POINT ( 'NONE',  ( -28.94999999999999929, -10.49999999999999467, -7.500000000000000000 ) ) ;
#2063 = ORIENTED_EDGE ( 'NONE', *, *, #256, .F. ) ;
#2064 = LINE ( 'NONE', #5448, #746 ) ;
#2065 = DIRECTION ( 'NONE',  ( 1.301268728343923962E-17, 0.000000000000000000, 1.000000000000000000 ) ) ;
#2066 = ORIENTED_EDGE ( 'NONE', *, *, #1813, .T. ) ;
#2067 = ORIENTED_EDGE ( 'NONE', *, *, #1330, .F. ) ;
#2068 = CARTESIAN_POINT ( 'NONE',  ( -24.00000000000002132, 0.000000000000000000, 0.000000000000000000 ) ) ;
#2069 = ADVANCED_FACE ( 'NONE', ( #1495 ), #5246, .F. ) ;
#2070 = ORIENTED_EDGE ( 'NONE', *, *, #5163, .T. ) ;
#2071 = VECTOR ( 'NONE', #647, 1000.000000000000000 ) ;
#2072 = FACE_OUTER_BOUND ( 'NONE', #329, .T. ) ;
#2073 = FACE_OUTER_BOUND ( 'NONE', #1517, .T. ) ;
#2074 = CARTESIAN_POINT ( 'NONE',  ( -5.249999999999993783, 6.587557503709403990E-16, -26.69946904194603121 ) ) ;
#2075 = DIRECTION ( 'NONE',  ( -0.000000000000000000, -0.000000000000000000, 1.000000000000000000 ) ) ;
#2076 = VECTOR ( 'NONE', #294, 1000.000000000000000 ) ;
#2077 = EDGE_CURVE ( 'NONE', #4678, #2858, #251, .T. ) ;
#2078 = VECTOR ( 'NONE', #886, 1000.000000000000000 ) ;
#2079 = FACE_OUTER_BOUND ( 'NONE', #1284, .T. ) ;
#2080 = CARTESIAN_POINT ( 'NONE',  ( -7.335542105859834905, -71.29999999999996874, -21.81599999999999540 ) ) ;
#2081 = DIRECTION ( 'NONE',  ( -1.301268728343923962E-17, -4.461994495156348024E-30, -1.000000000000000000 ) ) ;
#2082 = ORIENTED_EDGE ( 'NONE', *, *, #2385, .T. ) ;
#2083 = DIRECTION ( 'NONE',  ( -6.700369425960418635E-17, -1.000000000000000000, 4.463535239111857813E-30 ) ) ;
#2084 = VECTOR ( 'NONE', #4733, 1000.000000000000000 ) ;
#2085 = ORIENTED_EDGE ( 'NONE', *, *, #126, .T. ) ;
#2086 = VECTOR ( 'NONE', #272, 1000.000000000000000 ) ;
#2087 = ORIENTED_EDGE ( 'NONE', *, *, #2742, .T. ) ;
#2088 = DIRECTION ( 'NONE',  ( 0.7071067811865524577, 0.000000000000000000, -0.7071067811865425767 ) ) ;
#2089 = CARTESIAN_POINT ( 'NONE',  ( 34.50000000000000000, -45.70000000000000284, -17.61599999999999255 ) ) ;
#2090 = FACE_BOUND ( 'NONE', #1389, .T. ) ;
#2091 = ORIENTED_EDGE ( 'NONE', *, *, #4865, .F. ) ;
#2092 = AXIS2_PLACEMENT_3D ( 'NONE', #576, #2241, #3941 ) ;
#2093 = ORIENTED_EDGE ( 'NONE', *, *, #1358, .T. ) ;
#2094 = FACE_OUTER_BOUND ( 'NONE', #912, .T. ) ;
#2095 = VERTEX_POINT ( 'NONE', #3182 ) ;
#2096 = VECTOR ( 'NONE', #3821, 1000.000000000000000 ) ;
#2097 = CARTESIAN_POINT ( 'NONE',  ( -32.50000000000000000, -38.65000000000000568, -14.26600000000000179 ) ) ;
#2098 = PLANE ( 'NONE',  #1666 ) ;
#2099 = VERTEX_POINT ( 'NONE', #1031 ) ;
#2100 = VERTEX_POINT ( 'NONE', #2353 ) ;
#2101 = DIRECTION ( 'NONE',  ( 0.000000000000000000, 1.000000000000000000, 0.000000000000000000 ) ) ;
#2102 = EDGE_LOOP ( 'NONE', ( #4461, #4663, #1562, #4310 ) ) ;
#2103 = LINE ( 'NONE', #3256, #1260 ) ;
#2104 = COLOUR_RGB ( '',0.7921568627450980005, 0.8196078431372548767, 0.9333333333333333481 ) ;
#2105 = DIRECTION ( 'NONE',  ( 0.000000000000000000, 1.000000000000000000, 0.000000000000000000 ) ) ;
#2106 = DIRECTION ( 'NONE',  ( -0.000000000000000000, -0.000000000000000000, 1.000000000000000000 ) ) ;
#2107 = AXIS2_PLACEMENT_3D ( 'NONE', #767, #4180, #2457 ) ;
#2108 = ADVANCED_FACE ( 'NONE', ( #2379 ), #1889, .T. ) ;
#2109 = CARTESIAN_POINT ( 'NONE',  ( -32.50000000000000000, 27.69999999999998863, 0.000000000000000000 ) ) ;
#2110 = LINE ( 'NONE', #2080, #737 ) ;
#2111 = DIRECTION ( 'NONE',  ( -0.000000000000000000, -0.000000000000000000, 1.000000000000000000 ) ) ;
#2112 = VECTOR ( 'NONE', #3561, 1000.000000000000000 ) ;
#2113 = ORIENTED_EDGE ( 'NONE', *, *, #3801, .F. ) ;
#2114 = CARTESIAN_POINT ( 'NONE',  ( -33.89583333333333570, -4.950000000000005507, -17.61599999999999611 ) ) ;
#2115 = ORIENTED_EDGE ( 'NONE', *, *, #1614, .T. ) ;
#2116 = EDGE_CURVE ( 'NONE', #3675, #3791, #1415, .T. ) ;
#2117 = EDGE_LOOP ( 'NONE', ( #1266, #2541, #4964, #426 ) ) ;
#2118 = CARTESIAN_POINT ( 'NONE',  ( 8.149999999999977263, -71.29999999999998295, -21.81599999999999540 ) ) ;
#2119 = DIRECTION ( 'NONE',  ( -0.000000000000000000, -0.000000000000000000, 1.000000000000000000 ) ) ;
#2120 = CYLINDRICAL_SURFACE ( 'NONE', #1467, 1.424999999999995826 ) ;
#2121 = ORIENTED_EDGE ( 'NONE', *, *, #2339, .T. ) ;
#2122 = EDGE_CURVE ( 'NONE', #3252, #5121, #662, .T. ) ;
#2123 = VERTEX_POINT ( 'NONE', #5221 ) ;
#2124 = DIRECTION ( 'NONE',  ( -6.700369425960418635E-17, -1.000000000000000000, 4.463535239111858514E-30 ) ) ;
#2125 = EDGE_LOOP ( 'NONE', ( #973, #1163, #79, #4209 ) ) ;
#2126 = FACE_OUTER_BOUND ( 'NONE', #694, .T. ) ;
#2127 = DIRECTION ( 'NONE',  ( -1.000000000000000000, 0.000000000000000000, 0.000000000000000000 ) ) ;
#2128 = ORIENTED_EDGE ( 'NONE', *, *, #4155, .T. ) ;
#2129 = ORIENTED_EDGE ( 'NONE', *, *, #1412, .F. ) ;
#2130 = CARTESIAN_POINT ( 'NONE',  ( -21.99999999999991118, 6.214988941921995220E-14, -21.30000000000000071 ) ) ;
#2131 = ORIENTED_EDGE ( 'NONE', *, *, #1780, .T. ) ;
#2132 = DIRECTION ( 'NONE',  ( -1.000000000000000000, 0.000000000000000000, 1.301268728343923962E-17 ) ) ;
#2133 = CARTESIAN_POINT ( 'NONE',  ( 28.00000000000000000, -67.80000000000003979, -29.47285424949237864 ) ) ;
#2134 = FACE_OUTER_BOUND ( 'NONE', #5173, .T. ) ;
#2135 = ADVANCED_FACE ( 'NONE', ( #1105 ), #3105, .T. ) ;
#2136 = LINE ( 'NONE', #3711, #3683 ) ;
#2137 = CARTESIAN_POINT ( 'NONE',  ( 1.491074544856625033E-16, -34.11249999999999005, -15.32999999999999652 ) ) ;
#2138 = PLANE ( 'NONE',  #3962 ) ;
#2139 = ORIENTED_EDGE ( 'NONE', *, *, #2411, .T. ) ;
#2140 = LINE ( 'NONE', #4529, #2535 ) ;
#2141 = EDGE_CURVE ( 'NONE', #783, #4303, #5276, .T. ) ;
#2142 = ORIENTED_EDGE ( 'NONE', *, *, #908, .T. ) ;
#2143 = ORIENTED_EDGE ( 'NONE', *, *, #579, .T. ) ;
#2144 = LINE ( 'NONE', #4664, #2183 ) ;
#2145 = CARTESIAN_POINT ( 'NONE',  ( 21.49999999999999289, -34.79999999999999716, -29.58949493661166841 ) ) ;
#2146 = CARTESIAN_POINT ( 'NONE',  ( -26.19999999999999929, 9.500000000000001776, -7.500000000000000000 ) ) ;
#2147 = VECTOR ( 'NONE', #5022, 1000.000000000000000 ) ;
#2148 = ORIENTED_EDGE ( 'NONE', *, *, #1654, .F. ) ;
#2149 = DIRECTION ( 'NONE',  ( 1.301268728343923962E-17, 4.462663340991622160E-30, 1.000000000000000000 ) ) ;
#2150 = EDGE_LOOP ( 'NONE', ( #2408, #1942, #423, #1104, #1394, #2719, #5077, #1893 ) ) ;
#2151 = CARTESIAN_POINT ( 'NONE',  ( 13.94769579748195731, -35.95000000000001705, 2.000000000000000000 ) ) ;
#2152 = CARTESIAN_POINT ( 'NONE',  ( 27.65000000000000213, -8.999999999999996447, -7.500000000000000000 ) ) ;
#2153 = ORIENTED_EDGE ( 'NONE', *, *, #5303, .F. ) ;
#2154 = CARTESIAN_POINT ( 'NONE',  ( 3.450690254369615751E-16, -38.65000000000000568, -2.298720648142606942E-29 ) ) ;
#2155 = ORIENTED_EDGE ( 'NONE', *, *, #320, .F. ) ;
#2156 = DIRECTION ( 'NONE',  ( -0.000000000000000000, -0.000000000000000000, 1.000000000000000000 ) ) ;
#2157 = FACE_BOUND ( 'NONE', #4041, .T. ) ;
#2158 = DIRECTION ( 'NONE',  ( -1.000000000000000000, 2.309116107789427495E-16, 0.000000000000000000 ) ) ;
#2159 = APPLICATION_PROTOCOL_DEFINITION ( 'draft international standard', 'automotive_design', 1998, #2231 ) ;
#2160 = VECTOR ( 'NONE', #1168, 1000.000000000000000 ) ;
#2161 = CARTESIAN_POINT ( 'NONE',  ( 19.15000000000000213, -43.95000000000000995, 2.000000000000000000 ) ) ;
#2162 = EDGE_CURVE ( 'NONE', #664, #3872, #4058, .T. ) ;
#2163 = CARTESIAN_POINT ( 'NONE',  ( 5.312170868927674567E-14, -38.21249999999997016, -19.68999999999999417 ) ) ;
#2164 = DIRECTION ( 'NONE',  ( 1.000000000000000000, 0.000000000000000000, 0.000000000000000000 ) ) ;
#2165 = ORIENTED_EDGE ( 'NONE', *, *, #3886, .F. ) ;
#2166 = LINE ( 'NONE', #1239, #2348 ) ;
#2167 = VECTOR ( 'NONE', #1693, 1000.000000000000000 ) ;
#2168 = EDGE_CURVE ( 'NONE', #581, #945, #3560, .T. ) ;
#2169 = EDGE_CURVE ( 'NONE', #2338, #2803, #76, .T. ) ;
#2170 = EDGE_LOOP ( 'NONE', ( #3457, #741, #1802, #4631 ) ) ;
#2171 = LINE ( 'NONE', #4718, #4038 ) ;
#2172 = VECTOR ( 'NONE', #2018, 1000.000000000000000 ) ;
#2173 = CARTESIAN_POINT ( 'NONE',  ( 32.85000000000002984, 0.4249999999999911626, -17.61599999999999611 ) ) ;
#2174 = AXIS2_PLACEMENT_3D ( 'NONE', #1220, #2440, #4140 ) ;
#2175 = VECTOR ( 'NONE', #3843, 1000.000000000000000 ) ;
#2176 = ORIENTED_EDGE ( 'NONE', *, *, #49, .T. ) ;
#2177 = DIRECTION ( 'NONE',  ( -1.301268728343923962E-17, -4.461994495156348024E-30, -1.000000000000000000 ) ) ;
#2178 = VERTEX_POINT ( 'NONE', #4467 ) ;
#2179 = DIRECTION ( 'NONE',  ( -1.000000000000000000, 0.000000000000000000, 0.000000000000000000 ) ) ;
#2180 = CARTESIAN_POINT ( 'NONE',  ( -20.50000000000002132, -59.47499999999998721, 0.000000000000000000 ) ) ;
#2181 = EDGE_LOOP ( 'NONE', ( #279, #2034, #805, #4035 ) ) ;
#2182 = DIRECTION ( 'NONE',  ( 0.000000000000000000, -1.000000000000000000, -0.000000000000000000 ) ) ;
#2183 = VECTOR ( 'NONE', #84, 1000.000000000000000 ) ;
#2184 = ORIENTED_EDGE ( 'NONE', *, *, #2192, .F. ) ;
#2185 = VECTOR ( 'NONE', #3224, 1000.000000000000000 ) ;
#2186 = EDGE_CURVE ( 'NONE', #5209, #4416, #3615, .T. ) ;
#2187 = LINE ( 'NONE', #43, #1971 ) ;
#2188 = PLANE ( 'NONE',  #3315 ) ;
#2189 = FACE_OUTER_BOUND ( 'NONE', #2309, .T. ) ;
#2190 = AXIS2_PLACEMENT_3D ( 'NONE', #4004, #169, #199 ) ;
#2191 = VERTEX_POINT ( 'NONE', #4001 ) ;
#2192 = EDGE_CURVE ( 'NONE', #529, #4474, #4391, .T. ) ;
#2193 = CARTESIAN_POINT ( 'NONE',  ( 13.94769579748195731, -43.95000000000000995, 2.000000000000000000 ) ) ;
#2194 = DIRECTION ( 'NONE',  ( 0.000000000000000000, -0.000000000000000000, 1.000000000000000000 ) ) ;
#2195 = LINE ( 'NONE', #1806, #1382 ) ;
#2196 = AXIS2_PLACEMENT_3D ( 'NONE', #3935, #130, #1834 ) ;
#2197 = ADVANCED_FACE ( 'NONE', ( #582 ), #2276, .F. ) ;
#2198 = VECTOR ( 'NONE', #2762, 1000.000000000000000 ) ;
#2199 = ORIENTED_EDGE ( 'NONE', *, *, #1584, .F. ) ;
#2200 = DIRECTION ( 'NONE',  ( -0.000000000000000000, 1.000000000000000000, -0.000000000000000000 ) ) ;
#2201 = DIRECTION ( 'NONE',  ( 1.000000000000000000, -0.000000000000000000, 0.000000000000000000 ) ) ;
#2202 = VECTOR ( 'NONE', #5491, 1000.000000000000000 ) ;
#2203 = ORIENTED_EDGE ( 'NONE', *, *, #810, .T. ) ;
#2204 = CARTESIAN_POINT ( 'NONE',  ( 32.85000000000002274, -43.82500000000000284, -17.61599999999999255 ) ) ;
#2205 = EDGE_LOOP ( 'NONE', ( #1288, #1317, #1820, #1577 ) ) ;
#2206 = DIRECTION ( 'NONE',  ( 0.000000000000000000, 0.000000000000000000, -1.000000000000000000 ) ) ;
#2207 = CARTESIAN_POINT ( 'NONE',  ( -32.00000000000000000, -73.29999999999999716, 2.000000000000000000 ) ) ;
#2208 = ORIENTED_EDGE ( 'NONE', *, *, #1718, .F. ) ;
#2209 = DIRECTION ( 'NONE',  ( -4.956352788505164254E-16, -1.000000000000000000, 0.000000000000000000 ) ) ;
#2210 = ORIENTED_EDGE ( 'NONE', *, *, #4295, .T. ) ;
#2211 = CARTESIAN_POINT ( 'NONE',  ( 14.14999999999999858, -33.45000000000001705, 2.000000000000000000 ) ) ;
#2212 = CARTESIAN_POINT ( 'NONE',  ( -22.00000000000002132, 5.076303204121963712E-29, -21.30000000000000071 ) ) ;
#2213 = LINE ( 'NONE', #3907, #324 ) ;
#2214 = CARTESIAN_POINT ( 'NONE',  ( 32.50000000000000000, -71.29999999999999716, -21.81600000000000250 ) ) ;
#2215 = CARTESIAN_POINT ( 'NONE',  ( 15.99999999999999289, -31.29999999999999361, -34.02792206135786302 ) ) ;
#2216 = ADVANCED_FACE ( 'NONE', ( #1441 ), #3134, .F. ) ;
#2217 = ORIENTED_EDGE ( 'NONE', *, *, #2186, .F. ) ;
#2218 = LINE ( 'NONE', #4771, #572 ) ;
#2219 = DIRECTION ( 'NONE',  ( -1.000000000000000000, 0.000000000000000000, 1.301268728343923962E-17 ) ) ;
#2220 = ORIENTED_EDGE ( 'NONE', *, *, #719, .T. ) ;
#2221 = EDGE_CURVE ( 'NONE', #4104, #441, #780, .T. ) ;
#2222 = DIRECTION ( 'NONE',  ( -1.000000000000000000, 0.000000000000000000, 0.000000000000000000 ) ) ;
#2223 = DIRECTION ( 'NONE',  ( 0.000000000000000000, 0.000000000000000000, -1.000000000000000000 ) ) ;
#2224 = ORIENTED_EDGE ( 'NONE', *, *, #3367, .F. ) ;
#2225 = LINE ( 'NONE', #2661, #1023 ) ;
#2226 = VECTOR ( 'NONE', #1883, 1000.000000000000000 ) ;
#2227 = VERTEX_POINT ( 'NONE', #5387 ) ;
#2228 = FACE_OUTER_BOUND ( 'NONE', #2360, .T. ) ;
#2229 = FACE_OUTER_BOUND ( 'NONE', #587, .T. ) ;
#2230 = CARTESIAN_POINT ( 'NONE',  ( 0.000000000000000000, 0.000000000000000000, 2.000000000000000000 ) ) ;
#2231 = APPLICATION_CONTEXT ( 'automotive_design' ) ;
#2232 = CARTESIAN_POINT ( 'NONE',  ( -32.00000000000000000, -70.79999999999999716, 2.000000000000000000 ) ) ;
#2233 = ADVANCED_FACE ( 'NONE', ( #4163 ), #2527, .F. ) ;
#2234 = LINE ( 'NONE', #4299, #4023 ) ;
#2235 = DIRECTION ( 'NONE',  ( 1.000000000000000000, 0.000000000000000000, -1.301268728343923962E-17 ) ) ;
#2236 = DIRECTION ( 'NONE',  ( -1.301268728343923962E-17, -4.461994495156348024E-30, -1.000000000000000000 ) ) ;
#2237 = VECTOR ( 'NONE', #1200, 1000.000000000000000 ) ;
#2238 = VECTOR ( 'NONE', #2219, 1000.000000000000000 ) ;
#2239 = EDGE_CURVE ( 'NONE', #717, #4756, #2913, .T. ) ;
#2240 = EDGE_LOOP ( 'NONE', ( #4201, #3108, #1336, #2432 ) ) ;
#2241 = DIRECTION ( 'NONE',  ( -0.000000000000000000, -0.000000000000000000, -1.000000000000000000 ) ) ;
#2242 = VECTOR ( 'NONE', #1048, 1000.000000000000000 ) ;
#2243 = EDGE_CURVE ( 'NONE', #636, #1137, #358, .T. ) ;
#2244 = VECTOR ( 'NONE', #1898, 1000.000000000000000 ) ;
#2245 = EDGE_CURVE ( 'NONE', #5209, #411, #4575, .T. ) ;
#2246 = CARTESIAN_POINT ( 'NONE',  ( -26.19999999999999929, 13.75000000000000178, 0.000000000000000000 ) ) ;
#2247 = VERTEX_POINT ( 'NONE', #5358 ) ;
#2248 = CARTESIAN_POINT ( 'NONE',  ( 0.000000000000000000, -31.29999999999999361, 0.000000000000000000 ) ) ;
#2249 = LINE ( 'NONE', #3161, #3699 ) ;
#2250 = EDGE_LOOP ( 'NONE', ( #541, #2060, #2366, #4317 ) ) ;
#2251 = ORIENTED_EDGE ( 'NONE', *, *, #646, .F. ) ;
#2252 = LINE ( 'NONE', #3540, #2869 ) ;
#2253 = CIRCLE ( 'NONE', #1906, 11.27102224193582636 ) ;
#2254 = ORIENTED_EDGE ( 'NONE', *, *, #3212, .T. ) ;
#2255 = CARTESIAN_POINT ( 'NONE',  ( 21.49999999999999289, -36.79999999999999716, -19.68999999999999417 ) ) ;
#2256 = ORIENTED_EDGE ( 'NONE', *, *, #4913, .F. ) ;
#2257 = AXIS2_PLACEMENT_3D ( 'NONE', #4134, #5383, #742 ) ;
#2258 = DIRECTION ( 'NONE',  ( 1.000000000000000000, -0.000000000000000000, 0.000000000000000000 ) ) ;
#2259 = PLANE ( 'NONE',  #3154 ) ;
#2260 = ORIENTED_EDGE ( 'NONE', *, *, #4589, .T. ) ;
#2261 = LINE ( 'NONE', #4627, #5280 ) ;
#2262 = VERTEX_POINT ( 'NONE', #303 ) ;
#2263 = VECTOR ( 'NONE', #3715, 1000.000000000000000 ) ;
#2264 = CARTESIAN_POINT ( 'NONE',  ( -24.00000000000001776, -31.29999999999999361, 0.000000000000000000 ) ) ;
#2265 = LINE ( 'NONE', #4841, #4294 ) ;
#2266 = FACE_OUTER_BOUND ( 'NONE', #3625, .T. ) ;
#2267 = CARTESIAN_POINT ( 'NONE',  ( 5.208733445923128736E-17, -70.80000000000001137, -22.79999999999999716 ) ) ;
#2268 = VECTOR ( 'NONE', #1452, 1000.000000000000000 ) ;
#2269 = VECTOR ( 'NONE', #1459, 1000.000000000000000 ) ;
#2270 = VERTEX_POINT ( 'NONE', #748 ) ;
#2271 = PLANE ( 'NONE',  #3511 ) ;
#2272 = ADVANCED_FACE ( 'NONE', ( #3691 ), #2058, .F. ) ;
#2273 = VECTOR ( 'NONE', #1010, 1000.000000000000000 ) ;
#2274 = DIRECTION ( 'NONE',  ( 0.000000000000000000, 1.000000000000000000, 0.000000000000000000 ) ) ;
#2275 = ORIENTED_EDGE ( 'NONE', *, *, #3716, .T. ) ;
#2276 = PLANE ( 'NONE',  #1182 ) ;
#2277 = DIRECTION ( 'NONE',  ( -0.000000000000000000, -1.000000000000000000, -0.000000000000000000 ) ) ;
#2278 = AXIS2_PLACEMENT_3D ( 'NONE', #2857, #3728, #1505 ) ;
#2279 = VERTEX_POINT ( 'NONE', #384 ) ;
#2280 = EDGE_CURVE ( 'NONE', #198, #3632, #5051, .T. ) ;
#2281 = LINE ( 'NONE', #3979, #4120 ) ;
#2282 = ADVANCED_FACE ( 'NONE', ( #4541 ), #806, .T. ) ;
#2283 = ORIENTED_EDGE ( 'NONE', *, *, #4184, .T. ) ;
#2284 = CARTESIAN_POINT ( 'NONE',  ( 32.00000000000000000, 29.69999999999998863, 2.000000000000000000 ) ) ;
#2285 = CARTESIAN_POINT ( 'NONE',  ( 23.00000000000001066, -1.139961141356194799E-14, -19.69000000000000128 ) ) ;
#2286 = LINE ( 'NONE', #4372, #2273 ) ;
#2287 = EDGE_LOOP ( 'NONE', ( #5055, #4192, #5033, #4451 ) ) ;
#2288 = LINE ( 'NONE', #3092, #3953 ) ;
#2289 = VERTEX_POINT ( 'NONE', #3241 ) ;
#2290 = DIRECTION ( 'NONE',  ( 1.000000000000000000, 0.000000000000000000, -1.301268728343924116E-17 ) ) ;
#2291 = CARTESIAN_POINT ( 'NONE',  ( -20.95000000000000639, -38.21249999999998437, -26.69946904194603121 ) ) ;
#2292 = LINE ( 'NONE', #5238, #5113 ) ;
#2293 = CARTESIAN_POINT ( 'NONE',  ( 26.64999999999999858, 22.34999999999998366, -23.81599999999999540 ) ) ;
#2294 = EDGE_LOOP ( 'NONE', ( #3147, #2469, #2025, #5291, #1230, #2311, #1261, #1695 ) ) ;
#2295 = DIRECTION ( 'NONE',  ( -0.000000000000000000, -0.000000000000000000, 1.000000000000000000 ) ) ;
#2296 = DIRECTION ( 'NONE',  ( 1.000000000000000000, 0.000000000000000000, 0.000000000000000000 ) ) ;
#2297 = ORIENTED_EDGE ( 'NONE', *, *, #1324, .T. ) ;
#2298 = DIRECTION ( 'NONE',  ( 1.000000000000000000, 0.000000000000000000, -1.301268728343923962E-17 ) ) ;
#2299 = EDGE_CURVE ( 'NONE', #1206, #2381, #1608, .T. ) ;
#2300 = CARTESIAN_POINT ( 'NONE',  ( 19.14999999999999858, -33.45000000000001705, 2.000000000000000000 ) ) ;
#2301 = VERTEX_POINT ( 'NONE', #4929 ) ;
#2302 = VERTEX_POINT ( 'NONE', #1127 ) ;
#2303 = PLANE ( 'NONE',  #2190 ) ;
#2304 = ORIENTED_EDGE ( 'NONE', *, *, #4848, .T. ) ;
#2305 = EDGE_CURVE ( 'NONE', #3025, #4443, #715, .T. ) ;
#2306 = DIRECTION ( 'NONE',  ( 0.000000000000000000, 0.000000000000000000, 1.000000000000000000 ) ) ;
#2307 = CARTESIAN_POINT ( 'NONE',  ( 24.99999999999999289, -40.30000000000001137, -34.02792206135786302 ) ) ;
#2308 = LINE ( 'NONE', #4862, #64 ) ;
#2309 = EDGE_LOOP ( 'NONE', ( #2534, #4480, #3543, #1124 ) ) ;
#2310 = CARTESIAN_POINT ( 'NONE',  ( 0.000000000000000000, -70.80000000000001137, -26.80281151192504652 ) ) ;
#2311 = ORIENTED_EDGE ( 'NONE', *, *, #2788, .T. ) ;
#2312 = EDGE_CURVE ( 'NONE', #5398, #4063, #1184, .T. ) ;
#2313 = CARTESIAN_POINT ( 'NONE',  ( 21.49999999999999289, -2.230997247578174573E-29, -19.68999999999999773 ) ) ;
#2314 = CARTESIAN_POINT ( 'NONE',  ( 0.000000000000000000, -33.29999999999999716, -19.68999999999999417 ) ) ;
#2315 = CARTESIAN_POINT ( 'NONE',  ( -26.64999999999999147, -67.80000000000003979, -23.81599999999999540 ) ) ;
#2316 = DIRECTION ( 'NONE',  ( -1.000000000000000000, 0.000000000000000000, 0.000000000000000000 ) ) ;
#2317 = EDGE_CURVE ( 'NONE', #3985, #1480, #4137, .T. ) ;
#2318 = ORIENTED_EDGE ( 'NONE', *, *, #464, .F. ) ;
#2319 = CARTESIAN_POINT ( 'NONE',  ( 21.65000000000000213, -43.95000000000000995, 2.000000000000000000 ) ) ;
#2320 = VECTOR ( 'NONE', #1344, 1000.000000000000000 ) ;
#2321 = EDGE_CURVE ( 'NONE', #3236, #1580, #2819, .T. ) ;
#2322 = LINE ( 'NONE', #1144, #1359 ) ;
#2323 = EDGE_LOOP ( 'NONE', ( #3836, #4783, #3435, #4256 ) ) ;
#2324 = CARTESIAN_POINT ( 'NONE',  ( 6.636470514554011467E-17, -35.35500000000001108, -9.589999999999998082 ) ) ;
#2325 = CIRCLE ( 'NONE', #3042, 1.875000000000001776 ) ;
#2326 = FACE_OUTER_BOUND ( 'NONE', #4895, .T. ) ;
#2327 = ORIENTED_EDGE ( 'NONE', *, *, #2955, .T. ) ;
#2328 = DIRECTION ( 'NONE',  ( -1.301268728343923962E-17, -4.462663340991622160E-30, -1.000000000000000000 ) ) ;
#2329 = ORIENTED_EDGE ( 'NONE', *, *, #3647, .T. ) ;
#2330 = AXIS2_PLACEMENT_3D ( 'NONE', #2655, #546, #4772 ) ;
#2331 = DIRECTION ( 'NONE',  ( -0.000000000000000000, -1.000000000000000000, -0.000000000000000000 ) ) ;
#2332 = ORIENTED_EDGE ( 'NONE', *, *, #439, .T. ) ;
#2333 = CARTESIAN_POINT ( 'NONE',  ( 1.480421955313173043E-16, -71.29999999999999716, -21.30000000000000071 ) ) ;
#2334 = CARTESIAN_POINT ( 'NONE',  ( -27.99999999999999289, -71.29999999999999716, -25.84712887414924154 ) ) ;
#2335 = EDGE_LOOP ( 'NONE', ( #2937, #3771, #3978, #4517 ) ) ;
#2336 = DIRECTION ( 'NONE',  ( -1.000000000000000000, 0.000000000000000000, 0.000000000000000000 ) ) ;
#2337 = VECTOR ( 'NONE', #1399, 1000.000000000000000 ) ;
#2338 = VERTEX_POINT ( 'NONE', #1578 ) ;
#2339 = EDGE_CURVE ( 'NONE', #4722, #3298, #3299, .T. ) ;
#2340 = VECTOR ( 'NONE', #2582, 1000.000000000000000 ) ;
#2341 = AXIS2_PLACEMENT_3D ( 'NONE', #1282, #2206, #2179 ) ;
#2342 = DIRECTION ( 'NONE',  ( -1.000000000000000000, 0.000000000000000000, 0.000000000000000000 ) ) ;
#2343 = CARTESIAN_POINT ( 'NONE',  ( -18.77897775806425074, 9.521022241935741093, 0.9999999999999991118 ) ) ;
#2344 = DIRECTION ( 'NONE',  ( 1.000000000000000000, 0.000000000000000000, -1.301268728343923962E-17 ) ) ;
#2345 = CARTESIAN_POINT ( 'NONE',  ( -25.32102224193581819, -5.900000000000066969, 0.000000000000000000 ) ) ;
#2346 = EDGE_CURVE ( 'NONE', #2803, #2685, #2880, .T. ) ;
#2347 = CIRCLE ( 'NONE', #3327, 2.499999999999998668 ) ;
#2348 = VECTOR ( 'NONE', #4273, 1000.000000000000000 ) ;
#2349 = ORIENTED_EDGE ( 'NONE', *, *, #1493, .F. ) ;
#2350 = CARTESIAN_POINT ( 'NONE',  ( -32.50000000000000000, 5.349999999999993427, -14.26600000000000179 ) ) ;
#2351 = VECTOR ( 'NONE', #4132, 1000.000000000000000 ) ;
#2352 = ORIENTED_EDGE ( 'NONE', *, *, #428, .F. ) ;
#2353 = CARTESIAN_POINT ( 'NONE',  ( -27.99999999999999645, -71.29999999999999716, -21.81600000000000250 ) ) ;
#2354 = DIRECTION ( 'NONE',  ( -0.000000000000000000, -1.000000000000000000, -0.000000000000000000 ) ) ;
#2355 = ORIENTED_EDGE ( 'NONE', *, *, #567, .F. ) ;
#2356 = CARTESIAN_POINT ( 'NONE',  ( -26.19999999999999929, -14.74999999999999645, -7.500000000000000000 ) ) ;
#2357 = ADVANCED_FACE ( 'NONE', ( #4953 ), #4193, .F. ) ;
#2358 = AXIS2_PLACEMENT_3D ( 'NONE', #3096, #570, #3965 ) ;
#2359 = ORIENTED_EDGE ( 'NONE', *, *, #573, .T. ) ;
#2360 = EDGE_LOOP ( 'NONE', ( #979, #1162, #5159, #502 ) ) ;
#2361 = DIRECTION ( 'NONE',  ( -0.000000000000000000, -0.000000000000000000, 1.000000000000000000 ) ) ;
#2362 = AXIS2_PLACEMENT_3D ( 'NONE', #2712, #975, #608 ) ;
#2363 = EDGE_LOOP ( 'NONE', ( #1781, #3598, #3166, #248 ) ) ;
#2364 = LINE ( 'NONE', #1953, #388 ) ;
#2365 = CARTESIAN_POINT ( 'NONE',  ( 13.94769579748196264, -1.861184256590386208E-15, 2.000000000000000000 ) ) ;
#2366 = ORIENTED_EDGE ( 'NONE', *, *, #2375, .F. ) ;
#2367 = FACE_OUTER_BOUND ( 'NONE', #2851, .T. ) ;
#2368 =( GEOMETRIC_REPRESENTATION_CONTEXT ( 3 ) GLOBAL_UNCERTAINTY_ASSIGNED_CONTEXT ( ( #5235 ) ) GLOBAL_UNIT_ASSIGNED_CONTEXT ( ( #1377, #4247, #3804 ) ) REPRESENTATION_CONTEXT ( 'NONE', 'WORKASPACE' ) );
#2369 = VERTEX_POINT ( 'NONE', #4276 ) ;
#2370 = DIRECTION ( 'NONE',  ( -1.301268728343923962E-17, -4.461994495156348024E-30, -1.000000000000000000 ) ) ;
#2371 = FACE_OUTER_BOUND ( 'NONE', #4248, .T. ) ;
#2372 = CARTESIAN_POINT ( 'NONE',  ( -24.00000000000002132, -67.80000000000003979, -21.30000000000000071 ) ) ;
#2373 = DIRECTION ( 'NONE',  ( 1.000000000000000000, -0.000000000000000000, -0.000000000000000000 ) ) ;
#2374 = EDGE_CURVE ( 'NONE', #2987, #5120, #3473, .T. ) ;
#2375 = EDGE_CURVE ( 'NONE', #5158, #3025, #2218, .T. ) ;
#2376 = ORIENTED_EDGE ( 'NONE', *, *, #1324, .F. ) ;
#2377 = FACE_BOUND ( 'NONE', #2240, .T. ) ;
#2378 = VERTEX_POINT ( 'NONE', #946 ) ;
#2379 = FACE_OUTER_BOUND ( 'NONE', #274, .T. ) ;
#2380 = LINE ( 'NONE', #252, #625 ) ;
#2381 = VERTEX_POINT ( 'NONE', #60 ) ;
#2382 = FACE_OUTER_BOUND ( 'NONE', #5124, .T. ) ;
#2383 = ORIENTED_EDGE ( 'NONE', *, *, #4370, .F. ) ;
#2384 = VERTEX_POINT ( 'NONE', #2118 ) ;
#2385 = EDGE_CURVE ( 'NONE', #4301, #2852, #2996, .T. ) ;
#2386 = DIRECTION ( 'NONE',  ( 0.000000000000000000, 0.000000000000000000, -1.000000000000000000 ) ) ;
#2387 = ORIENTED_EDGE ( 'NONE', *, *, #4263, .F. ) ;
#2388 = DIRECTION ( 'NONE',  ( 0.7071067811865433539, 0.000000000000000000, -0.7071067811865517916 ) ) ;
#2389 = DIRECTION ( 'NONE',  ( -1.000000000000000000, 0.000000000000000000, 0.000000000000000000 ) ) ;
#2390 = ORIENTED_EDGE ( 'NONE', *, *, #5064, .F. ) ;
#2391 = ORIENTED_EDGE ( 'NONE', *, *, #2583, .F. ) ;
#2392 = CARTESIAN_POINT ( 'NONE',  ( 24.99999999999999289, -47.95000000000000995, 0.000000000000000000 ) ) ;
#2393 = ORIENTED_EDGE ( 'NONE', *, *, #2035, .F. ) ;
#2394 = EDGE_CURVE ( 'NONE', #367, #4057, #2171, .T. ) ;
#2395 = CARTESIAN_POINT ( 'NONE',  ( -12.86009485345630132, 29.70099999999998985, -21.81600000000000250 ) ) ;
#2396 = DIRECTION ( 'NONE',  ( -1.000000000000000000, -0.000000000000000000, -0.000000000000000000 ) ) ;
#2397 = VECTOR ( 'NONE', #2820, 1000.000000000000000 ) ;
#2398 = CARTESIAN_POINT ( 'NONE',  ( 16.64961923789097398, -43.95000000000000995, -9.546368983906788230 ) ) ;
#2399 = DIRECTION ( 'NONE',  ( -0.000000000000000000, -0.000000000000000000, 1.000000000000000000 ) ) ;
#2400 = EDGE_CURVE ( 'NONE', #4854, #1480, #970, .T. ) ;
#2401 = DIRECTION ( 'NONE',  ( -0.000000000000000000, -0.000000000000000000, 1.000000000000000000 ) ) ;
#2402 = ORIENTED_EDGE ( 'NONE', *, *, #1400, .F. ) ;
#2403 = CARTESIAN_POINT ( 'NONE',  ( -33.89583333333333570, -38.65000000000000568, -17.61599999999999611 ) ) ;
#2404 = EDGE_CURVE ( 'NONE', #4730, #107, #1700, .T. ) ;
#2405 = ORIENTED_EDGE ( 'NONE', *, *, #419, .F. ) ;
#2406 = DIRECTION ( 'NONE',  ( 2.621975959147427135E-15, 1.000000000000000000, -0.000000000000000000 ) ) ;
#2407 = DIRECTION ( 'NONE',  ( -1.000000000000000000, 0.000000000000000000, 1.301268728343923962E-17 ) ) ;
#2408 = ORIENTED_EDGE ( 'NONE', *, *, #1878, .F. ) ;
#2409 = CARTESIAN_POINT ( 'NONE',  ( -25.82102224193585016, 9.521022241935741093, 2.000000000000000000 ) ) ;
#2410 = VECTOR ( 'NONE', #5295, 1000.000000000000000 ) ;
#2411 = EDGE_CURVE ( 'NONE', #1817, #4658, #916, .T. ) ;
#2412 = DIRECTION ( 'NONE',  ( -0.000000000000000000, -0.000000000000000000, 1.000000000000000000 ) ) ;
#2413 = ORIENTED_EDGE ( 'NONE', *, *, #2490, .T. ) ;
#2414 = CARTESIAN_POINT ( 'NONE',  ( 18.18000000000000327, -36.78000000000000824, -14.68999999999999595 ) ) ;
#2415 = CARTESIAN_POINT ( 'NONE',  ( 21.49999999999999289, -36.79999999999999716, -18.68999999999999417 ) ) ;
#2416 = ORIENTED_EDGE ( 'NONE', *, *, #978, .F. ) ;
#2417 = ORIENTED_EDGE ( 'NONE', *, *, #4167, .T. ) ;
#2418 = CARTESIAN_POINT ( 'NONE',  ( 28.44388279670645048, -84.02836607801179980, -21.81599999999999540 ) ) ;
#2419 = AXIS2_PLACEMENT_3D ( 'NONE', #4713, #3910, #103 ) ;
#2420 = ORIENTED_EDGE ( 'NONE', *, *, #2566, .F. ) ;
#2421 = DIRECTION ( 'NONE',  ( 0.000000000000000000, 0.000000000000000000, -1.000000000000000000 ) ) ;
#2422 = CIRCLE ( 'NONE', #41, 1.424999999999995826 ) ;
#2423 = DIRECTION ( 'NONE',  ( -1.139978492981533201E-13, -1.000000000000000000, 0.000000000000000000 ) ) ;
#2424 = DIRECTION ( 'NONE',  ( 0.000000000000000000, -4.461994495156348024E-30, -1.000000000000000000 ) ) ;
#2425 = EDGE_CURVE ( 'NONE', #2693, #231, #2604, .T. ) ;
#2426 = EDGE_CURVE ( 'NONE', #3374, #3395, #892, .T. ) ;
#2427 = VECTOR ( 'NONE', #1235, 1000.000000000000000 ) ;
#2428 = VECTOR ( 'NONE', #632, 1000.000000000000000 ) ;
#2429 = DIRECTION ( 'NONE',  ( 1.000000000000000000, 0.000000000000000000, 0.000000000000000000 ) ) ;
#2430 = DIRECTION ( 'NONE',  ( 0.000000000000000000, 1.000000000000000000, -4.461994495156348024E-30 ) ) ;
#2431 = LINE ( 'NONE', #2462, #3800 ) ;
#2432 = ORIENTED_EDGE ( 'NONE', *, *, #2497, .T. ) ;
#2433 = DIRECTION ( 'NONE',  ( -0.000000000000000000, -0.000000000000000000, 1.000000000000000000 ) ) ;
#2434 = VECTOR ( 'NONE', #108, 1000.000000000000000 ) ;
#2435 = VECTOR ( 'NONE', #3058, 1000.000000000000000 ) ;
#2436 = ORIENTED_EDGE ( 'NONE', *, *, #1072, .T. ) ;
#2437 = CARTESIAN_POINT ( 'NONE',  ( 19.15000000000000213, -46.45000000000000995, -9.589999999999998082 ) ) ;
#2438 = DIRECTION ( 'NONE',  ( 1.000000000000000000, 0.000000000000000000, 0.000000000000000000 ) ) ;
#2439 = ORIENTED_EDGE ( 'NONE', *, *, #1915, .T. ) ;
#2440 = DIRECTION ( 'NONE',  ( 0.000000000000000000, 1.000000000000000000, 0.000000000000000000 ) ) ;
#2441 = VECTOR ( 'NONE', #3186, 1000.000000000000000 ) ;
#2442 = CYLINDRICAL_SURFACE ( 'NONE', #2509, 1.875000000000001776 ) ;
#2443 = EDGE_CURVE ( 'NONE', #4394, #4554, #1286, .T. ) ;
#2444 = VERTEX_POINT ( 'NONE', #4227 ) ;
#2445 = CARTESIAN_POINT ( 'NONE',  ( 24.99999999999999289, -61.29999999999999716, -32.67675810589293661 ) ) ;
#2446 = CARTESIAN_POINT ( 'NONE',  ( -25.82102224193585016, 2.478977758064129233, 2.000000000000000000 ) ) ;
#2447 = VECTOR ( 'NONE', #1540, 1000.000000000000000 ) ;
#2448 = ORIENTED_EDGE ( 'NONE', *, *, #89, .F. ) ;
#2449 = ORIENTED_EDGE ( 'NONE', *, *, #4263, .T. ) ;
#2450 = PLANE ( 'NONE',  #1553 ) ;
#2451 = EDGE_CURVE ( 'NONE', #2567, #5169, #3424, .T. ) ;
#2452 = ORIENTED_EDGE ( 'NONE', *, *, #4916, .F. ) ;
#2453 = VECTOR ( 'NONE', #312, 1000.000000000000000 ) ;
#2454 = CARTESIAN_POINT ( 'NONE',  ( -10.22499999999999787, -34.11249999999999005, -15.32999999999999652 ) ) ;
#2455 = EDGE_CURVE ( 'NONE', #3985, #1485, #5160, .T. ) ;
#2456 = DIRECTION ( 'NONE',  ( -1.301268728343923962E-17, -4.461994495156348024E-30, -1.000000000000000000 ) ) ;
#2457 = DIRECTION ( 'NONE',  ( -1.000000000000000000, 0.000000000000000000, 0.000000000000000000 ) ) ;
#2458 = CARTESIAN_POINT ( 'NONE',  ( -20.95000000000000639, -34.11249999999999005, -15.32999999999999652 ) ) ;
#2459 = CARTESIAN_POINT ( 'NONE',  ( 13.40000000000000036, -0.5000000000000532907, 2.000000000000000000 ) ) ;
#2460 = ADVANCED_FACE ( 'NONE', ( #1305 ), #3048, .F. ) ;
#2461 = LINE ( 'NONE', #2163, #4106 ) ;
#2462 = CARTESIAN_POINT ( 'NONE',  ( 24.99999999999999289, -67.80000000000003979, -26.80281151192504652 ) ) ;
#2463 = EDGE_LOOP ( 'NONE', ( #4989, #851, #4610, #1930 ) ) ;
#2464 = CARTESIAN_POINT ( 'NONE',  ( 17.61999999999999744, -36.78000000000000824, -9.589999999999998082 ) ) ;
#2465 = EDGE_CURVE ( 'NONE', #4587, #2531, #5136, .T. ) ;
#2466 = ORIENTED_EDGE ( 'NONE', *, *, #3142, .F. ) ;
#2467 = DIRECTION ( 'NONE',  ( -1.000000000000000000, 2.213641848835077245E-16, -0.000000000000000000 ) ) ;
#2468 = LINE ( 'NONE', #4194, #4522 ) ;
#2469 = ORIENTED_EDGE ( 'NONE', *, *, #1149, .F. ) ;
#2470 = FACE_OUTER_BOUND ( 'NONE', #4513, .T. ) ;
#2471 = EDGE_LOOP ( 'NONE', ( #5441, #3276, #4876, #3274, #5072, #1067 ) ) ;
#2472 = DIRECTION ( 'NONE',  ( 0.000000000000000000, 0.000000000000000000, 1.000000000000000000 ) ) ;
#2473 = ORIENTED_EDGE ( 'NONE', *, *, #1749, .T. ) ;
#2474 = LINE ( 'NONE', #1160, #4033 ) ;
#2475 = CARTESIAN_POINT ( 'NONE',  ( 32.00000000000000000, 27.19999999999999218, -21.81599999999999540 ) ) ;
#2476 = ORIENTED_EDGE ( 'NONE', *, *, #1092, .F. ) ;
#2477 = ORIENTED_EDGE ( 'NONE', *, *, #4769, .T. ) ;
#2478 = DIRECTION ( 'NONE',  ( 0.000000000000000000, -1.000000000000000000, 0.000000000000000000 ) ) ;
#2479 = ORIENTED_EDGE ( 'NONE', *, *, #2168, .F. ) ;
#2480 = EDGE_CURVE ( 'NONE', #446, #4027, #2966, .T. ) ;
#2481 = DIRECTION ( 'NONE',  ( -1.000000000000000000, 0.000000000000000000, 1.301268728343923962E-17 ) ) ;
#2482 = DIRECTION ( 'NONE',  ( 1.000000000000000000, 0.000000000000000000, 0.000000000000000000 ) ) ;
#2483 = CARTESIAN_POINT ( 'NONE',  ( -32.50000000000000000, -4.950000000000006395, -17.61599999999999611 ) ) ;
#2484 = DIRECTION ( 'NONE',  ( -1.000000000000000000, 0.000000000000000000, 0.000000000000000000 ) ) ;
#2485 = LINE ( 'NONE', #827, #318 ) ;
#2486 = LINE ( 'NONE', #5490, #3408 ) ;
#2487 = DIRECTION ( 'NONE',  ( -6.736790197968183597E-17, -1.000000000000000000, 0.000000000000000000 ) ) ;
#2488 = ORIENTED_EDGE ( 'NONE', *, *, #545, .T. ) ;
#2489 = FACE_OUTER_BOUND ( 'NONE', #1613, .T. ) ;
#2490 = EDGE_CURVE ( 'NONE', #2302, #2816, #2144, .T. ) ;
#2491 = ORIENTED_EDGE ( 'NONE', *, *, #1508, .T. ) ;
#2492 = VERTEX_POINT ( 'NONE', #1784 ) ;
#2493 = DIRECTION ( 'NONE',  ( 0.000000000000000000, 1.000000000000000000, 0.000000000000000000 ) ) ;
#2494 = DIRECTION ( 'NONE',  ( 0.000000000000000000, 0.000000000000000000, -1.000000000000000000 ) ) ;
#2495 = ORIENTED_EDGE ( 'NONE', *, *, #3022, .T. ) ;
#2496 = CARTESIAN_POINT ( 'NONE',  ( -32.50000000000000000, -4.950000000000006395, -14.26600000000000179 ) ) ;
#2497 = EDGE_CURVE ( 'NONE', #4118, #661, #4746, .T. ) ;
#2498 = VERTEX_POINT ( 'NONE', #29 ) ;
#2499 = CARTESIAN_POINT ( 'NONE',  ( -24.49999999999998934, 20.19999999999998508, 0.000000000000000000 ) ) ;
#2500 = ORIENTED_EDGE ( 'NONE', *, *, #1046, .T. ) ;
#2501 = CARTESIAN_POINT ( 'NONE',  ( 16.44807661759172746, -33.45000000000001705, 2.000000000000000000 ) ) ;
#2502 = CONICAL_SURFACE ( 'NONE', #1522, 4.021022241935817476, 0.7853981633974468357 ) ;
#2503 = DIRECTION ( 'NONE',  ( -1.000000000000000000, 0.000000000000000000, 0.000000000000000000 ) ) ;
#2504 = VERTEX_POINT ( 'NONE', #1729 ) ;
#2505 = ORIENTED_EDGE ( 'NONE', *, *, #1714, .T. ) ;
#2506 = DIRECTION ( 'NONE',  ( 0.000000000000000000, -1.000000000000000000, 0.000000000000000000 ) ) ;
#2507 = EDGE_CURVE ( 'NONE', #5202, #1435, #3996, .T. ) ;
#2508 = ORIENTED_EDGE ( 'NONE', *, *, #2305, .T. ) ;
#2509 = AXIS2_PLACEMENT_3D ( 'NONE', #1975, #3337, #756 ) ;
#2510 = DIRECTION ( 'NONE',  ( 0.000000000000000000, 0.000000000000000000, -1.000000000000000000 ) ) ;
#2511 = CARTESIAN_POINT ( 'NONE',  ( 24.49999999999999645, 2.524085252113679982E-29, -23.81599999999999540 ) ) ;
#2512 = FACE_OUTER_BOUND ( 'NONE', #3588, .T. ) ;
#2513 = LINE ( 'NONE', #4973, #415 ) ;
#2514 = VECTOR ( 'NONE', #2331, 1000.000000000000000 ) ;
#2515 = VECTOR ( 'NONE', #2989, 1000.000000000000000 ) ;
#2516 = FACE_OUTER_BOUND ( 'NONE', #1429, .T. ) ;
#2517 = LINE ( 'NONE', #5043, #4463 ) ;
#2518 = DIRECTION ( 'NONE',  ( 0.000000000000000000, 0.000000000000000000, -1.000000000000000000 ) ) ;
#2519 = ADVANCED_FACE ( 'NONE', ( #629 ), #2271, .F. ) ;
#2520 = ORIENTED_EDGE ( 'NONE', *, *, #470, .F. ) ;
#2521 = CARTESIAN_POINT ( 'NONE',  ( 15.18569164678702954, -33.45000000000001705, -9.589999999999998082 ) ) ;
#2522 = VECTOR ( 'NONE', #4593, 1000.000000000000000 ) ;
#2523 = EDGE_CURVE ( 'NONE', #2858, #57, #2706, .T. ) ;
#2524 = ORIENTED_EDGE ( 'NONE', *, *, #1018, .F. ) ;
#2525 = AXIS2_PLACEMENT_3D ( 'NONE', #4314, #505, #3396 ) ;
#2526 = VERTEX_POINT ( 'NONE', #1943 ) ;
#2527 = PLANE ( 'NONE',  #1542 ) ;
#2528 = DIRECTION ( 'NONE',  ( 0.000000000000000000, -1.000000000000000000, 0.000000000000000000 ) ) ;
#2529 = DIRECTION ( 'NONE',  ( -1.000000000000000000, 0.000000000000000000, 1.301268728343947381E-17 ) ) ;
#2530 = VECTOR ( 'NONE', #2433, 1000.000000000000000 ) ;
#2531 = VERTEX_POINT ( 'NONE', #2319 ) ;
#2532 = CARTESIAN_POINT ( 'NONE',  ( -27.99999999999999289, -70.80000000000001137, -23.81599999999999540 ) ) ;
#2533 = EDGE_CURVE ( 'NONE', #4198, #1154, #1917, .T. ) ;
#2534 = ORIENTED_EDGE ( 'NONE', *, *, #659, .F. ) ;
#2535 = VECTOR ( 'NONE', #1507, 1000.000000000000000 ) ;
#2536 = ADVANCED_FACE ( 'NONE', ( #136 ), #1026, .F. ) ;
#2537 = PLANE ( 'NONE',  #3052 ) ;
#2538 = DIRECTION ( 'NONE',  ( -1.000000000000000000, 0.000000000000000000, -0.000000000000000000 ) ) ;
#2539 = VERTEX_POINT ( 'NONE', #1885 ) ;
#2540 = LINE ( 'NONE', #4728, #1836 ) ;
#2541 = ORIENTED_EDGE ( 'NONE', *, *, #62, .F. ) ;
#2542 = CARTESIAN_POINT ( 'NONE',  ( 21.49999999999999289, -40.30000000000001137, -14.68999999999999595 ) ) ;
#2543 = CIRCLE ( 'NONE', #511, 2.500000000000002220 ) ;
#2544 = CARTESIAN_POINT ( 'NONE',  ( 22.99999999999999289, -61.29999999999999716, -21.30000000000000071 ) ) ;
#2545 = DIRECTION ( 'NONE',  ( -1.000000000000000000, 6.736790197968183597E-17, 0.000000000000000000 ) ) ;
#2546 = VECTOR ( 'NONE', #2106, 1000.000000000000000 ) ;
#2547 = PLANE ( 'NONE',  #2607 ) ;
#2548 = EDGE_CURVE ( 'NONE', #636, #3849, #1864, .T. ) ;
#2549 = FACE_OUTER_BOUND ( 'NONE', #4261, .T. ) ;
#2550 = CARTESIAN_POINT ( 'NONE',  ( 32.85000000000002274, -45.70000000000000284, -19.49099999999999966 ) ) ;
#2551 = AXIS2_PLACEMENT_3D ( 'NONE', #5118, #1312, #5449 ) ;
#2552 = VERTEX_POINT ( 'NONE', #3973 ) ;
#2553 = DIRECTION ( 'NONE',  ( 0.000000000000000000, 0.000000000000000000, -1.000000000000000000 ) ) ;
#2554 = ORIENTED_EDGE ( 'NONE', *, *, #3412, .T. ) ;
#2555 = ORIENTED_EDGE ( 'NONE', *, *, #4589, .F. ) ;
#2556 = CARTESIAN_POINT ( 'NONE',  ( -96.00000000000001421, -155.2999999999999829, -19.68999999999999417 ) ) ;
#2557 = CARTESIAN_POINT ( 'NONE',  ( -32.50000000000000000, -38.65000000000000568, -14.26600000000000179 ) ) ;
#2558 = DIRECTION ( 'NONE',  ( 0.000000000000000000, -0.000000000000000000, -1.000000000000000000 ) ) ;
#2559 = EDGE_CURVE ( 'NONE', #5450, #3371, #5327, .T. ) ;
#2560 = ORIENTED_EDGE ( 'NONE', *, *, #2895, .F. ) ;
#2561 = PLANE ( 'NONE',  #380 ) ;
#2562 = ORIENTED_EDGE ( 'NONE', *, *, #374, .T. ) ;
#2563 = CARTESIAN_POINT ( 'NONE',  ( -20.95000000000000639, 0.000000000000000000, -26.69946904194603121 ) ) ;
#2564 = EDGE_LOOP ( 'NONE', ( #2786, #3569, #1383, #162 ) ) ;
#2565 = DIRECTION ( 'NONE',  ( 6.700369425960418635E-17, 1.000000000000000000, -4.463535239111857813E-30 ) ) ;
#2566 = EDGE_CURVE ( 'NONE', #2492, #2539, #4413, .T. ) ;
#2567 = VERTEX_POINT ( 'NONE', #2350 ) ;
#2568 = EDGE_CURVE ( 'NONE', #4170, #4555, #5217, .T. ) ;
#2569 = CARTESIAN_POINT ( 'NONE',  ( 24.99999999999999289, -31.29999999999999361, -40.42029184550956700 ) ) ;
#2570 = CARTESIAN_POINT ( 'NONE',  ( -23.86009485345630310, 29.70099999999998985, -21.81600000000000250 ) ) ;
#2571 = CYLINDRICAL_SURFACE ( 'NONE', #412, 2.500000000000001332 ) ;
#2572 = ORIENTED_EDGE ( 'NONE', *, *, #1248, .F. ) ;
#2573 = EDGE_CURVE ( 'NONE', #4583, #4198, #5271, .T. ) ;
#2574 = DIRECTION ( 'NONE',  ( 0.000000000000000000, 0.000000000000000000, -1.000000000000000000 ) ) ;
#2575 = CARTESIAN_POINT ( 'NONE',  ( 8.149999999999977263, -71.29999999999998295, -18.81599999999999540 ) ) ;
#2576 = DIRECTION ( 'NONE',  ( 0.000000000000000000, -0.000000000000000000, 1.000000000000000000 ) ) ;
#2577 = ORIENTED_EDGE ( 'NONE', *, *, #1493, .T. ) ;
#2578 = DIRECTION ( 'NONE',  ( 0.000000000000000000, 0.000000000000000000, -1.000000000000000000 ) ) ;
#2579 = ORIENTED_EDGE ( 'NONE', *, *, #5011, .F. ) ;
#2580 = ORIENTED_EDGE ( 'NONE', *, *, #2245, .T. ) ;
#2581 = DIRECTION ( 'NONE',  ( -0.000000000000000000, -0.000000000000000000, 1.000000000000000000 ) ) ;
#2582 = DIRECTION ( 'NONE',  ( -0.000000000000000000, -0.000000000000000000, 1.000000000000000000 ) ) ;
#2583 = EDGE_CURVE ( 'NONE', #1485, #5259, #3179, .T. ) ;
#2584 = CIRCLE ( 'NONE', #3197, 1.424999999999995826 ) ;
#2585 = ORIENTED_EDGE ( 'NONE', *, *, #285, .F. ) ;
#2586 = CARTESIAN_POINT ( 'NONE',  ( -17.77897775806426139, 10.52102224193572866, 2.000000000000000000 ) ) ;
#2587 = EDGE_LOOP ( 'NONE', ( #1642, #4873, #691, #5329, #2941, #3429 ) ) ;
#2588 = LINE ( 'NONE', #4362, #1101 ) ;
#2589 = PLANE ( 'NONE',  #5384 ) ;
#2590 = ORIENTED_EDGE ( 'NONE', *, *, #5385, .F. ) ;
#2591 = DIRECTION ( 'NONE',  ( 1.301268728343923962E-17, 4.462663340991622160E-30, 1.000000000000000000 ) ) ;
#2592 = ORIENTED_EDGE ( 'NONE', *, *, #1945, .F. ) ;
#2593 = CARTESIAN_POINT ( 'NONE',  ( 1.164839953046739249E-16, -59.47499999999998721, -19.68999999999999773 ) ) ;
#2594 = CARTESIAN_POINT ( 'NONE',  ( 23.00000000000000000, -33.30000000000001137, -19.68999999999999773 ) ) ;
#2595 = CARTESIAN_POINT ( 'NONE',  ( -22.29999999999999716, -5.900000000000066969, 0.9999999999999993339 ) ) ;
#2596 = ORIENTED_EDGE ( 'NONE', *, *, #1190, .T. ) ;
#2597 = DIRECTION ( 'NONE',  ( -0.000000000000000000, -0.000000000000000000, 1.000000000000000000 ) ) ;
#2598 = VECTOR ( 'NONE', #3275, 1000.000000000000000 ) ;
#2599 = CARTESIAN_POINT ( 'NONE',  ( 16.19500000000000028, -43.12000000000001876, -9.589999999999998082 ) ) ;
#2600 = EDGE_LOOP ( 'NONE', ( #676, #3400, #1685, #498 ) ) ;
#2601 = EDGE_CURVE ( 'NONE', #2852, #2178, #604, .T. ) ;
#2602 = AXIS2_PLACEMENT_3D ( 'NONE', #4536, #772, #1664 ) ;
#2603 = ORIENTED_EDGE ( 'NONE', *, *, #191, .F. ) ;
#2604 = LINE ( 'NONE', #3809, #4475 ) ;
#2605 = CIRCLE ( 'NONE', #5268, 1.875000000000003109 ) ;
#2606 = LINE ( 'NONE', #4308, #1991 ) ;
#2607 = AXIS2_PLACEMENT_3D ( 'NONE', #2930, #4156, #738 ) ;
#2608 = VECTOR ( 'NONE', #3082, 1000.000000000000000 ) ;
#2609 = EDGE_LOOP ( 'NONE', ( #3019, #4911, #448, #4570, #3915, #1949, #168, #1322 ) ) ;
#2610 = CARTESIAN_POINT ( 'NONE',  ( -20.95000000000000639, 4.000756211836537453E-14, -15.33000000000011553 ) ) ;
#2611 = ORIENTED_EDGE ( 'NONE', *, *, #3022, .F. ) ;
#2612 = LINE ( 'NONE', #449, #2175 ) ;
#2613 = ADVANCED_FACE ( 'NONE', ( #249 ), #5305, .T. ) ;
#2614 = DIRECTION ( 'NONE',  ( -0.000000000000000000, -0.000000000000000000, 1.000000000000000000 ) ) ;
#2615 = ORIENTED_EDGE ( 'NONE', *, *, #777, .T. ) ;
#2616 = ORIENTED_EDGE ( 'NONE', *, *, #3110, .F. ) ;
#2617 = DIRECTION ( 'NONE',  ( 0.000000000000000000, 0.000000000000000000, -1.000000000000000000 ) ) ;
#2618 = VECTOR ( 'NONE', #297, 1000.000000000000000 ) ;
#2619 = ORIENTED_EDGE ( 'NONE', *, *, #3367, .T. ) ;
#2620 = VECTOR ( 'NONE', #3626, 1000.000000000000000 ) ;
#2621 = CARTESIAN_POINT ( 'NONE',  ( 27.65000000000000213, -8.999999999999996447, -7.500000000000000000 ) ) ;
#2622 = DIRECTION ( 'NONE',  ( -0.000000000000000000, -0.000000000000000000, 1.000000000000000000 ) ) ;
#2623 = PLANE ( 'NONE',  #1475 ) ;
#2624 = ADVANCED_FACE ( 'NONE', ( #1052 ), #1547, .F. ) ;
#2625 = VECTOR ( 'NONE', #3655, 1000.000000000000000 ) ;
#2626 = CARTESIAN_POINT ( 'NONE',  ( 24.49999999999999645, 22.34999999999998366, -23.81599999999999540 ) ) ;
#2627 = CARTESIAN_POINT ( 'NONE',  ( -18.77897775806425074, 9.521022241935741093, 0.9999999999999991118 ) ) ;
#2628 = CARTESIAN_POINT ( 'NONE',  ( -5.249999999999997335, -31.29999999999999361, 0.000000000000000000 ) ) ;
#2629 = ADVANCED_FACE ( 'NONE', ( #3557 ), #4358, .F. ) ;
#2630 = CIRCLE ( 'NONE', #1393, 2.749999999999999112 ) ;
#2631 = ORIENTED_EDGE ( 'NONE', *, *, #727, .F. ) ;
#2632 = DIRECTION ( 'NONE',  ( 6.700369425960418635E-17, 1.000000000000000000, -4.463535239111857813E-30 ) ) ;
#2633 = DIRECTION ( 'NONE',  ( 0.000000000000000000, 1.000000000000000000, -3.491481338843004771E-15 ) ) ;
#2634 = EDGE_LOOP ( 'NONE', ( #1866, #2977, #903, #1414, #3808, #1582, #1735, #1227 ) ) ;
#2635 = CARTESIAN_POINT ( 'NONE',  ( 26.64999999999999858, 22.34999999999998366, -22.80000000000000071 ) ) ;
#2636 = DIRECTION ( 'NONE',  ( 0.000000000000000000, -1.000000000000000000, 0.000000000000000000 ) ) ;
#2637 = ORIENTED_EDGE ( 'NONE', *, *, #5385, .T. ) ;
#2638 = EDGE_LOOP ( 'NONE', ( #2800, #2590, #4397, #3243 ) ) ;
#2639 = FACE_OUTER_BOUND ( 'NONE', #4813, .T. ) ;
#2640 = EDGE_LOOP ( 'NONE', ( #3870, #1787, #547, #3251, #634, #2416, #5417 ) ) ;
#2641 = DIRECTION ( 'NONE',  ( 0.000000000000000000, 1.000000000000000000, 0.000000000000000000 ) ) ;
#2642 = CARTESIAN_POINT ( 'NONE',  ( -20.50000000000002132, -59.47499999999998721, -28.64157109115491551 ) ) ;
#2643 = CARTESIAN_POINT ( 'NONE',  ( 28.00000000000000000, 2.524085252113679982E-29, -23.81599999999999540 ) ) ;
#2644 = ADVANCED_FACE ( 'NONE', ( #5242 ), #1436, .T. ) ;
#2645 = ORIENTED_EDGE ( 'NONE', *, *, #5439, .T. ) ;
#2646 = ADVANCED_FACE ( 'NONE', ( #3358 ), #356, .T. ) ;
#2647 = CARTESIAN_POINT ( 'NONE',  ( -24.49999999999998934, 22.34999999999998366, -22.80000000000000071 ) ) ;
#2648 = PLANE ( 'NONE',  #3661 ) ;
#2649 = DIRECTION ( 'NONE',  ( -1.000000000000000000, 0.000000000000000000, -0.000000000000000000 ) ) ;
#2650 = CARTESIAN_POINT ( 'NONE',  ( -96.00000000000001421, -155.2999999999999829, -14.68999999999999417 ) ) ;
#2651 = VERTEX_POINT ( 'NONE', #2909 ) ;
#2652 = CARTESIAN_POINT ( 'NONE',  ( 21.90000000000000213, 8.000000000000001776, -7.500000000000000000 ) ) ;
#2653 = EDGE_CURVE ( 'NONE', #1073, #465, #4539, .T. ) ;
#2654 = CIRCLE ( 'NONE', #2050, 2.500000000000002220 ) ;
#2655 = CARTESIAN_POINT ( 'NONE',  ( 34.50000000000000000, -45.70000000000000284, -17.61599999999999255 ) ) ;
#2656 = ORIENTED_EDGE ( 'NONE', *, *, #3412, .F. ) ;
#2657 = CARTESIAN_POINT ( 'NONE',  ( 14.98338744426898472, -33.45000000000001705, 2.000000000000000000 ) ) ;
#2658 = FACE_OUTER_BOUND ( 'NONE', #1969, .T. ) ;
#2659 = EDGE_LOOP ( 'NONE', ( #4793, #797, #669, #1854, #818, #2063, #3831, #2013 ) ) ;
#2660 = ORIENTED_EDGE ( 'NONE', *, *, #3724, .F. ) ;
#2661 = CARTESIAN_POINT ( 'NONE',  ( 32.85000000000002984, 2.299999999999994937, -15.74099999999999433 ) ) ;
#2662 = VECTOR ( 'NONE', #3202, 1000.000000000000000 ) ;
#2663 = EDGE_LOOP ( 'NONE', ( #2085, #3140, #3107, #3345 ) ) ;
#2664 = PLANE ( 'NONE',  #3926 ) ;
#2665 = LINE ( 'NONE', #5229, #2084 ) ;
#2666 = DIRECTION ( 'NONE',  ( 0.000000000000000000, -0.000000000000000000, -1.000000000000000000 ) ) ;
#2667 = FACE_OUTER_BOUND ( 'NONE', #686, .T. ) ;
#2668 = VERTEX_POINT ( 'NONE', #3237 ) ;
#2669 = PLANE ( 'NONE',  #247 ) ;
#2670 = CARTESIAN_POINT ( 'NONE',  ( -30.45000000000000284, -10.49999999999999467, -7.500000000000000000 ) ) ;
#2671 = CARTESIAN_POINT ( 'NONE',  ( 27.19669914110088627, -45.70000000000000284, -17.61599999999999255 ) ) ;
#2672 = CARTESIAN_POINT ( 'NONE',  ( -96.00000000000000000, -33.29999999999999716, -19.68999999999999417 ) ) ;
#2673 = VECTOR ( 'NONE', #431, 1000.000000000000000 ) ;
#2674 = EDGE_CURVE ( 'NONE', #3395, #117, #4076, .T. ) ;
#2675 = ORIENTED_EDGE ( 'NONE', *, *, #4155, .F. ) ;
#2676 = DIRECTION ( 'NONE',  ( 1.000000000000000000, 0.000000000000000000, -1.301268728343923962E-17 ) ) ;
#2677 = VECTOR ( 'NONE', #3262, 1000.000000000000000 ) ;
#2678 =( BOUNDED_CURVE ( )  B_SPLINE_CURVE ( 3, ( #832, #2521, #5207, #1402 ),
 .UNSPECIFIED., .F., .T. ) 
 B_SPLINE_CURVE_WITH_KNOTS ( ( 4, 4 ),
 ( 1.570796326794896558, 3.141592653589793116 ),
 .UNSPECIFIED. ) 
 CURVE ( )  GEOMETRIC_REPRESENTATION_ITEM ( )  RATIONAL_B_SPLINE_CURVE ( ( 1.000000000000000000, 0.8047378541243649375, 0.8047378541243649375, 1.000000000000000000 ) ) 
 REPRESENTATION_ITEM ( '' )  );
#2679 = VECTOR ( 'NONE', #393, 1000.000000000000000 ) ;
#2680 = CARTESIAN_POINT ( 'NONE',  ( 21.49999999999999645, -71.29999999999999716, -21.30000000000000071 ) ) ;
#2681 = ORIENTED_EDGE ( 'NONE', *, *, #1083, .T. ) ;
#2682 = CARTESIAN_POINT ( 'NONE',  ( 16.65038082010976694, -46.45000000000000995, -9.589999999999998082 ) ) ;
#2683 = DIRECTION ( 'NONE',  ( -0.000000000000000000, -1.000000000000000000, -0.000000000000000000 ) ) ;
#2684 = ORIENTED_EDGE ( 'NONE', *, *, #3783, .F. ) ;
#2685 = VERTEX_POINT ( 'NONE', #4925 ) ;
#2686 = CARTESIAN_POINT ( 'NONE',  ( 32.00000000000000000, -70.79999999999999716, 2.000000000000000000 ) ) ;
#2687 = VECTOR ( 'NONE', #2529, 1000.000000000000000 ) ;
#2688 = AXIS2_PLACEMENT_3D ( 'NONE', #1390, #1362, #3055 ) ;
#2689 = ORIENTED_EDGE ( 'NONE', *, *, #4926, .F. ) ;
#2690 = DIRECTION ( 'NONE',  ( -0.000000000000000000, -1.000000000000000000, 4.461994495156348024E-30 ) ) ;
#2691 = DIRECTION ( 'NONE',  ( -1.000000000000000000, 0.000000000000000000, 1.301268728343923962E-17 ) ) ;
#2692 = CYLINDRICAL_SURFACE ( 'NONE', #1563, 1.875000000000003331 ) ;
#2693 = VERTEX_POINT ( 'NONE', #2055 ) ;
#2694 = DIRECTION ( 'NONE',  ( 1.000000000000000000, -0.000000000000000000, 0.000000000000000000 ) ) ;
#2695 = ORIENTED_EDGE ( 'NONE', *, *, #215, .F. ) ;
#2696 = AXIS2_PLACEMENT_3D ( 'NONE', #1427, #860, #2553 ) ;
#2697 = CARTESIAN_POINT ( 'NONE',  ( -24.00000000000002132, -70.80000000000001137, -22.79999999999999716 ) ) ;
#2698 = DIRECTION ( 'NONE',  ( 0.000000000000000000, -0.000000000000000000, -1.000000000000000000 ) ) ;
#2699 = PLANE ( 'NONE',  #677 ) ;
#2700 = DIRECTION ( 'NONE',  ( 1.000000000000000000, -2.621975959147427135E-15, 0.000000000000000000 ) ) ;
#2701 = VECTOR ( 'NONE', #893, 1000.000000000000000 ) ;
#2702 = ORIENTED_EDGE ( 'NONE', *, *, #4328, .F. ) ;
#2703 = EDGE_CURVE ( 'NONE', #4060, #5398, #4514, .T. ) ;
#2704 = CIRCLE ( 'NONE', #2986, 3.524999999999999023 ) ;
#2705 = VERTEX_POINT ( 'NONE', #4189 ) ;
#2706 = LINE ( 'NONE', #2732, #1461 ) ;
#2707 = AXIS2_PLACEMENT_3D ( 'NONE', #2475, #341, #4937 ) ;
#2708 = EDGE_CURVE ( 'NONE', #3252, #4678, #4102, .T. ) ;
#2709 = CARTESIAN_POINT ( 'NONE',  ( -24.00000000000002132, -70.30000000000001137, 0.000000000000000000 ) ) ;
#2710 = VERTEX_POINT ( 'NONE', #5433 ) ;
#2711 = DIRECTION ( 'NONE',  ( 0.000000000000000000, 4.461994495156348024E-30, 1.000000000000000000 ) ) ;
#2712 = CARTESIAN_POINT ( 'NONE',  ( -25.82102224193585016, 2.478977758064129233, 2.000000000000000000 ) ) ;
#2713 = ORIENTED_EDGE ( 'NONE', *, *, #2674, .T. ) ;
#2714 = DIRECTION ( 'NONE',  ( 0.000000000000000000, -1.000000000000000000, 0.000000000000000000 ) ) ;
#2715 = ADVANCED_FACE ( 'NONE', ( #2489 ), #330, .T. ) ;
#2716 = ORIENTED_EDGE ( 'NONE', *, *, #729, .F. ) ;
#2717 = ORIENTED_EDGE ( 'NONE', *, *, #2021, .F. ) ;
#2718 = FACE_OUTER_BOUND ( 'NONE', #1091, .T. ) ;
#2719 = ORIENTED_EDGE ( 'NONE', *, *, #4710, .T. ) ;
#2720 = DIRECTION ( 'NONE',  ( 2.213641848835077245E-16, 1.000000000000000000, 0.000000000000000000 ) ) ;
#2721 = DIRECTION ( 'NONE',  ( -0.000000000000000000, -1.000000000000000000, -0.000000000000000000 ) ) ;
#2722 = ORIENTED_EDGE ( 'NONE', *, *, #2523, .T. ) ;
#2723 = LINE ( 'NONE', #5257, #2268 ) ;
#2724 = EDGE_CURVE ( 'NONE', #5202, #5161, #2026, .T. ) ;
#2725 = VERTEX_POINT ( 'NONE', #1604 ) ;
#2726 = CARTESIAN_POINT ( 'NONE',  ( -24.00000000000002132, 1.798687484571975470E-29, -21.81599999999999540 ) ) ;
#2727 = LINE ( 'NONE', #432, #2522 ) ;
#2728 = DIRECTION ( 'NONE',  ( -0.000000000000000000, -1.000000000000000000, 4.461994495156348024E-30 ) ) ;
#2729 = DIRECTION ( 'NONE',  ( -2.309116107789427495E-16, -1.000000000000000000, 0.000000000000000000 ) ) ;
#2730 = EDGE_CURVE ( 'NONE', #2776, #3757, #3326, .T. ) ;
#2731 = ORIENTED_EDGE ( 'NONE', *, *, #62, .T. ) ;
#2732 = CARTESIAN_POINT ( 'NONE',  ( 24.99999999999999289, -47.95000000000000995, -40.42029184550956700 ) ) ;
#2733 = EDGE_CURVE ( 'NONE', #1916, #4931, #710, .T. ) ;
#2734 = LINE ( 'NONE', #3999, #3305 ) ;
#2735 = ORIENTED_EDGE ( 'NONE', *, *, #1913, .T. ) ;
#2736 = CARTESIAN_POINT ( 'NONE',  ( 32.00000000000000000, 29.69999999999998863, 2.000000000000000000 ) ) ;
#2737 = CARTESIAN_POINT ( 'NONE',  ( -12.86009485345630310, 29.70099999999998985, -9.907999999999999474 ) ) ;
#2738 = ORIENTED_EDGE ( 'NONE', *, *, #4077, .F. ) ;
#2739 = LINE ( 'NONE', #2764, #5095 ) ;
#2740 = VERTEX_POINT ( 'NONE', #2843 ) ;
#2741 = LINE ( 'NONE', #3190, #1354 ) ;
#2742 = EDGE_CURVE ( 'NONE', #3365, #4060, #1743, .T. ) ;
#2743 = DIRECTION ( 'NONE',  ( 0.000000000000000000, 1.000000000000000000, -4.461994495156348024E-30 ) ) ;
#2744 = LINE ( 'NONE', #4834, #1757 ) ;
#2745 = EDGE_LOOP ( 'NONE', ( #5018, #2936, #3372, #3620 ) ) ;
#2746 = FACE_OUTER_BOUND ( 'NONE', #4306, .T. ) ;
#2747 = ORIENTED_EDGE ( 'NONE', *, *, #4447, .T. ) ;
#2748 = CARTESIAN_POINT ( 'NONE',  ( 14.15000000000000391, -1.888179783467041201E-15, -9.589999999999998082 ) ) ;
#2749 = EDGE_CURVE ( 'NONE', #2816, #2054, #2347, .T. ) ;
#2750 = DIRECTION ( 'NONE',  ( -1.000000000000000000, 0.000000000000000000, -0.000000000000000000 ) ) ;
#2751 = LINE ( 'NONE', #4457, #3070 ) ;
#2752 = CARTESIAN_POINT ( 'NONE',  ( -24.00000000000001066, 5.541878658694628749E-15, 0.000000000000000000 ) ) ;
#2753 = EDGE_CURVE ( 'NONE', #2832, #1963, #936, .T. ) ;
#2754 = ADVANCED_FACE ( 'NONE', ( #4571 ), #5354, .F. ) ;
#2755 = ORIENTED_EDGE ( 'NONE', *, *, #5067, .T. ) ;
#2756 = DIRECTION ( 'NONE',  ( -0.000000000000000000, 0.000000000000000000, 1.000000000000000000 ) ) ;
#2757 = CONICAL_SURFACE ( 'NONE', #1808, 11.27102224193582636, 0.7853981633974387311 ) ;
#2758 = EDGE_CURVE ( 'NONE', #4219, #581, #5457, .T. ) ;
#2759 = ORIENTED_EDGE ( 'NONE', *, *, #942, .T. ) ;
#2760 = DIRECTION ( 'NONE',  ( 0.000000000000000000, -1.000000000000000000, 0.000000000000000000 ) ) ;
#2761 = CIRCLE ( 'NONE', #3492, 1.875000000000001776 ) ;
#2762 = DIRECTION ( 'NONE',  ( 2.915769176362275808E-15, -1.000000000000000000, 0.000000000000000000 ) ) ;
#2763 = ORIENTED_EDGE ( 'NONE', *, *, #1837, .F. ) ;
#2764 = CARTESIAN_POINT ( 'NONE',  ( -21.28598517204280682, 7.014014827957185005, -1.507007413978592503 ) ) ;
#2765 = ORIENTED_EDGE ( 'NONE', *, *, #4295, .F. ) ;
#2766 = VECTOR ( 'NONE', #51, 1000.000000000000000 ) ;
#2767 = ORIENTED_EDGE ( 'NONE', *, *, #1534, .F. ) ;
#2768 = EDGE_CURVE ( 'NONE', #3328, #1073, #1213, .T. ) ;
#2769 = PLANE ( 'NONE',  #1974 ) ;
#2770 = CARTESIAN_POINT ( 'NONE',  ( 21.49999999999999289, -34.79999999999999716, -18.68999999999999417 ) ) ;
#2771 = DIRECTION ( 'NONE',  ( 0.000000000000000000, -1.000000000000000000, 4.461994495156348024E-30 ) ) ;
#2772 = ORIENTED_EDGE ( 'NONE', *, *, #2312, .T. ) ;
#2773 = DIRECTION ( 'NONE',  ( -0.000000000000000000, -0.000000000000000000, 1.000000000000000000 ) ) ;
#2774 = AXIS2_PLACEMENT_3D ( 'NONE', #1040, #3642, #203 ) ;
#2775 = ADVANCED_FACE ( 'NONE', ( #4489, #2377, #2817, #1964, #3657, #4373 ), #3832, .T. ) ;
#2776 = VERTEX_POINT ( 'NONE', #438 ) ;
#2777 = VECTOR ( 'NONE', #3458, 1000.000000000000000 ) ;
#2778 = EDGE_CURVE ( 'NONE', #3025, #1054, #3861, .T. ) ;
#2779 = LINE ( 'NONE', #4482, #2850 ) ;
#2780 = FACE_OUTER_BOUND ( 'NONE', #4835, .T. ) ;
#2781 = CARTESIAN_POINT ( 'NONE',  ( 19.60499999999999687, 2.275617192529737268E-29, -9.589999999999998082 ) ) ;
#2782 = LINE ( 'NONE', #2672, #3111 ) ;
#2783 = VECTOR ( 'NONE', #1332, 1000.000000000000000 ) ;
#2784 = EDGE_CURVE ( 'NONE', #1830, #915, #5103, .T. ) ;
#2785 = AXIS2_PLACEMENT_3D ( 'NONE', #3548, #409, #5232 ) ;
#2786 = ORIENTED_EDGE ( 'NONE', *, *, #2834, .F. ) ;
#2787 = DIRECTION ( 'NONE',  ( -1.000000000000000000, 0.000000000000000000, 0.000000000000000000 ) ) ;
#2788 = EDGE_CURVE ( 'NONE', #5161, #2279, #2261, .T. ) ;
#2789 = ADVANCED_FACE ( 'NONE', ( #1724 ), #5493, .F. ) ;
#2790 = AXIS2_PLACEMENT_3D ( 'NONE', #3447, #2111, #2164 ) ;
#2791 = EDGE_LOOP ( 'NONE', ( #12, #2224, #814, #753 ) ) ;
#2792 = CARTESIAN_POINT ( 'NONE',  ( -20.50000000000002132, -59.47499999999998721, -19.68999999999999773 ) ) ;
#2793 = DIRECTION ( 'NONE',  ( 0.000000000000000000, 0.000000000000000000, -1.000000000000000000 ) ) ;
#2794 = ORIENTED_EDGE ( 'NONE', *, *, #4043, .T. ) ;
#2795 = LINE ( 'NONE', #585, #497 ) ;
#2796 = EDGE_CURVE ( 'NONE', #3659, #3472, #1877, .T. ) ;
#2797 = ORIENTED_EDGE ( 'NONE', *, *, #683, .T. ) ;
#2798 = LINE ( 'NONE', #3167, #2514 ) ;
#2799 = VECTOR ( 'NONE', #3278, 1000.000000000000000 ) ;
#2800 = ORIENTED_EDGE ( 'NONE', *, *, #496, .F. ) ;
#2801 = LINE ( 'NONE', #640, #4992 ) ;
#2802 = CARTESIAN_POINT ( 'NONE',  ( -96.00000000000001421, -155.2999999999999829, -19.68999999999999417 ) ) ;
#2803 = VERTEX_POINT ( 'NONE', #3117 ) ;
#2804 = ORIENTED_EDGE ( 'NONE', *, *, #5123, .T. ) ;
#2805 = FACE_OUTER_BOUND ( 'NONE', #1281, .T. ) ;
#2806 = EDGE_CURVE ( 'NONE', #364, #2740, #153, .T. ) ;
#2807 = AXIS2_PLACEMENT_3D ( 'NONE', #3770, #4948, #2487 ) ;
#2808 = EDGE_LOOP ( 'NONE', ( #507, #4801, #4726, #5343 ) ) ;
#2809 = DIRECTION ( 'NONE',  ( -0.000000000000000000, -0.000000000000000000, 1.000000000000000000 ) ) ;
#2810 = DIRECTION ( 'NONE',  ( -1.000000000000000000, 0.000000000000000000, 1.301268728343923962E-17 ) ) ;
#2811 = LINE ( 'NONE', #4072, #501 ) ;
#2812 = ADVANCED_FACE ( 'NONE', ( #4690 ), #3959, .F. ) ;
#2813 = DIRECTION ( 'NONE',  ( -0.000000000000000000, 0.000000000000000000, -1.000000000000000000 ) ) ;
#2814 = FACE_BOUND ( 'NONE', #3743, .T. ) ;
#2815 = EDGE_CURVE ( 'NONE', #2054, #4188, #3518, .T. ) ;
#2816 = VERTEX_POINT ( 'NONE', #1299 ) ;
#2817 = FACE_BOUND ( 'NONE', #1957, .T. ) ;
#2818 = EDGE_LOOP ( 'NONE', ( #3047, #3541, #504, #3690 ) ) ;
#2819 = LINE ( 'NONE', #1640, #4386 ) ;
#2820 = DIRECTION ( 'NONE',  ( -1.139978492981533201E-13, -1.000000000000000000, 0.000000000000000000 ) ) ;
#2821 = ORIENTED_EDGE ( 'NONE', *, *, #2425, .T. ) ;
#2822 = CARTESIAN_POINT ( 'NONE',  ( 27.64999999999998792, 8.000000000000001776, 0.000000000000000000 ) ) ;
#2823 = CARTESIAN_POINT ( 'NONE',  ( 5.208733445923128736E-17, 22.34999999999998366, -22.79999999999999716 ) ) ;
#2824 = EDGE_CURVE ( 'NONE', #5037, #4762, #2166, .T. ) ;
#2825 = ORIENTED_EDGE ( 'NONE', *, *, #3710, .F. ) ;
#2826 = EDGE_CURVE ( 'NONE', #1129, #4173, #2678, .T. ) ;
#2827 = DIRECTION ( 'NONE',  ( 1.000000000000000000, 0.000000000000000000, 0.000000000000000000 ) ) ;
#2828 = LINE ( 'NONE', #1161, #5119 ) ;
#2829 = ORIENTED_EDGE ( 'NONE', *, *, #1803, .T. ) ;
#2830 = ORIENTED_EDGE ( 'NONE', *, *, #1989, .F. ) ;
#2831 = CARTESIAN_POINT ( 'NONE',  ( -5.249999999999993783, 6.587557503710088327E-16, -21.30000000000000071 ) ) ;
#2832 = VERTEX_POINT ( 'NONE', #54 ) ;
#2833 = CARTESIAN_POINT ( 'NONE',  ( 28.00000000000000000, -70.80000000000001137, -23.81599999999999540 ) ) ;
#2834 = EDGE_CURVE ( 'NONE', #554, #1373, #2288, .T. ) ;
#2835 = LINE ( 'NONE', #4455, #4377 ) ;
#2836 = LINE ( 'NONE', #5347, #1925 ) ;
#2837 = CARTESIAN_POINT ( 'NONE',  ( 13.40000000000000036, -0.5000000000000532907, 0.9999999999999956701 ) ) ;
#2838 = AXIS2_PLACEMENT_3D ( 'NONE', #2650, #966, #359 ) ;
#2839 = EDGE_CURVE ( 'NONE', #3705, #5318, #4045, .T. ) ;
#2840 = CARTESIAN_POINT ( 'NONE',  ( -20.95000000000000639, -34.11249999999999005, 0.000000000000000000 ) ) ;
#2841 = CARTESIAN_POINT ( 'NONE',  ( -22.00000000000000711, -33.29999999999999716, -21.30000000000000071 ) ) ;
#2842 = ORIENTED_EDGE ( 'NONE', *, *, #1697, .T. ) ;
#2843 = CARTESIAN_POINT ( 'NONE',  ( -12.86009485345630310, -73.29999999999999716, -9.907999999999999474 ) ) ;
#2844 = ADVANCED_FACE ( 'NONE', ( #2667 ), #4220, .F. ) ;
#2845 = ORIENTED_EDGE ( 'NONE', *, *, #4849, .F. ) ;
#2846 = CARTESIAN_POINT ( 'NONE',  ( 22.99999999999999289, -68.30000000000001137, -32.67675810589293661 ) ) ;
#2847 = CARTESIAN_POINT ( 'NONE',  ( 21.65000000000000568, -43.95000000000000995, -9.589999999999998082 ) ) ;
#2848 = EDGE_LOOP ( 'NONE', ( #3904, #2505, #701, #4693, #5469, #86 ) ) ;
#2849 = CARTESIAN_POINT ( 'NONE',  ( 18.18000000000000327, -36.78000000000000824, -9.589999999999998082 ) ) ;
#2850 = VECTOR ( 'NONE', #1047, 1000.000000000000000 ) ;
#2851 = EDGE_LOOP ( 'NONE', ( #4174, #135, #4365, #3538 ) ) ;
#2852 = VERTEX_POINT ( 'NONE', #2114 ) ;
#2853 = VECTOR ( 'NONE', #3455, 1000.000000000000000 ) ;
#2854 = DIRECTION ( 'NONE',  ( -0.000000000000000000, -0.000000000000000000, 1.000000000000000000 ) ) ;
#2855 = EDGE_LOOP ( 'NONE', ( #1531, #2611, #3040, #2093 ) ) ;
#2856 = CARTESIAN_POINT ( 'NONE',  ( -30.44999999999999929, 9.500000000000001776, -7.500000000000000000 ) ) ;
#2857 = CARTESIAN_POINT ( 'NONE',  ( 32.85000000000002274, -45.70000000000000284, -17.61599999999999255 ) ) ;
#2858 = VERTEX_POINT ( 'NONE', #3384 ) ;
#2859 = ORIENTED_EDGE ( 'NONE', *, *, #557, .T. ) ;
#2860 = FACE_OUTER_BOUND ( 'NONE', #1114, .T. ) ;
#2861 = VECTOR ( 'NONE', #353, 1000.000000000000000 ) ;
#2862 = ADVANCED_FACE ( 'NONE', ( #5073 ), #4659, .F. ) ;
#2863 = ORIENTED_EDGE ( 'NONE', *, *, #1686, .T. ) ;
#2864 = DIRECTION ( 'NONE',  ( 0.9998476951563912696, -1.334199437837764521E-16, 0.01745240643728355329 ) ) ;
#2865 = VECTOR ( 'NONE', #1658, 1000.000000000000000 ) ;
#2866 = LINE ( 'NONE', #2983, #3763 ) ;
#2867 = CYLINDRICAL_SURFACE ( 'NONE', #3341, 2.500000000000001332 ) ;
#2868 = LINE ( 'NONE', #768, #778 ) ;
#2869 = VECTOR ( 'NONE', #3950, 1000.000000000000000 ) ;
#2870 = VECTOR ( 'NONE', #3660, 1000.000000000000000 ) ;
#2871 = CARTESIAN_POINT ( 'NONE',  ( -32.50000000000000000, -4.950000000000006395, -17.61599999999999611 ) ) ;
#2872 = LINE ( 'NONE', #4217, #3760 ) ;
#2873 = FACE_BOUND ( 'NONE', #950, .T. ) ;
#2874 = ORIENTED_EDGE ( 'NONE', *, *, #4034, .T. ) ;
#2875 = DIRECTION ( 'NONE',  ( -1.000000000000000000, 0.000000000000000000, 0.000000000000000000 ) ) ;
#2876 = VECTOR ( 'NONE', #2676, 1000.000000000000000 ) ;
#2877 = EDGE_CURVE ( 'NONE', #3075, #1485, #2140, .T. ) ;
#2878 = AXIS2_PLACEMENT_3D ( 'NONE', #1484, #3171, #4864 ) ;
#2879 = ORIENTED_EDGE ( 'NONE', *, *, #3475, .T. ) ;
#2880 = LINE ( 'NONE', #3267, #3951 ) ;
#2881 = CARTESIAN_POINT ( 'NONE',  ( 24.99999999999999289, -47.95000000000000995, -14.68999999999999417 ) ) ;
#2882 = VERTEX_POINT ( 'NONE', #674 ) ;
#2883 = DIRECTION ( 'NONE',  ( 0.000000000000000000, 0.000000000000000000, -1.000000000000000000 ) ) ;
#2884 = CIRCLE ( 'NONE', #44, 2.750000000000009326 ) ;
#2885 = ADVANCED_FACE ( 'NONE', ( #2746 ), #3146, .F. ) ;
#2886 = CARTESIAN_POINT ( 'NONE',  ( -10.24999999999999822, 0.000000000000000000, 0.000000000000000000 ) ) ;
#2887 = ORIENTED_EDGE ( 'NONE', *, *, #602, .T. ) ;
#2888 = CARTESIAN_POINT ( 'NONE',  ( 18.18000000000000327, -44.54500000000001592, -9.589999999999998082 ) ) ;
#2889 = DIRECTION ( 'NONE',  ( -2.824994973600914627E-15, -1.000000000000000000, 0.000000000000000000 ) ) ;
#2890 = CIRCLE ( 'NONE', #1386, 3.021022241935820141 ) ;
#2891 = ORIENTED_EDGE ( 'NONE', *, *, #3526, .T. ) ;
#2892 = ORIENTED_EDGE ( 'NONE', *, *, #1468, .T. ) ;
#2893 = EDGE_CURVE ( 'NONE', #4551, #2987, #4452, .T. ) ;
#2894 = LINE ( 'NONE', #819, #5009 ) ;
#2895 = EDGE_CURVE ( 'NONE', #2705, #3931, #3776, .T. ) ;
#2896 = VERTEX_POINT ( 'NONE', #1043 ) ;
#2897 = AXIS2_PLACEMENT_3D ( 'NONE', #4794, #3587, #115 ) ;
#2898 = DIRECTION ( 'NONE',  ( 1.000000000000000000, -6.700369425960418635E-17, -1.301268728343923962E-17 ) ) ;
#2899 = LINE ( 'NONE', #3348, #1453 ) ;
#2900 = CARTESIAN_POINT ( 'NONE',  ( 0.000000000000000000, -44.54500000000001592, -14.68999999999999595 ) ) ;
#2901 = DIRECTION ( 'NONE',  ( 1.000000000000000000, 0.000000000000000000, 0.000000000000000000 ) ) ;
#2902 = VECTOR ( 'NONE', #4408, 1000.000000000000000 ) ;
#2903 = ORIENTED_EDGE ( 'NONE', *, *, #3939, .F. ) ;
#2904 = DIRECTION ( 'NONE',  ( -1.000000000000000000, 0.000000000000000000, 0.000000000000000000 ) ) ;
#2905 = CARTESIAN_POINT ( 'NONE',  ( -10.24999999999999822, -31.29999999999999361, -21.30000000000000071 ) ) ;
#2906 = DIRECTION ( 'NONE',  ( -0.000000000000000000, -0.000000000000000000, 1.000000000000000000 ) ) ;
#2907 = EDGE_CURVE ( 'NONE', #3280, #3027, #4479, .T. ) ;
#2908 = ORIENTED_EDGE ( 'NONE', *, *, #3024, .F. ) ;
#2909 = CARTESIAN_POINT ( 'NONE',  ( -10.24999999999999822, -34.11249999999999005, 0.000000000000000000 ) ) ;
#2910 = ADVANCED_FACE ( 'NONE', ( #2367 ), #4068, .T. ) ;
#2911 = ORIENTED_EDGE ( 'NONE', *, *, #3943, .T. ) ;
#2912 = ORIENTED_EDGE ( 'NONE', *, *, #948, .T. ) ;
#2913 = LINE ( 'NONE', #2938, #1370 ) ;
#2914 = CARTESIAN_POINT ( 'NONE',  ( 24.99999999999999289, -67.80000000000003979, -21.30000000000000071 ) ) ;
#2915 = ORIENTED_EDGE ( 'NONE', *, *, #1734, .F. ) ;
#2916 = CARTESIAN_POINT ( 'NONE',  ( -33.89583333333333570, -4.950000000000005507, -17.61599999999999611 ) ) ;
#2917 = DIRECTION ( 'NONE',  ( -1.301268728343924116E-17, 0.000000000000000000, -1.000000000000000000 ) ) ;
#2918 = ORIENTED_EDGE ( 'NONE', *, *, #401, .F. ) ;
#2919 = CARTESIAN_POINT ( 'NONE',  ( 32.50000000000000711, 27.69999999999998863, 0.000000000000000000 ) ) ;
#2920 = CARTESIAN_POINT ( 'NONE',  ( -12.86009485345630310, -71.29999999999999716, -9.907999999999999474 ) ) ;
#2921 = ORIENTED_EDGE ( 'NONE', *, *, #1903, .F. ) ;
#2922 = DIRECTION ( 'NONE',  ( 0.000000000000000000, 1.000000000000000000, 0.000000000000000000 ) ) ;
#2923 = ORIENTED_EDGE ( 'NONE', *, *, #1938, .F. ) ;
#2924 = DIRECTION ( 'NONE',  ( -0.000000000000000000, 0.000000000000000000, 1.000000000000000000 ) ) ;
#2925 = LINE ( 'NONE', #402, #5091 ) ;
#2926 = EDGE_CURVE ( 'NONE', #1580, #2369, #1138, .T. ) ;
#2927 = LINE ( 'NONE', #4734, #3881 ) ;
#2928 = LINE ( 'NONE', #323, #1606 ) ;
#2929 = EDGE_CURVE ( 'NONE', #802, #1156, #5319, .T. ) ;
#2930 = CARTESIAN_POINT ( 'NONE',  ( -28.49999999999997158, -2.471980953266947585E-14, -29.47285424949237864 ) ) ;
#2931 = LINE ( 'NONE', #4624, #1005 ) ;
#2932 = CARTESIAN_POINT ( 'NONE',  ( -11.86009485345630310, -71.29999999999996874, -21.81600000000000250 ) ) ;
#2933 = ORIENTED_EDGE ( 'NONE', *, *, #557, .F. ) ;
#2934 = CARTESIAN_POINT ( 'NONE',  ( 0.000000000000000000, 0.000000000000000000, 0.000000000000000000 ) ) ;
#2935 = CIRCLE ( 'NONE', #1514, 3.524999999999999023 ) ;
#2936 = ORIENTED_EDGE ( 'NONE', *, *, #267, .T. ) ;
#2937 = ORIENTED_EDGE ( 'NONE', *, *, #1007, .F. ) ;
#2938 = CARTESIAN_POINT ( 'NONE',  ( 28.49999999999999645, 24.19999999999998508, -29.47285424949237864 ) ) ;
#2939 = DIRECTION ( 'NONE',  ( -1.000000000000000000, 6.736790197968183597E-17, 0.000000000000000000 ) ) ;
#2940 = LINE ( 'NONE', #4544, #1015 ) ;
#2941 = ORIENTED_EDGE ( 'NONE', *, *, #769, .T. ) ;
#2942 = VERTEX_POINT ( 'NONE', #4912 ) ;
#2943 = FACE_BOUND ( 'NONE', #725, .T. ) ;
#2944 = ORIENTED_EDGE ( 'NONE', *, *, #2895, .T. ) ;
#2945 = PLANE ( 'NONE',  #1825 ) ;
#2946 = VECTOR ( 'NONE', #1746, 1000.000000000000000 ) ;
#2947 = LINE ( 'NONE', #506, #3072 ) ;
#2948 = ORIENTED_EDGE ( 'NONE', *, *, #2425, .F. ) ;
#2949 = DIRECTION ( 'NONE',  ( -1.000000000000000000, 7.767418549149888602E-17, 0.000000000000000000 ) ) ;
#2950 = ORIENTED_EDGE ( 'NONE', *, *, #884, .T. ) ;
#2951 = FACE_OUTER_BOUND ( 'NONE', #2471, .T. ) ;
#2952 = LINE ( 'NONE', #2133, #481 ) ;
#2953 = CARTESIAN_POINT ( 'NONE',  ( -26.32102224193581463, -5.900000000000066080, 2.000000000000000000 ) ) ;
#2954 = VECTOR ( 'NONE', #4918, 1000.000000000000000 ) ;
#2955 = EDGE_CURVE ( 'NONE', #760, #367, #1115, .T. ) ;
#2956 = VECTOR ( 'NONE', #4089, 1000.000000000000000 ) ;
#2957 = LINE ( 'NONE', #2988, #3051 ) ;
#2958 = CARTESIAN_POINT ( 'NONE',  ( -22.00000000000002132, 0.000000000000000000, -32.67675810589293661 ) ) ;
#2959 = DIRECTION ( 'NONE',  ( -0.000000000000000000, -0.000000000000000000, 1.000000000000000000 ) ) ;
#2960 = VERTEX_POINT ( 'NONE', #4093 ) ;
#2961 = DIRECTION ( 'NONE',  ( 0.000000000000000000, 0.000000000000000000, -1.000000000000000000 ) ) ;
#2962 = AXIS2_PLACEMENT_3D ( 'NONE', #836, #1549, #3778 ) ;
#2963 = EDGE_LOOP ( 'NONE', ( #67, #575, #4881, #106, #336, #1673 ) ) ;
#2964 = VECTOR ( 'NONE', #3837, 1000.000000000000000 ) ;
#2965 = VERTEX_POINT ( 'NONE', #4886 ) ;
#2966 = LINE ( 'NONE', #5079, #5365 ) ;
#2967 = DIRECTION ( 'NONE',  ( 0.000000000000000000, -0.000000000000000000, -1.000000000000000000 ) ) ;
#2968 = PLANE ( 'NONE',  #218 ) ;
#2969 = ADVANCED_FACE ( 'NONE', ( #2805 ), #1934, .T. ) ;
#2970 = VECTOR ( 'NONE', #509, 1000.000000000000000 ) ;
#2971 = ORIENTED_EDGE ( 'NONE', *, *, #4214, .F. ) ;
#2972 = LINE ( 'NONE', #1360, #3658 ) ;
#2973 = ORIENTED_EDGE ( 'NONE', *, *, #3203, .T. ) ;
#2974 = CIRCLE ( 'NONE', #4915, 1.424999999999995826 ) ;
#2975 = CARTESIAN_POINT ( 'NONE',  ( 28.00000000000000000, -71.29999999999999716, -25.84712887414924154 ) ) ;
#2976 = DIRECTION ( 'NONE',  ( -1.000000000000000000, 0.000000000000000000, 0.000000000000000000 ) ) ;
#2977 = ORIENTED_EDGE ( 'NONE', *, *, #3288, .T. ) ;
#2978 = EDGE_LOOP ( 'NONE', ( #3078, #3637, #2722, #4003 ) ) ;
#2979 = CARTESIAN_POINT ( 'NONE',  ( 32.00000000000000000, -73.29999999999999716, 2.000000000000000000 ) ) ;
#2980 = ORIENTED_EDGE ( 'NONE', *, *, #4305, .T. ) ;
#2981 = DIRECTION ( 'NONE',  ( 0.000000000000000000, -1.000000000000000000, 4.461994495156348024E-30 ) ) ;
#2982 = AXIS2_PLACEMENT_3D ( 'NONE', #1852, #641, #176 ) ;
#2983 = CARTESIAN_POINT ( 'NONE',  ( 28.49999999999999645, 20.19999999999998508, -29.47285424949237864 ) ) ;
#2984 = CARTESIAN_POINT ( 'NONE',  ( 34.50000000000000711, 2.299999999999994937, -14.09099999999999575 ) ) ;
#2985 = EDGE_CURVE ( 'NONE', #57, #3634, #702, .T. ) ;
#2986 = AXIS2_PLACEMENT_3D ( 'NONE', #855, #2545, #3798 ) ;
#2987 = VERTEX_POINT ( 'NONE', #1982 ) ;
#2988 = CARTESIAN_POINT ( 'NONE',  ( -11.86009485345630310, 29.70099999999998985, -21.81600000000000250 ) ) ;
#2989 = DIRECTION ( 'NONE',  ( 1.000000000000000000, 0.000000000000000000, -1.301268728343923962E-17 ) ) ;
#2990 = DIRECTION ( 'NONE',  ( 0.000000000000000000, -1.000000000000000000, 4.461994495156348024E-30 ) ) ;
#2991 = AXIS2_PLACEMENT_3D ( 'NONE', #4477, #4963, #2065 ) ;
#2992 = ORIENTED_EDGE ( 'NONE', *, *, #320, .T. ) ;
#2993 = CARTESIAN_POINT ( 'NONE',  ( 27.64999999999998792, 8.000000000000001776, -7.500000000000000000 ) ) ;
#2994 = EDGE_CURVE ( 'NONE', #446, #5395, #1089, .T. ) ;
#2995 = ORIENTED_EDGE ( 'NONE', *, *, #2523, .F. ) ;
#2996 = LINE ( 'NONE', #4694, #1645 ) ;
#2997 = ADVANCED_FACE ( 'NONE', ( #726 ), #3599, .F. ) ;
#2998 = CARTESIAN_POINT ( 'NONE',  ( 24.99999999999999289, 0.000000000000000000, -32.67675810589293661 ) ) ;
#2999 = ORIENTED_EDGE ( 'NONE', *, *, #4648, .T. ) ;
#3000 = CARTESIAN_POINT ( 'NONE',  ( 32.50000000000000000, -45.70000000000000284, -17.61599999999999255 ) ) ;
#3001 = ORIENTED_EDGE ( 'NONE', *, *, #4735, .T. ) ;
#3002 = LINE ( 'NONE', #113, #3320 ) ;
#3003 = FACE_OUTER_BOUND ( 'NONE', #5311, .T. ) ;
#3004 = EDGE_LOOP ( 'NONE', ( #4577, #3084, #1560, #2203 ) ) ;
#3005 = PLANE ( 'NONE',  #4396 ) ;
#3006 = ORIENTED_EDGE ( 'NONE', *, *, #3352, .T. ) ;
#3007 = EDGE_CURVE ( 'NONE', #4198, #3656, #2723, .T. ) ;
#3008 = EDGE_CURVE ( 'NONE', #5368, #3508, #4428, .T. ) ;
#3009 = DIRECTION ( 'NONE',  ( -0.000000000000000000, -1.000000000000000000, -0.000000000000000000 ) ) ;
#3010 = CARTESIAN_POINT ( 'NONE',  ( -28.49999999999998934, 24.19999999999998508, -29.47285424949237864 ) ) ;
#3011 = LINE ( 'NONE', #487, #149 ) ;
#3012 = ADVANCED_FACE ( 'NONE', ( #206 ), #1901, .T. ) ;
#3013 = CYLINDRICAL_SURFACE ( 'NONE', #146, 2.499999999999998668 ) ;
#3014 = CARTESIAN_POINT ( 'NONE',  ( 21.90000000000000568, -13.25000000000000711, -7.500000000000000000 ) ) ;
#3015 = CARTESIAN_POINT ( 'NONE',  ( 0.000000000000000000, -46.32499999999998863, -36.63144236528317776 ) ) ;
#3016 = ORIENTED_EDGE ( 'NONE', *, *, #470, .T. ) ;
#3017 = ORIENTED_EDGE ( 'NONE', *, *, #209, .T. ) ;
#3018 = EDGE_CURVE ( 'NONE', #920, #2279, #1066, .T. ) ;
#3019 = ORIENTED_EDGE ( 'NONE', *, *, #217, .F. ) ;
#3020 = DIRECTION ( 'NONE',  ( 1.301268728343923962E-17, 4.462663340991622160E-30, 1.000000000000000000 ) ) ;
#3021 = CARTESIAN_POINT ( 'NONE',  ( -33.89583333333333570, -38.65000000000000568, -17.61599999999999611 ) ) ;
#3022 = EDGE_CURVE ( 'NONE', #3714, #1279, #5484, .T. ) ;
#3023 = VECTOR ( 'NONE', #3362, 1000.000000000000000 ) ;
#3024 = EDGE_CURVE ( 'NONE', #4955, #3675, #4999, .T. ) ;
#3025 = VERTEX_POINT ( 'NONE', #1255 ) ;
#3026 = CYLINDRICAL_SURFACE ( 'NONE', #549, 1.424999999999995826 ) ;
#3027 = VERTEX_POINT ( 'NONE', #13 ) ;
#3028 = DIRECTION ( 'NONE',  ( -0.000000000000000000, -1.000000000000000000, -0.000000000000000000 ) ) ;
#3029 = DIRECTION ( 'NONE',  ( 0.000000000000000000, 0.000000000000000000, -1.000000000000000000 ) ) ;
#3030 = EDGE_LOOP ( 'NONE', ( #3170, #1133, #408, #4816, #3922, #5287 ) ) ;
#3031 = DIRECTION ( 'NONE',  ( -1.000000000000000000, 0.000000000000000000, 0.000000000000000000 ) ) ;
#3032 = EDGE_CURVE ( 'NONE', #5120, #661, #344, .T. ) ;
#3033 = ORIENTED_EDGE ( 'NONE', *, *, #2027, .T. ) ;
#3034 = CARTESIAN_POINT ( 'NONE',  ( -11.86009485345630310, 29.70099999999998985, -9.907999999999997698 ) ) ;
#3035 = CARTESIAN_POINT ( 'NONE',  ( -27.99999999999999289, -0.000000000000000000, 0.000000000000000000 ) ) ;
#3036 = PLANE ( 'NONE',  #770 ) ;
#3037 = EDGE_CURVE ( 'NONE', #1996, #5037, #4238, .T. ) ;
#3038 = EDGE_CURVE ( 'NONE', #112, #1109, #2894, .T. ) ;
#3039 = AXIS2_PLACEMENT_3D ( 'NONE', #2211, #5175, #3062 ) ;
#3040 = ORIENTED_EDGE ( 'NONE', *, *, #285, .T. ) ;
#3041 = CARTESIAN_POINT ( 'NONE',  ( -12.86009485345630132, -71.29999999999999716, -21.81600000000000250 ) ) ;
#3042 = AXIS2_PLACEMENT_3D ( 'NONE', #605, #2296, #4792 ) ;
#3043 = CARTESIAN_POINT ( 'NONE',  ( -26.19999999999999929, 13.75000000000000178, -7.500000000000000000 ) ) ;
#3044 = PLANE ( 'NONE',  #4062 ) ;
#3045 = EDGE_CURVE ( 'NONE', #5169, #5492, #1709, .T. ) ;
#3046 = CONICAL_SURFACE ( 'NONE', #4897, 1.875000000000001776, 0.7853981633974541632 ) ;
#3047 = ORIENTED_EDGE ( 'NONE', *, *, #2186, .T. ) ;
#3048 = PLANE ( 'NONE',  #5189 ) ;
#3049 = AXIS2_PLACEMENT_3D ( 'NONE', #5374, #3573, #1567 ) ;
#3050 = EDGE_CURVE ( 'NONE', #4382, #636, #3869, .T. ) ;
#3051 = VECTOR ( 'NONE', #1208, 1000.000000000000000 ) ;
#3052 = AXIS2_PLACEMENT_3D ( 'NONE', #5481, #1134, #5058 ) ;
#3053 = CARTESIAN_POINT ( 'NONE',  ( -25.82102224193585016, 9.521022241935741093, 0.9999999999999991118 ) ) ;
#3054 = ORIENTED_EDGE ( 'NONE', *, *, #4727, .F. ) ;
#3055 = DIRECTION ( 'NONE',  ( 0.000000000000000000, -0.000000000000000000, -1.000000000000000000 ) ) ;
#3056 = CARTESIAN_POINT ( 'NONE',  ( 22.99999999999999289, -33.30000000000001137, -21.30000000000000426 ) ) ;
#3057 = ORIENTED_EDGE ( 'NONE', *, *, #276, .T. ) ;
#3058 = DIRECTION ( 'NONE',  ( -0.000000000000000000, -0.000000000000000000, 1.000000000000000000 ) ) ;
#3059 = AXIS2_PLACEMENT_3D ( 'NONE', #3687, #3742, #2083 ) ;
#3060 = ORIENTED_EDGE ( 'NONE', *, *, #3352, .F. ) ;
#3061 = AXIS2_PLACEMENT_3D ( 'NONE', #4119, #315, #3570 ) ;
#3062 = DIRECTION ( 'NONE',  ( 0.000000000000000000, -0.000000000000000000, 1.000000000000000000 ) ) ;
#3063 = DIRECTION ( 'NONE',  ( 0.000000000000000000, 0.000000000000000000, -1.000000000000000000 ) ) ;
#3064 = FACE_BOUND ( 'NONE', #3846, .T. ) ;
#3065 = EDGE_CURVE ( 'NONE', #198, #5209, #1619, .T. ) ;
#3066 = DIRECTION ( 'NONE',  ( 0.000000000000000000, 0.000000000000000000, -1.000000000000000000 ) ) ;
#3067 = LINE ( 'NONE', #2215, #4208 ) ;
#3068 = CARTESIAN_POINT ( 'NONE',  ( -26.19999999999999929, -14.74999999999999645, -7.500000000000000000 ) ) ;
#3069 = CARTESIAN_POINT ( 'NONE',  ( -32.00000000000000000, 27.19999999999998863, 2.000000000000000000 ) ) ;
#3070 = VECTOR ( 'NONE', #650, 1000.000000000000000 ) ;
#3071 = ORIENTED_EDGE ( 'NONE', *, *, #5399, .F. ) ;
#3072 = VECTOR ( 'NONE', #3845, 1000.000000000000000 ) ;
#3073 = EDGE_CURVE ( 'NONE', #1476, #2705, #4588, .T. ) ;
#3074 = ORIENTED_EDGE ( 'NONE', *, *, #1995, .F. ) ;
#3075 = VERTEX_POINT ( 'NONE', #3401 ) ;
#3076 = DIRECTION ( 'NONE',  ( -1.000000000000000000, 0.000000000000000000, 0.000000000000000000 ) ) ;
#3077 = VECTOR ( 'NONE', #5182, 1000.000000000000000 ) ;
#3078 = ORIENTED_EDGE ( 'NONE', *, *, #1437, .F. ) ;
#3079 = ADVANCED_FACE ( 'NONE', ( #1653 ), #3704, .T. ) ;
#3080 = LINE ( 'NONE', #1388, #3578 ) ;
#3081 = ORIENTED_EDGE ( 'NONE', *, *, #5026, .T. ) ;
#3082 = DIRECTION ( 'NONE',  ( 0.000000000000000000, -1.000000000000000000, 0.000000000000000000 ) ) ;
#3083 = FACE_OUTER_BOUND ( 'NONE', #3530, .T. ) ;
#3084 = ORIENTED_EDGE ( 'NONE', *, *, #2299, .F. ) ;
#3085 = EDGE_LOOP ( 'NONE', ( #2387, #552, #4857, #1684 ) ) ;
#3086 = DIRECTION ( 'NONE',  ( 1.000000000000000000, -6.736790197968183597E-17, -0.000000000000000000 ) ) ;
#3087 = ORIENTED_EDGE ( 'NONE', *, *, #1007, .T. ) ;
#3088 = ADVANCED_FACE ( 'NONE', ( #2860 ), #2450, .F. ) ;
#3089 = DIRECTION ( 'NONE',  ( -0.000000000000000000, -0.000000000000000000, -1.000000000000000000 ) ) ;
#3090 = CARTESIAN_POINT ( 'NONE',  ( -26.64999999999999147, 2.524085252113680542E-29, -23.81599999999999540 ) ) ;
#3091 = DIRECTION ( 'NONE',  ( -0.000000000000000000, 1.000000000000000000, -0.000000000000000000 ) ) ;
#3092 = CARTESIAN_POINT ( 'NONE',  ( 21.90000000000000213, 12.24999999999998579, 0.000000000000000000 ) ) ;
#3093 = EDGE_LOOP ( 'NONE', ( #5078, #1741, #1863, #3981 ) ) ;
#3094 = CARTESIAN_POINT ( 'NONE',  ( -22.00000000000002132, -38.21249999999998437, 0.000000000000000000 ) ) ;
#3095 = CARTESIAN_POINT ( 'NONE',  ( 16.65038082010977050, -33.45000000000001705, -9.589999999999998082 ) ) ;
#3096 = CARTESIAN_POINT ( 'NONE',  ( 26.50000000000000000, -70.79999999999999716, -23.81599999999999540 ) ) ;
#3097 = CARTESIAN_POINT ( 'NONE',  ( -0.000000000000000000, 24.19999999999998508, 0.000000000000000000 ) ) ;
#3098 = ORIENTED_EDGE ( 'NONE', *, *, #556, .F. ) ;
#3099 = CARTESIAN_POINT ( 'NONE',  ( 0.000000000000000000, -67.80000000000003979, -26.80281151192504652 ) ) ;
#3100 = ADVANCED_FACE ( 'NONE', ( #4966 ), #4556, .T. ) ;
#3101 = EDGE_CURVE ( 'NONE', #3949, #3940, #4614, .T. ) ;
#3102 = AXIS2_PLACEMENT_3D ( 'NONE', #2089, #2939, #2528 ) ;
#3103 = DIRECTION ( 'NONE',  ( 1.000000000000000000, 0.000000000000000000, 0.000000000000000000 ) ) ;
#3104 = ORIENTED_EDGE ( 'NONE', *, *, #5296, .F. ) ;
#3105 = PLANE ( 'NONE',  #3227 ) ;
#3106 = DIRECTION ( 'NONE',  ( 1.000000000000000000, -5.806253902589690953E-47, -1.301268728343924116E-17 ) ) ;
#3107 = ORIENTED_EDGE ( 'NONE', *, *, #1044, .F. ) ;
#3108 = ORIENTED_EDGE ( 'NONE', *, *, #3526, .F. ) ;
#3109 = DIRECTION ( 'NONE',  ( 0.7071067811865433539, 8.659560562354985860E-17, 0.7071067811865517916 ) ) ;
#3110 = EDGE_CURVE ( 'NONE', #260, #564, #762, .T. ) ;
#3111 = VECTOR ( 'NONE', #3605, 1000.000000000000000 ) ;
#3112 = ORIENTED_EDGE ( 'NONE', *, *, #2122, .F. ) ;
#3113 = CARTESIAN_POINT ( 'NONE',  ( 21.49999999999999645, 3.994186093173394363E-29, -19.68999999999999773 ) ) ;
#3114 = CARTESIAN_POINT ( 'NONE',  ( 21.49999999999999289, -34.79999999999999716, -18.68999999999999417 ) ) ;
#3115 = FACE_OUTER_BOUND ( 'NONE', #3720, .T. ) ;
#3116 = ORIENTED_EDGE ( 'NONE', *, *, #4464, .T. ) ;
#3117 = CARTESIAN_POINT ( 'NONE',  ( 16.65038082010976694, -46.45000000000000995, -9.589999999999998082 ) ) ;
#3118 = ADVANCED_FACE ( 'NONE', ( #397 ), #310, .F. ) ;
#3119 = ORIENTED_EDGE ( 'NONE', *, *, #5335, .T. ) ;
#3120 = CARTESIAN_POINT ( 'NONE',  ( 24.99999999999999289, -47.95000000000000995, 0.000000000000000000 ) ) ;
#3121 = CARTESIAN_POINT ( 'NONE',  ( 0.000000000000000000, -68.30000000000001137, -32.67675810589293661 ) ) ;
#3122 = CARTESIAN_POINT ( 'NONE',  ( -26.19999999999999929, -13.24999999999999645, -7.500000000000000000 ) ) ;
#3123 = CARTESIAN_POINT ( 'NONE',  ( 32.50000000000000000, -71.29999999999999716, -21.81600000000000250 ) ) ;
#3124 = CIRCLE ( 'NONE', #3397, 1.424999999999995826 ) ;
#3125 = EDGE_CURVE ( 'NONE', #4555, #255, #848, .T. ) ;
#3126 = AXIS2_PLACEMENT_3D ( 'NONE', #3698, #5391, #4550 ) ;
#3127 = ORIENTED_EDGE ( 'NONE', *, *, #419, .T. ) ;
#3128 = CARTESIAN_POINT ( 'NONE',  ( 22.99999999999999289, -61.29999999999999716, -32.67675810589293661 ) ) ;
#3129 = VECTOR ( 'NONE', #4270, 1000.000000000000000 ) ;
#3130 = VECTOR ( 'NONE', #1225, 1000.000000000000000 ) ;
#3131 = DIRECTION ( 'NONE',  ( 0.000000000000000000, 0.000000000000000000, 1.000000000000000000 ) ) ;
#3132 = EDGE_CURVE ( 'NONE', #5371, #3675, #2014, .T. ) ;
#3133 = ORIENTED_EDGE ( 'NONE', *, *, #2733, .F. ) ;
#3134 = PLANE ( 'NONE',  #657 ) ;
#3135 = DIRECTION ( 'NONE',  ( 0.000000000000000000, 0.000000000000000000, 1.000000000000000000 ) ) ;
#3136 = ORIENTED_EDGE ( 'NONE', *, *, #5428, .F. ) ;
#3137 = DIRECTION ( 'NONE',  ( -0.000000000000000000, -0.000000000000000000, 1.000000000000000000 ) ) ;
#3138 = AXIS2_PLACEMENT_3D ( 'NONE', #1950, #2714, #228 ) ;
#3139 = AXIS2_PLACEMENT_3D ( 'NONE', #4962, #3755, #845 ) ;
#3140 = ORIENTED_EDGE ( 'NONE', *, *, #658, .T. ) ;
#3141 = CARTESIAN_POINT ( 'NONE',  ( 26.64999999999999858, 20.19999999999998508, -22.80000000000000071 ) ) ;
#3142 = EDGE_CURVE ( 'NONE', #3949, #5202, #2540, .T. ) ;
#3143 = LINE ( 'NONE', #4501, #3856 ) ;
#3144 = LINE ( 'NONE', #560, #4405 ) ;
#3145 = VERTEX_POINT ( 'NONE', #3510 ) ;
#3146 = PLANE ( 'NONE',  #4309 ) ;
#3147 = ORIENTED_EDGE ( 'NONE', *, *, #719, .F. ) ;
#3148 = LINE ( 'NONE', #1093, #914 ) ;
#3149 = EDGE_CURVE ( 'NONE', #5145, #1206, #2974, .T. ) ;
#3150 = LINE ( 'NONE', #649, #833 ) ;
#3151 = LINE ( 'NONE', #1049, #684 ) ;
#3152 = LINE ( 'NONE', #4073, #4445 ) ;
#3153 = VECTOR ( 'NONE', #5390, 1000.000000000000000 ) ;
#3154 = AXIS2_PLACEMENT_3D ( 'NONE', #3984, #616, #2666 ) ;
#3155 = VERTEX_POINT ( 'NONE', #4703 ) ;
#3156 = DIRECTION ( 'NONE',  ( 0.000000000000000000, -0.000000000000000000, -1.000000000000000000 ) ) ;
#3157 = CIRCLE ( 'NONE', #3612, 11.27102224193582636 ) ;
#3158 = DIRECTION ( 'NONE',  ( 1.000000000000000000, 0.000000000000000000, 0.000000000000000000 ) ) ;
#3159 = ORIENTED_EDGE ( 'NONE', *, *, #913, .T. ) ;
#3160 = DIRECTION ( 'NONE',  ( 0.000000000000000000, 1.000000000000000000, -4.461994495156348024E-30 ) ) ;
#3161 = CARTESIAN_POINT ( 'NONE',  ( -6.506343641719618578E-17, -34.79999999999999716, -19.68999999999999773 ) ) ;
#3162 = ORIENTED_EDGE ( 'NONE', *, *, #675, .F. ) ;
#3163 = ORIENTED_EDGE ( 'NONE', *, *, #490, .F. ) ;
#3164 = CARTESIAN_POINT ( 'NONE',  ( 19.15000000000000213, -46.45000000000000995, -9.589999999999998082 ) ) ;
#3165 = ORIENTED_EDGE ( 'NONE', *, *, #4872, .F. ) ;
#3166 = ORIENTED_EDGE ( 'NONE', *, *, #4830, .F. ) ;
#3167 = CARTESIAN_POINT ( 'NONE',  ( 24.99999999999999289, -47.95000000000000995, 0.000000000000000000 ) ) ;
#3168 = CARTESIAN_POINT ( 'NONE',  ( 24.99999999999999289, 1.786052293135802763E-29, -22.79999999999999716 ) ) ;
#3169 = CARTESIAN_POINT ( 'NONE',  ( 24.99999999999999289, -70.80000000000001137, -21.81599999999999540 ) ) ;
#3170 = ORIENTED_EDGE ( 'NONE', *, *, #1330, .T. ) ;
#3171 = DIRECTION ( 'NONE',  ( -1.301268728343923962E-17, -4.461994495156348024E-30, -1.000000000000000000 ) ) ;
#3172 = EDGE_CURVE ( 'NONE', #4006, #5251, #1003, .T. ) ;
#3173 = EDGE_LOOP ( 'NONE', ( #1773, #2121, #4469, #3209 ) ) ;
#3174 = PLANE ( 'NONE',  #26 ) ;
#3175 = CARTESIAN_POINT ( 'NONE',  ( -6.627025747538468628E-14, -33.29999999999996163, -34.02792206135786302 ) ) ;
#3176 = CARTESIAN_POINT ( 'NONE',  ( -30.44999999999999929, 9.500000000000001776, 0.000000000000000000 ) ) ;
#3177 = DIRECTION ( 'NONE',  ( 1.301268728343923962E-17, 4.462663340991622160E-30, 1.000000000000000000 ) ) ;
#3178 = ORIENTED_EDGE ( 'NONE', *, *, #3101, .T. ) ;
#3179 = LINE ( 'NONE', #3128, #3865 ) ;
#3180 = ADVANCED_FACE ( 'NONE', ( #2639 ), #5171, .T. ) ;
#3181 = ORIENTED_EDGE ( 'NONE', *, *, #2245, .F. ) ;
#3182 = CARTESIAN_POINT ( 'NONE',  ( -26.19999999999999929, 12.25000000000000355, -7.500000000000000000 ) ) ;
#3183 = CARTESIAN_POINT ( 'NONE',  ( 1.480421955313173043E-16, -59.47499999999998721, -21.30000000000000071 ) ) ;
#3184 = ORIENTED_EDGE ( 'NONE', *, *, #1629, .F. ) ;
#3185 = ORIENTED_EDGE ( 'NONE', *, *, #713, .T. ) ;
#3186 = DIRECTION ( 'NONE',  ( -0.000000000000000000, -0.000000000000000000, 1.000000000000000000 ) ) ;
#3187 = ADVANCED_FACE ( 'NONE', ( #1742 ), #530, .T. ) ;
#3188 = EDGE_CURVE ( 'NONE', #2301, #4346, #2225, .T. ) ;
#3189 = ORIENTED_EDGE ( 'NONE', *, *, #840, .T. ) ;
#3190 = CARTESIAN_POINT ( 'NONE',  ( 27.19669914110088627, 4.174999999999998046, -17.61599999999999611 ) ) ;
#3191 = ORIENTED_EDGE ( 'NONE', *, *, #3448, .T. ) ;
#3192 = DIRECTION ( 'NONE',  ( -1.301268728343923962E-17, -4.461994495156348024E-30, -1.000000000000000000 ) ) ;
#3193 = LINE ( 'NONE', #4526, #4844 ) ;
#3194 = ORIENTED_EDGE ( 'NONE', *, *, #968, .F. ) ;
#3195 = ADVANCED_FACE ( 'NONE', ( #93 ), #3005, .F. ) ;
#3196 = DIRECTION ( 'NONE',  ( 1.000000000000000000, 0.000000000000000000, -1.301268728343924116E-17 ) ) ;
#3197 = AXIS2_PLACEMENT_3D ( 'NONE', #214, #1859, #1460 ) ;
#3198 = ORIENTED_EDGE ( 'NONE', *, *, #2796, .F. ) ;
#3199 = CARTESIAN_POINT ( 'NONE',  ( -22.00000000000002132, -68.30000000000001137, -21.30000000000000071 ) ) ;
#3200 = CARTESIAN_POINT ( 'NONE',  ( -27.99999999999999289, 0.000000000000000000, -29.47285424949237864 ) ) ;
#3201 = CARTESIAN_POINT ( 'NONE',  ( -26.19999999999999929, -14.74999999999999645, 0.000000000000000000 ) ) ;
#3202 = DIRECTION ( 'NONE',  ( -1.301268728343923962E-17, -4.461994495156348024E-30, -1.000000000000000000 ) ) ;
#3203 = EDGE_CURVE ( 'NONE', #4063, #909, #4129, .T. ) ;
#3204 = CIRCLE ( 'NONE', #4099, 1.875000000000001776 ) ;
#3205 = ORIENTED_EDGE ( 'NONE', *, *, #5266, .F. ) ;
#3206 = DIRECTION ( 'NONE',  ( -0.000000000000000000, -0.000000000000000000, 1.000000000000000000 ) ) ;
#3207 = EDGE_CURVE ( 'NONE', #367, #2262, #5200, .T. ) ;
#3208 = AXIS2_PLACEMENT_3D ( 'NONE', #1927, #172, #4064 ) ;
#3209 = ORIENTED_EDGE ( 'NONE', *, *, #2346, .T. ) ;
#3210 = DIRECTION ( 'NONE',  ( 1.000000000000000000, -0.000000000000000000, 0.000000000000000000 ) ) ;
#3211 = AXIS2_PLACEMENT_3D ( 'NONE', #3121, #158, #81 ) ;
#3212 = EDGE_CURVE ( 'NONE', #864, #3252, #3923, .T. ) ;
#3213 = CARTESIAN_POINT ( 'NONE',  ( -22.00000000000002132, -46.32499999999998863, -0.000000000000000000 ) ) ;
#3214 = ORIENTED_EDGE ( 'NONE', *, *, #4696, .F. ) ;
#3215 = DIRECTION ( 'NONE',  ( -1.000000000000000000, 0.000000000000000000, 0.000000000000000000 ) ) ;
#3216 = ORIENTED_EDGE ( 'NONE', *, *, #3744, .T. ) ;
#3217 = VECTOR ( 'NONE', #2430, 1000.000000000000000 ) ;
#3218 = DIRECTION ( 'NONE',  ( 6.736790197968183597E-17, 1.000000000000000000, 0.000000000000000000 ) ) ;
#3219 = ORIENTED_EDGE ( 'NONE', *, *, #3387, .T. ) ;
#3220 = FACE_OUTER_BOUND ( 'NONE', #4488, .T. ) ;
#3221 = FACE_OUTER_BOUND ( 'NONE', #239, .T. ) ;
#3222 = EDGE_LOOP ( 'NONE', ( #4807, #1008, #5188, #876 ) ) ;
#3223 = ORIENTED_EDGE ( 'NONE', *, *, #2568, .F. ) ;
#3224 = DIRECTION ( 'NONE',  ( 0.000000000000000000, -1.000000000000000000, 0.000000000000000000 ) ) ;
#3225 = AXIS2_PLACEMENT_3D ( 'NONE', #4476, #4065, #671 ) ;
#3226 = ORIENTED_EDGE ( 'NONE', *, *, #2877, .F. ) ;
#3227 = AXIS2_PLACEMENT_3D ( 'NONE', #1921, #2760, #4492 ) ;
#3228 = FACE_OUTER_BOUND ( 'NONE', #5180, .T. ) ;
#3229 = LINE ( 'NONE', #2343, #2954 ) ;
#3230 = DIRECTION ( 'NONE',  ( -1.301268728343923962E-17, -4.462663340991622160E-30, -1.000000000000000000 ) ) ;
#3231 = FACE_OUTER_BOUND ( 'NONE', #3269, .T. ) ;
#3232 = AXIS2_PLACEMENT_3D ( 'NONE', #3499, #3867, #3076 ) ;
#3233 = ADVANCED_FACE ( 'NONE', ( #4754 ), #956, .F. ) ;
#3234 = AXIS2_PLACEMENT_3D ( 'NONE', #4175, #3759, #1228 ) ;
#3235 = DIRECTION ( 'NONE',  ( 0.3846153846153848588, 0.000000000000000000, 0.9230769230769230171 ) ) ;
#3236 = VERTEX_POINT ( 'NONE', #977 ) ;
#3237 = CARTESIAN_POINT ( 'NONE',  ( 32.85000000000002984, 4.174999999999998046, -17.61599999999999611 ) ) ;
#3238 = ADVANCED_FACE ( 'NONE', ( #4318 ), #4366, .T. ) ;
#3239 = VECTOR ( 'NONE', #2597, 1000.000000000000000 ) ;
#3240 = ORIENTED_EDGE ( 'NONE', *, *, #798, .T. ) ;
#3241 = CARTESIAN_POINT ( 'NONE',  ( 32.85000000000002274, -45.70000000000000284, -19.49099999999999966 ) ) ;
#3242 = LINE ( 'NONE', #4059, #4958 ) ;
#3243 = ORIENTED_EDGE ( 'NONE', *, *, #2339, .F. ) ;
#3244 = CARTESIAN_POINT ( 'NONE',  ( 32.50000000000000000, -71.29999999999999716, -21.81600000000000250 ) ) ;
#3245 = VECTOR ( 'NONE', #5230, 1000.000000000000114 ) ;
#3246 = LINE ( 'NONE', #1585, #918 ) ;
#3247 = VECTOR ( 'NONE', #4260, 1000.000000000000000 ) ;
#3248 = ORIENTED_EDGE ( 'NONE', *, *, #1072, .F. ) ;
#3249 = CARTESIAN_POINT ( 'NONE',  ( -32.00000000000000000, 27.19999999999998863, -21.81599999999999540 ) ) ;
#3250 = DIRECTION ( 'NONE',  ( 6.700369425960418635E-17, 1.000000000000000000, -4.463535239111857813E-30 ) ) ;
#3251 = ORIENTED_EDGE ( 'NONE', *, *, #751, .T. ) ;
#3252 = VERTEX_POINT ( 'NONE', #4285 ) ;
#3253 = DIRECTION ( 'NONE',  ( 0.000000000000000000, -1.000000000000000000, 0.000000000000000000 ) ) ;
#3254 = ORIENTED_EDGE ( 'NONE', *, *, #5226, .T. ) ;
#3255 = EDGE_CURVE ( 'NONE', #1963, #3368, #2252, .T. ) ;
#3256 = CARTESIAN_POINT ( 'NONE',  ( -19.27897775806417613, -5.900000000000066969, 2.000000000000000000 ) ) ;
#3257 = LINE ( 'NONE', #4944, #1535 ) ;
#3258 = CARTESIAN_POINT ( 'NONE',  ( 7.361087535663873210E-17, 24.19999999999998508, -23.81599999999999540 ) ) ;
#3259 = DIRECTION ( 'NONE',  ( -1.000000000000000000, 0.000000000000000000, 0.000000000000000000 ) ) ;
#3260 = VERTEX_POINT ( 'NONE', #145 ) ;
#3261 = ADVANCED_FACE ( 'NONE', ( #480 ), #5224, .T. ) ;
#3262 = DIRECTION ( 'NONE',  ( -0.000000000000000000, -0.000000000000000000, 1.000000000000000000 ) ) ;
#3263 = DIRECTION ( 'NONE',  ( -1.000000000000000000, 0.000000000000000000, 0.000000000000000000 ) ) ;
#3264 = VERTEX_POINT ( 'NONE', #3848 ) ;
#3265 = DIRECTION ( 'NONE',  ( -0.000000000000000000, -0.000000000000000000, 1.000000000000000000 ) ) ;
#3266 = EDGE_LOOP ( 'NONE', ( #2113, #2129, #3695, #4165 ) ) ;
#3267 = CARTESIAN_POINT ( 'NONE',  ( 16.44731503537293449, -46.45000000000000995, 2.043631016093208963 ) ) ;
#3268 = LINE ( 'NONE', #304, #2198 ) ;
#3269 = EDGE_LOOP ( 'NONE', ( #1710, #1660, #5389, #2520 ) ) ;
#3270 = DIRECTION ( 'NONE',  ( 0.000000000000000000, 0.000000000000000000, -1.000000000000000000 ) ) ;
#3271 = EDGE_CURVE ( 'NONE', #5357, #1328, #40, .T. ) ;
#3272 = ADVANCED_FACE ( 'NONE', ( #72 ), #1771, .T. ) ;
#3273 = VERTEX_POINT ( 'NONE', #1080 ) ;
#3274 = ORIENTED_EDGE ( 'NONE', *, *, #2374, .T. ) ;
#3275 = DIRECTION ( 'NONE',  ( 0.000000000000000000, 1.000000000000000000, 0.000000000000000000 ) ) ;
#3276 = ORIENTED_EDGE ( 'NONE', *, *, #3581, .F. ) ;
#3277 = FACE_OUTER_BOUND ( 'NONE', #2102, .T. ) ;
#3278 = DIRECTION ( 'NONE',  ( 1.334402673828313339E-16, 1.000000000000000000, -0.000000000000000000 ) ) ;
#3279 = ORIENTED_EDGE ( 'NONE', *, *, #1500, .F. ) ;
#3280 = VERTEX_POINT ( 'NONE', #5249 ) ;
#3281 = CARTESIAN_POINT ( 'NONE',  ( -26.64999999999999147, 22.34999999999998366, -29.47285424949237864 ) ) ;
#3282 = EDGE_CURVE ( 'NONE', #1783, #4251, #275, .T. ) ;
#3283 = VERTEX_POINT ( 'NONE', #4061 ) ;
#3284 = CARTESIAN_POINT ( 'NONE',  ( 32.50000000000000000, -71.29999999999999716, -21.81600000000000250 ) ) ;
#3285 = CARTESIAN_POINT ( 'NONE',  ( -26.64999999999999147, 20.19999999999998508, -23.81599999999999540 ) ) ;
#3286 = CARTESIAN_POINT ( 'NONE',  ( -24.00000000000002132, 5.076303204121963712E-29, -21.30000000000000071 ) ) ;
#3287 = FACE_OUTER_BOUND ( 'NONE', #5451, .T. ) ;
#3288 = EDGE_CURVE ( 'NONE', #441, #1137, #2884, .T. ) ;
#3289 = AXIS2_PLACEMENT_3D ( 'NONE', #131, #1835, #2967 ) ;
#3290 = CARTESIAN_POINT ( 'NONE',  ( 26.64999999999999858, -70.80000000000001137, -22.80000000000000071 ) ) ;
#3291 = ADVANCED_FACE ( 'NONE', ( #2382 ), #2303, .F. ) ;
#3292 = CARTESIAN_POINT ( 'NONE',  ( -20.50000000000002132, 0.000000000000000000, -28.64157109115491551 ) ) ;
#3293 = FACE_OUTER_BOUND ( 'NONE', #3325, .T. ) ;
#3294 = ORIENTED_EDGE ( 'NONE', *, *, #3255, .F. ) ;
#3295 = CARTESIAN_POINT ( 'NONE',  ( -30.45000000000000284, -10.49999999999999467, -7.500000000000000000 ) ) ;
#3296 = EDGE_CURVE ( 'NONE', #508, #1107, #5269, .T. ) ;
#3297 = ADVANCED_FACE ( 'NONE', ( #1499 ), #254, .T. ) ;
#3298 = VERTEX_POINT ( 'NONE', #3164 ) ;
#3299 = LINE ( 'NONE', #2437, #852 ) ;
#3300 = CARTESIAN_POINT ( 'NONE',  ( 21.90000000000000213, -8.999999999999996447, -7.500000000000000000 ) ) ;
#3301 = VERTEX_POINT ( 'NONE', #3664 ) ;
#3302 = FACE_OUTER_BOUND ( 'NONE', #3970, .T. ) ;
#3303 = ORIENTED_EDGE ( 'NONE', *, *, #5147, .T. ) ;
#3304 = EDGE_CURVE ( 'NONE', #2369, #4910, #1445, .T. ) ;
#3305 = VECTOR ( 'NONE', #1439, 1000.000000000000000 ) ;
#3306 = FACE_OUTER_BOUND ( 'NONE', #282, .T. ) ;
#3307 = ORIENTED_EDGE ( 'NONE', *, *, #4167, .F. ) ;
#3308 = DIRECTION ( 'NONE',  ( 0.000000000000000000, -0.000000000000000000, 1.000000000000000000 ) ) ;
#3309 = CARTESIAN_POINT ( 'NONE',  ( -21.99999999999991118, 6.214988941921987647E-14, -36.63144236528317776 ) ) ;
#3310 = ORIENTED_EDGE ( 'NONE', *, *, #444, .F. ) ;
#3311 = CARTESIAN_POINT ( 'NONE',  ( 0.000000000000000000, 22.34999999999998366, -29.47285424949237864 ) ) ;
#3312 = VECTOR ( 'NONE', #3469, 1000.000000000000000 ) ;
#3313 = ORIENTED_EDGE ( 'NONE', *, *, #1502, .F. ) ;
#3314 = CARTESIAN_POINT ( 'NONE',  ( 16.19500000000000028, 2.275617192529737268E-29, -9.589999999999998082 ) ) ;
#3315 = AXIS2_PLACEMENT_3D ( 'NONE', #2570, #96, #5149 ) ;
#3316 = DIRECTION ( 'NONE',  ( -0.000000000000000000, -0.000000000000000000, 1.000000000000000000 ) ) ;
#3317 = DIRECTION ( 'NONE',  ( -1.254772857849411939E-16, -1.000000000000000000, 0.000000000000000000 ) ) ;
#3318 = FACE_OUTER_BOUND ( 'NONE', #2323, .T. ) ;
#3319 = CIRCLE ( 'NONE', #1181, 3.021022241935820141 ) ;
#3320 = VECTOR ( 'NONE', #5196, 1000.000000000000000 ) ;
#3321 = ADVANCED_FACE ( 'NONE', ( #4855 ), #1059, .T. ) ;
#3322 = CARTESIAN_POINT ( 'NONE',  ( 27.64999999999998792, 8.000000000000001776, -7.500000000000000000 ) ) ;
#3323 = DIRECTION ( 'NONE',  ( -0.000000000000000000, -0.000000000000000000, 1.000000000000000000 ) ) ;
#3324 = CARTESIAN_POINT ( 'NONE',  ( -32.50000000000000000, -71.29999999999999716, -21.81600000000000250 ) ) ;
#3325 = EDGE_LOOP ( 'NONE', ( #628, #3961, #3254, #2577, #42, #5220 ) ) ;
#3326 = LINE ( 'NONE', #3772, #2263 ) ;
#3327 = AXIS2_PLACEMENT_3D ( 'NONE', #5409, #3265, #1125 ) ;
#3328 = VERTEX_POINT ( 'NONE', #4444 ) ;
#3329 = VECTOR ( 'NONE', #4403, 1000.000000000000000 ) ;
#3330 = EDGE_CURVE ( 'NONE', #3027, #2526, #5312, .T. ) ;
#3331 = VERTEX_POINT ( 'NONE', #1924 ) ;
#3332 = DIRECTION ( 'NONE',  ( -0.01745240643728354635, 0.000000000000000000, 0.9998476951563911586 ) ) ;
#3333 = PLANE ( 'NONE',  #2838 ) ;
#3334 = ORIENTED_EDGE ( 'NONE', *, *, #4856, .F. ) ;
#3335 = PLANE ( 'NONE',  #3873 ) ;
#3336 = MECHANICAL_DESIGN_GEOMETRIC_PRESENTATION_REPRESENTATION (  '', ( #1215 ), #2368 ) ;
#3337 = DIRECTION ( 'NONE',  ( 1.000000000000000000, -6.736790197968183597E-17, -0.000000000000000000 ) ) ;
#3338 = VERTEX_POINT ( 'NONE', #1474 ) ;
#3339 = LINE ( 'NONE', #5031, #4651 ) ;
#3340 = DIRECTION ( 'NONE',  ( -1.000000000000000000, 0.000000000000000000, -1.734723475976808672E-15 ) ) ;
#3341 = AXIS2_PLACEMENT_3D ( 'NONE', #2398, #1234, #4563 ) ;
#3342 = EDGE_LOOP ( 'NONE', ( #2128, #1853, #900, #3189 ) ) ;
#3343 = ORIENTED_EDGE ( 'NONE', *, *, #1523, .T. ) ;
#3344 = CARTESIAN_POINT ( 'NONE',  ( 0.000000000000000000, -67.80000000000003979, -26.80281151192504652 ) ) ;
#3345 = ORIENTED_EDGE ( 'NONE', *, *, #192, .T. ) ;
#3346 = AXIS2_PLACEMENT_3D ( 'NONE', #2802, #5367, #3250 ) ;
#3347 = DIRECTION ( 'NONE',  ( -0.000000000000000000, 1.000000000000000000, -0.000000000000000000 ) ) ;
#3348 = CARTESIAN_POINT ( 'NONE',  ( -8.601386294353338179E-17, -31.29999999999999361, -21.30000000000000071 ) ) ;
#3349 = CARTESIAN_POINT ( 'NONE',  ( 21.90000000000000213, -14.74999999999998934, -7.500000000000000000 ) ) ;
#3350 = CARTESIAN_POINT ( 'NONE',  ( -25.82102224193585016, 9.521022241935741093, 2.000000000000000000 ) ) ;
#3351 = VECTOR ( 'NONE', #5431, 1000.000000000000000 ) ;
#3352 = EDGE_CURVE ( 'NONE', #802, #1157, #2739, .T. ) ;
#3353 = EDGE_CURVE ( 'NONE', #4304, #1996, #4932, .T. ) ;
#3354 = DIRECTION ( 'NONE',  ( -0.000000000000000000, -0.000000000000000000, 1.000000000000000000 ) ) ;
#3355 = DIRECTION ( 'NONE',  ( -1.000000000000000000, 0.000000000000000000, 0.000000000000000000 ) ) ;
#3356 = LINE ( 'NONE', #1602, #944 ) ;
#3357 = ORIENTED_EDGE ( 'NONE', *, *, #5272, .T. ) ;
#3358 = FACE_OUTER_BOUND ( 'NONE', #5135, .T. ) ;
#3359 = EDGE_LOOP ( 'NONE', ( #870, #2619, #4357, #1946 ) ) ;
#3360 = ORIENTED_EDGE ( 'NONE', *, *, #697, .T. ) ;
#3361 = DIRECTION ( 'NONE',  ( -0.000000000000000000, -0.000000000000000000, 1.000000000000000000 ) ) ;
#3362 = DIRECTION ( 'NONE',  ( 1.301268728343924116E-17, 4.461994495156348725E-30, 1.000000000000000000 ) ) ;
#3363 = CARTESIAN_POINT ( 'NONE',  ( 1.491074544856626758E-16, -38.21249999999998437, -15.32999999999998231 ) ) ;
#3364 = ADVANCED_FACE ( 'NONE', ( #4031 ), #3618, .T. ) ;
#3365 = VERTEX_POINT ( 'NONE', #2356 ) ;
#3366 = DIRECTION ( 'NONE',  ( -1.301268728343923962E-17, -4.461994495156348024E-30, -1.000000000000000000 ) ) ;
#3367 = EDGE_CURVE ( 'NONE', #3807, #3460, #3319, .T. ) ;
#3368 = VERTEX_POINT ( 'NONE', #4903 ) ;
#3369 = CYLINDRICAL_SURFACE ( 'NONE', #3139, 4.250000000000003553 ) ;
#3370 = DIRECTION ( 'NONE',  ( 0.000000000000000000, 0.000000000000000000, -1.000000000000000000 ) ) ;
#3371 = VERTEX_POINT ( 'NONE', #1108 ) ;
#3372 = ORIENTED_EDGE ( 'NONE', *, *, #2839, .T. ) ;
#3373 = DIRECTION ( 'NONE',  ( -0.000000000000000000, -1.000000000000000000, -0.000000000000000000 ) ) ;
#3374 = VERTEX_POINT ( 'NONE', #4395 ) ;
#3375 = LINE ( 'NONE', #1257, #3576 ) ;
#3376 = EDGE_CURVE ( 'NONE', #144, #2000, #2795, .T. ) ;
#3377 = DIRECTION ( 'NONE',  ( 0.000000000000000000, -1.000000000000000000, 4.461994495156348024E-30 ) ) ;
#3378 = CARTESIAN_POINT ( 'NONE',  ( -24.49999999999998934, 20.19999999999998508, -22.79999999999999716 ) ) ;
#3379 = CARTESIAN_POINT ( 'NONE',  ( 21.49999999999999645, -61.29999999999999716, -19.68999999999999773 ) ) ;
#3380 = EDGE_CURVE ( 'NONE', #4957, #2832, #2281, .T. ) ;
#3381 = CARTESIAN_POINT ( 'NONE',  ( 24.49999999999999645, 24.19999999999998508, -23.81599999999999540 ) ) ;
#3382 = DIRECTION ( 'NONE',  ( -1.000000000000000000, 0.000000000000000000, 0.000000000000000000 ) ) ;
#3383 = ORIENTED_EDGE ( 'NONE', *, *, #4830, .T. ) ;
#3384 = CARTESIAN_POINT ( 'NONE',  ( 24.99999999999999289, -47.95000000000000995, -14.68999999999999417 ) ) ;
#3385 = VECTOR ( 'NONE', #624, 1000.000000000000000 ) ;
#3386 = ORIENTED_EDGE ( 'NONE', *, *, #4984, .F. ) ;
#3387 = EDGE_CURVE ( 'NONE', #1435, #398, #2940, .T. ) ;
#3388 = ORIENTED_EDGE ( 'NONE', *, *, #1508, .F. ) ;
#3389 = DIRECTION ( 'NONE',  ( 0.000000000000000000, 1.000000000000000000, -4.461994495156348024E-30 ) ) ;
#3390 = CARTESIAN_POINT ( 'NONE',  ( -20.95000000000000639, -31.29999999999999361, -21.30000000000000071 ) ) ;
#3391 = DIRECTION ( 'NONE',  ( -1.000000000000000000, 0.000000000000000000, 0.000000000000000000 ) ) ;
#3392 = ORIENTED_EDGE ( 'NONE', *, *, #5172, .F. ) ;
#3393 = ORIENTED_EDGE ( 'NONE', *, *, #1287, .F. ) ;
#3394 = LINE ( 'NONE', #503, #2853 ) ;
#3395 = VERTEX_POINT ( 'NONE', #1643 ) ;
#3396 = DIRECTION ( 'NONE',  ( -1.000000000000000000, 0.000000000000000000, 0.000000000000000000 ) ) ;
#3397 = AXIS2_PLACEMENT_3D ( 'NONE', #1880, #4507, #704 ) ;
#3398 = PLANE ( 'NONE',  #2551 ) ;
#3399 = ORIENTED_EDGE ( 'NONE', *, *, #4222, .F. ) ;
#3400 = ORIENTED_EDGE ( 'NONE', *, *, #4177, .F. ) ;
#3401 = CARTESIAN_POINT ( 'NONE',  ( 24.99999999999999289, -61.29999999999999716, -21.30000000000000071 ) ) ;
#3402 = ORIENTED_EDGE ( 'NONE', *, *, #788, .F. ) ;
#3403 = VECTOR ( 'NONE', #1503, 1000.000000000000000 ) ;
#3404 = ADVANCED_FACE ( 'NONE', ( #4990 ), #4166, .F. ) ;
#3405 = LINE ( 'NONE', #3034, #4724 ) ;
#3406 = CARTESIAN_POINT ( 'NONE',  ( -26.19999999999999929, -14.74999999999999645, 0.000000000000000000 ) ) ;
#3407 = CARTESIAN_POINT ( 'NONE',  ( -26.32102224193581463, -5.900000000000066080, 2.000000000000000000 ) ) ;
#3408 = VECTOR ( 'NONE', #3858, 1000.000000000000000 ) ;
#3409 = ADVANCED_FACE ( 'NONE', ( #4634, #2090, #4110, #4956 ), #5442, .T. ) ;
#3410 = ORIENTED_EDGE ( 'NONE', *, *, #4350, .T. ) ;
#3411 = AXIS2_PLACEMENT_3D ( 'NONE', #280, #2720, #4449 ) ;
#3412 = EDGE_CURVE ( 'NONE', #2965, #1651, #2061, .T. ) ;
#3413 = CARTESIAN_POINT ( 'NONE',  ( 8.149999999999977263, -72.04999999999999716, -18.81599999999999540 ) ) ;
#3414 = LINE ( 'NONE', #1176, #211 ) ;
#3415 = LINE ( 'NONE', #1297, #5479 ) ;
#3416 = ORIENTED_EDGE ( 'NONE', *, *, #1981, .T. ) ;
#3417 = CARTESIAN_POINT ( 'NONE',  ( -12.86009485345630310, -73.29999999999999716, -9.907999999999999474 ) ) ;
#3418 = AXIS2_PLACEMENT_3D ( 'NONE', #1894, #4082, #3589 ) ;
#3419 = VECTOR ( 'NONE', #1076, 1000.000000000000000 ) ;
#3420 = EDGE_CURVE ( 'NONE', #700, #3368, #3749, .T. ) ;
#3421 = EDGE_LOOP ( 'NONE', ( #1635, #3571, #5116, #2329 ) ) ;
#3422 = VECTOR ( 'NONE', #1840, 1000.000000000000000 ) ;
#3423 = EDGE_LOOP ( 'NONE', ( #2376, #2413, #232, #2797 ) ) ;
#3424 = LINE ( 'NONE', #5191, #2783 ) ;
#3425 = CARTESIAN_POINT ( 'NONE',  ( -20.95000000000000639, -34.11249999999999005, -26.78862120850496709 ) ) ;
#3426 = ADVANCED_FACE ( 'NONE', ( #3302 ), #3335, .F. ) ;
#3427 = VECTOR ( 'NONE', #3196, 1000.000000000000000 ) ;
#3428 = ADVANCED_FACE ( 'NONE', ( #1581 ), #718, .F. ) ;
#3429 = ORIENTED_EDGE ( 'NONE', *, *, #2824, .T. ) ;
#3430 = DIRECTION ( 'NONE',  ( 6.700369425960418635E-17, 1.000000000000000000, -4.463535239111857813E-30 ) ) ;
#3431 = EDGE_LOOP ( 'NONE', ( #808, #342, #5422, #2417 ) ) ;
#3432 = VECTOR ( 'NONE', #434, 1000.000000000000000 ) ;
#3433 = CARTESIAN_POINT ( 'NONE',  ( -34.50000000000001421, -70.79999999999999716, -21.81600000000000250 ) ) ;
#3434 = FACE_BOUND ( 'NONE', #1501, .T. ) ;
#3435 = ORIENTED_EDGE ( 'NONE', *, *, #4592, .T. ) ;
#3436 = VERTEX_POINT ( 'NONE', #1245 ) ;
#3437 = CARTESIAN_POINT ( 'NONE',  ( 26.64999999999999858, 2.524085252113679982E-29, -23.81599999999999540 ) ) ;
#3438 = VERTEX_POINT ( 'NONE', #3694 ) ;
#3439 = LINE ( 'NONE', #5148, #1809 ) ;
#3440 = AXIS2_PLACEMENT_3D ( 'NONE', #733, #1142, #2424 ) ;
#3441 = LINE ( 'NONE', #1775, #2337 ) ;
#3442 = DIRECTION ( 'NONE',  ( 1.000000000000000000, -7.008983741320433464E-17, -0.000000000000000000 ) ) ;
#3443 = VECTOR ( 'NONE', #4519, 1000.000000000000000 ) ;
#3444 = ORIENTED_EDGE ( 'NONE', *, *, #2317, .T. ) ;
#3445 = DIRECTION ( 'NONE',  ( 0.000000000000000000, 1.000000000000000000, -4.461994495156348024E-30 ) ) ;
#3446 = LINE ( 'NONE', #2670, #33 ) ;
#3447 = CARTESIAN_POINT ( 'NONE',  ( -26.19999999999999929, 9.500000000000001776, -7.500000000000000000 ) ) ;
#3448 = EDGE_CURVE ( 'NONE', #4301, #5169, #5054, .T. ) ;
#3449 = ORIENTED_EDGE ( 'NONE', *, *, #2568, .T. ) ;
#3450 = EDGE_CURVE ( 'NONE', #2710, #4122, #4578, .T. ) ;
#3451 = ORIENTED_EDGE ( 'NONE', *, *, #3007, .T. ) ;
#3452 = DIRECTION ( 'NONE',  ( 0.000000000000000000, 1.000000000000000000, -4.461994495156348024E-30 ) ) ;
#3453 = LINE ( 'NONE', #5137, #2340 ) ;
#3454 = ORIENTED_EDGE ( 'NONE', *, *, #1400, .T. ) ;
#3455 = DIRECTION ( 'NONE',  ( 0.000000000000000000, 1.000000000000000000, 0.000000000000000000 ) ) ;
#3456 = ADVANCED_FACE ( 'NONE', ( #2004 ), #2120, .F. ) ;
#3457 = ORIENTED_EDGE ( 'NONE', *, *, #4769, .F. ) ;
#3458 = DIRECTION ( 'NONE',  ( 1.254772857849411939E-16, 1.000000000000000000, -4.463627291837442472E-30 ) ) ;
#3459 = CARTESIAN_POINT ( 'NONE',  ( 21.90000000000000213, -8.999999999999996447, 0.000000000000000000 ) ) ;
#3460 = VERTEX_POINT ( 'NONE', #4195 ) ;
#3461 = CARTESIAN_POINT ( 'NONE',  ( 26.50000000000000000, -70.79999999999999716, -23.81599999999999540 ) ) ;
#3462 = ORIENTED_EDGE ( 'NONE', *, *, #4350, .F. ) ;
#3463 = LINE ( 'NONE', #2569, #2320 ) ;
#3464 = LINE ( 'NONE', #3035, #4547 ) ;
#3465 = DIRECTION ( 'NONE',  ( 1.000000000000000000, 0.000000000000000000, -1.301268728343923962E-17 ) ) ;
#3466 = EDGE_LOOP ( 'NONE', ( #5353, #3840, #1146, #4091 ) ) ;
#3467 = CARTESIAN_POINT ( 'NONE',  ( 21.90000000000000213, -8.999999999999996447, 0.000000000000000000 ) ) ;
#3468 = ADVANCED_FACE ( 'NONE', ( #2470 ), #752, .F. ) ;
#3469 = DIRECTION ( 'NONE',  ( 0.000000000000000000, -1.000000000000000000, 4.461994495156348024E-30 ) ) ;
#3470 = EDGE_CURVE ( 'NONE', #2852, #5492, #6, .T. ) ;
#3471 = ADVANCED_FACE ( 'NONE', ( #809 ), #1702, .F. ) ;
#3472 = VERTEX_POINT ( 'NONE', #2822 ) ;
#3473 = LINE ( 'NONE', #3913, #4820 ) ;
#3474 = CARTESIAN_POINT ( 'NONE',  ( -24.00000000000001776, -31.29999999999999361, -21.30000000000000071 ) ) ;
#3475 = EDGE_CURVE ( 'NONE', #2178, #2567, #337, .T. ) ;
#3476 = EDGE_CURVE ( 'NONE', #1054, #3280, #1786, .T. ) ;
#3477 = FACE_OUTER_BOUND ( 'NONE', #5170, .T. ) ;
#3478 = VERTEX_POINT ( 'NONE', #3474 ) ;
#3479 = FACE_OUTER_BOUND ( 'NONE', #2587, .T. ) ;
#3480 = LINE ( 'NONE', #3920, #154 ) ;
#3481 = EDGE_LOOP ( 'NONE', ( #2165, #3163, #333, #2495, #1364, #4649 ) ) ;
#3482 = ORIENTED_EDGE ( 'NONE', *, *, #2824, .F. ) ;
#3483 = CARTESIAN_POINT ( 'NONE',  ( -26.64999999999999147, -70.80000000000001137, -29.47285424949237864 ) ) ;
#3484 = ADVANCED_FACE ( 'NONE', ( #917 ), #4254, .T. ) ;
#3485 = VERTEX_POINT ( 'NONE', #1306 ) ;
#3486 = DIRECTION ( 'NONE',  ( -0.000000000000000000, -0.000000000000000000, 1.000000000000000000 ) ) ;
#3487 = LINE ( 'NONE', #3010, #4297 ) ;
#3488 = DIRECTION ( 'NONE',  ( -0.000000000000000000, -0.000000000000000000, 1.000000000000000000 ) ) ;
#3489 = AXIS2_PLACEMENT_3D ( 'NONE', #2454, #1566, #2898 ) ;
#3490 = EDGE_CURVE ( 'NONE', #3301, #2776, #3453, .T. ) ;
#3491 = CARTESIAN_POINT ( 'NONE',  ( 24.99999999999999289, -71.29999999999999716, -25.84712887414924154 ) ) ;
#3492 = AXIS2_PLACEMENT_3D ( 'NONE', #3000, #4721, #1704 ) ;
#3493 = DIRECTION ( 'NONE',  ( 0.000000000000000000, -1.000000000000000000, 0.000000000000000000 ) ) ;
#3494 = SURFACE_SIDE_STYLE ('',( #4766 ) ) ;
#3495 = DIRECTION ( 'NONE',  ( 0.01745240643728354635, -0.000000000000000000, -0.9998476951563911586 ) ) ;
#3496 = AXIS2_PLACEMENT_3D ( 'NONE', #3945, #4360, #3158 ) ;
#3497 = ORIENTED_EDGE ( 'NONE', *, *, #1232, .F. ) ;
#3498 = ORIENTED_EDGE ( 'NONE', *, *, #5123, .F. ) ;
#3499 = CARTESIAN_POINT ( 'NONE',  ( -22.29999999999999716, -5.900000000000066969, 2.000000000000000000 ) ) ;
#3500 = AXIS2_PLACEMENT_3D ( 'NONE', #3249, #1086, #3596 ) ;
#3501 = PRODUCT_DEFINITION ( 'UNKNOWN', '', #3887, #180 ) ;
#3502 = EDGE_CURVE ( 'NONE', #4555, #74, #471, .T. ) ;
#3503 = CIRCLE ( 'NONE', #1546, 10.27102224193584057 ) ;
#3504 = LINE ( 'NONE', #5193, #5258 ) ;
#3505 = ORIENTED_EDGE ( 'NONE', *, *, #5048, .T. ) ;
#3506 = CARTESIAN_POINT ( 'NONE',  ( 6.636470514554011467E-17, -44.54500000000001592, -9.589999999999998082 ) ) ;
#3507 = DIRECTION ( 'NONE',  ( 1.000000000000000000, 0.000000000000000000, -1.301268728343923962E-17 ) ) ;
#3508 = VERTEX_POINT ( 'NONE', #2173 ) ;
#3509 = ADVANCED_FACE ( 'NONE', ( #1731 ), #3868, .F. ) ;
#3510 = CARTESIAN_POINT ( 'NONE',  ( 21.49999999999999645, -68.30000000000001137, -21.30000000000000071 ) ) ;
#3511 = AXIS2_PLACEMENT_3D ( 'NONE', #3633, #4462, #3156 ) ;
#3512 = ORIENTED_EDGE ( 'NONE', *, *, #5147, .F. ) ;
#3513 = VECTOR ( 'NONE', #3672, 1000.000000000000000 ) ;
#3514 = CARTESIAN_POINT ( 'NONE',  ( 0.000000000000000000, -67.80000000000003979, 0.000000000000000000 ) ) ;
#3515 = PLANE ( 'NONE',  #1730 ) ;
#3516 = CARTESIAN_POINT ( 'NONE',  ( 24.99999999999999289, -70.80000000000001137, -22.79999999999999716 ) ) ;
#3517 = ADVANCED_FACE ( 'NONE', ( #3893 ), #1333, .T. ) ;
#3518 = LINE ( 'NONE', #1696, #1193 ) ;
#3519 = ORIENTED_EDGE ( 'NONE', *, *, #4420, .T. ) ;
#3520 = VECTOR ( 'NONE', #830, 1000.000000000000000 ) ;
#3521 = CARTESIAN_POINT ( 'NONE',  ( -24.49999999999998934, 22.34999999999998366, -23.81599999999999540 ) ) ;
#3522 = PLANE ( 'NONE',  #474 ) ;
#3523 = CARTESIAN_POINT ( 'NONE',  ( -32.00000000000000000, 29.69999999999998863, 2.000000000000000000 ) ) ;
#3524 = ORIENTED_EDGE ( 'NONE', *, *, #683, .F. ) ;
#3525 = CARTESIAN_POINT ( 'NONE',  ( 15.99999999999999289, -2.949378361298347367E-29, -21.30000000000000071 ) ) ;
#3526 = EDGE_CURVE ( 'NONE', #5256, #5120, #2606, .T. ) ;
#3527 = VECTOR ( 'NONE', #882, 999.9999999999998863 ) ;
#3528 = ORIENTED_EDGE ( 'NONE', *, *, #1837, .T. ) ;
#3529 = AXIS2_PLACEMENT_3D ( 'NONE', #3459, #3370, #2976 ) ;
#3530 = EDGE_LOOP ( 'NONE', ( #429, #155, #1966, #4770 ) ) ;
#3531 = CARTESIAN_POINT ( 'NONE',  ( -34.50000000000001421, -73.29999999999999716, -21.81600000000000250 ) ) ;
#3532 = ADVANCED_FACE ( 'NONE', ( #500 ), #2968, .F. ) ;
#3533 = DIRECTION ( 'NONE',  ( 1.456771477978507331E-16, -0.000000000000000000, -1.000000000000000000 ) ) ;
#3534 = EDGE_LOOP ( 'NONE', ( #2208, #1797, #1011, #152 ) ) ;
#3535 = DIRECTION ( 'NONE',  ( -1.000000000000000000, 0.000000000000000000, 0.000000000000000000 ) ) ;
#3536 = EDGE_CURVE ( 'NONE', #5396, #920, #30, .T. ) ;
#3537 = LINE ( 'NONE', #5197, #1928 ) ;
#3538 = ORIENTED_EDGE ( 'NONE', *, *, #2559, .T. ) ;
#3539 = ORIENTED_EDGE ( 'NONE', *, *, #3902, .T. ) ;
#3540 = CARTESIAN_POINT ( 'NONE',  ( -34.50000000000000000, 29.69999999999998863, -21.81600000000000250 ) ) ;
#3541 = ORIENTED_EDGE ( 'NONE', *, *, #4516, .T. ) ;
#3542 = DIRECTION ( 'NONE',  ( 1.000000000000000000, -0.000000000000000000, -0.000000000000000000 ) ) ;
#3543 = ORIENTED_EDGE ( 'NONE', *, *, #1404, .T. ) ;
#3544 = CARTESIAN_POINT ( 'NONE',  ( -24.00000000000002132, 0.000000000000000000, -26.80281151192504652 ) ) ;
#3545 = EDGE_CURVE ( 'NONE', #3899, #2, #2957, .T. ) ;
#3546 = FACE_BOUND ( 'NONE', #1900, .T. ) ;
#3547 = ORIENTED_EDGE ( 'NONE', *, *, #5002, .F. ) ;
#3548 = CARTESIAN_POINT ( 'NONE',  ( 2.732463679302340053E-16, 1.478977758064137227, 2.000000000000000000 ) ) ;
#3549 = ORIENTED_EDGE ( 'NONE', *, *, #4637, .T. ) ;
#3550 = ADVANCED_FACE ( 'NONE', ( #2079 ), #325, .F. ) ;
#3551 = CARTESIAN_POINT ( 'NONE',  ( 32.85000000000002984, 2.299999999999994493, -17.61599999999999611 ) ) ;
#3552 = LINE ( 'NONE', #1754, #3312 ) ;
#3553 = LINE ( 'NONE', #3201, #5470 ) ;
#3554 = DIRECTION ( 'NONE',  ( 1.301268728343924116E-17, 4.461994495156348725E-30, 1.000000000000000000 ) ) ;
#3555 = ADVANCED_FACE ( 'NONE', ( #2516 ), #2547, .T. ) ;
#3556 = ORIENTED_EDGE ( 'NONE', *, *, #614, .T. ) ;
#3557 = FACE_OUTER_BOUND ( 'NONE', #2745, .T. ) ;
#3558 = LINE ( 'NONE', #1572, #2677 ) ;
#3559 = VERTEX_POINT ( 'NONE', #4975 ) ;
#3560 = LINE ( 'NONE', #2324, #3863 ) ;
#3561 = DIRECTION ( 'NONE',  ( -1.000000000000000000, 0.000000000000000000, 0.000000000000000000 ) ) ;
#3562 = ORIENTED_EDGE ( 'NONE', *, *, #2929, .T. ) ;
#3563 = DIRECTION ( 'NONE',  ( 0.000000000000000000, -0.000000000000000000, -1.000000000000000000 ) ) ;
#3564 = VECTOR ( 'NONE', #5349, 1000.000000000000000 ) ;
#3565 = ORIENTED_EDGE ( 'NONE', *, *, #3716, .F. ) ;
#3566 = DIRECTION ( 'NONE',  ( 1.000000000000000000, -5.028183988338569582E-17, -1.301268728343923962E-17 ) ) ;
#3567 = LINE ( 'NONE', #2307, #2956 ) ;
#3568 = DIRECTION ( 'NONE',  ( 0.000000000000000000, -1.000000000000000000, 4.461994495156348024E-30 ) ) ;
#3569 = ORIENTED_EDGE ( 'NONE', *, *, #352, .F. ) ;
#3570 = DIRECTION ( 'NONE',  ( -1.301268728343924116E-17, 0.000000000000000000, -1.000000000000000000 ) ) ;
#3571 = ORIENTED_EDGE ( 'NONE', *, *, #2703, .F. ) ;
#3572 = DIRECTION ( 'NONE',  ( 1.000000000000000000, -6.700369425960418635E-17, -1.301268728343923962E-17 ) ) ;
#3573 = DIRECTION ( 'NONE',  ( 0.000000000000000000, 1.000000000000000000, 0.000000000000000000 ) ) ;
#3574 = DIRECTION ( 'NONE',  ( -1.000000000000000000, 0.000000000000000000, 0.000000000000000000 ) ) ;
#3575 = DIRECTION ( 'NONE',  ( -1.000000000000000000, 0.000000000000000000, 0.000000000000000000 ) ) ;
#3576 = VECTOR ( 'NONE', #2481, 1000.000000000000000 ) ;
#3577 = EDGE_CURVE ( 'NONE', #2178, #4301, #1175, .T. ) ;
#3578 = VECTOR ( 'NONE', #4339, 1000.000000000000000 ) ;
#3579 = ORIENTED_EDGE ( 'NONE', *, *, #4420, .F. ) ;
#3580 = CARTESIAN_POINT ( 'NONE',  ( -22.86009485345630310, -71.29999999999999716, -21.81600000000000250 ) ) ;
#3581 = EDGE_CURVE ( 'NONE', #3733, #3791, #4566, .T. ) ;
#3582 = VECTOR ( 'NONE', #3684, 1000.000000000000000 ) ;
#3583 = VECTOR ( 'NONE', #45, 1000.000000000000000 ) ;
#3584 = DIRECTION ( 'NONE',  ( 1.000000000000000000, 0.000000000000000000, 0.000000000000000000 ) ) ;
#3585 = VERTEX_POINT ( 'NONE', #3379 ) ;
#3586 = DIRECTION ( 'NONE',  ( -1.301268728343923962E-17, -4.462663340991622160E-30, -1.000000000000000000 ) ) ;
#3587 = DIRECTION ( 'NONE',  ( -1.301268728343923962E-17, -4.462663340991622160E-30, -1.000000000000000000 ) ) ;
#3588 = EDGE_LOOP ( 'NONE', ( #1555, #389, #3774, #4239, #724, #4998, #891, #2631, #3700, #3975, #4149, #5334 ) ) ;
#3589 = DIRECTION ( 'NONE',  ( -1.000000000000000000, 0.000000000000000000, 0.000000000000000000 ) ) ;
#3590 = EDGE_CURVE ( 'NONE', #277, #847, #2136, .T. ) ;
#3591 = VECTOR ( 'NONE', #5122, 1000.000000000000000 ) ;
#3592 = ORIENTED_EDGE ( 'NONE', *, *, #769, .F. ) ;
#3593 = AXIS2_PLACEMENT_3D ( 'NONE', #873, #1768, #477 ) ;
#3594 = EDGE_LOOP ( 'NONE', ( #5050, #3016, #4879, #3116 ) ) ;
#3595 = CARTESIAN_POINT ( 'NONE',  ( 19.15000000000000213, -43.95000000000000995, 2.000000000000000000 ) ) ;
#3596 = DIRECTION ( 'NONE',  ( -1.000000000000000000, 0.000000000000000000, 0.000000000000000000 ) ) ;
#3597 = CARTESIAN_POINT ( 'NONE',  ( 19.14999999999999858, -33.45000000000001705, 2.000000000000000000 ) ) ;
#3598 = ORIENTED_EDGE ( 'NONE', *, *, #5286, .T. ) ;
#3599 = PLANE ( 'NONE',  #3061 ) ;
#3600 = VERTEX_POINT ( 'NONE', #1600 ) ;
#3601 = VECTOR ( 'NONE', #2478, 1000.000000000000000 ) ;
#3602 = DIRECTION ( 'NONE',  ( -1.456771477978507824E-16, 0.000000000000000000, 1.000000000000000000 ) ) ;
#3603 = DIRECTION ( 'NONE',  ( -0.000000000000000000, -0.000000000000000000, 1.000000000000000000 ) ) ;
#3604 = DIRECTION ( 'NONE',  ( 0.000000000000000000, 0.000000000000000000, -1.000000000000000000 ) ) ;
#3605 = DIRECTION ( 'NONE',  ( 1.000000000000000000, -6.700369425960418635E-17, -1.301268728343923962E-17 ) ) ;
#3606 = VECTOR ( 'NONE', #5111, 1000.000000000000000 ) ;
#3607 = ADVANCED_FACE ( 'NONE', ( #4185 ), #19, .F. ) ;
#3608 = VECTOR ( 'NONE', #5155, 1000.000000000000000 ) ;
#3609 = AXIS2_PLACEMENT_3D ( 'NONE', #1259, #4619, #823 ) ;
#3610 = ORIENTED_EDGE ( 'NONE', *, *, #4691, .T. ) ;
#3611 = DIRECTION ( 'NONE',  ( 0.000000000000000000, 1.000000000000000000, 0.000000000000000000 ) ) ;
#3612 = AXIS2_PLACEMENT_3D ( 'NONE', #1739, #450, #394 ) ;
#3613 = AXIS2_PLACEMENT_3D ( 'NONE', #707, #2399, #2901 ) ;
#3614 = ORIENTED_EDGE ( 'NONE', *, *, #4053, .T. ) ;
#3615 = LINE ( 'NONE', #4877, #3419 ) ;
#3616 = CARTESIAN_POINT ( 'NONE',  ( 0.000000000000000000, -34.79999999999999716, -14.68999999999999595 ) ) ;
#3617 = EDGE_LOOP ( 'NONE', ( #5326, #3198, #2845, #1126 ) ) ;
#3618 = PLANE ( 'NONE',  #5108 ) ;
#3619 = CIRCLE ( 'NONE', #1671, 4.250000000000003553 ) ;
#3620 = ORIENTED_EDGE ( 'NONE', *, *, #4268, .F. ) ;
#3621 = EDGE_CURVE ( 'NONE', #5158, #2526, #1262, .T. ) ;
#3622 = CARTESIAN_POINT ( 'NONE',  ( -24.00000000000002132, -67.80000000000003979, -26.80281151192504652 ) ) ;
#3623 = LINE ( 'NONE', #1504, #1013 ) ;
#3624 = DIRECTION ( 'NONE',  ( -1.000000000000000000, 0.000000000000000000, -0.000000000000000000 ) ) ;
#3625 = EDGE_LOOP ( 'NONE', ( #2477, #3784, #5010, #343 ) ) ;
#3626 = DIRECTION ( 'NONE',  ( 1.000000000000000000, 0.000000000000000000, -1.301268728343924116E-17 ) ) ;
#3627 = ORIENTED_EDGE ( 'NONE', *, *, #2385, .F. ) ;
#3628 = CARTESIAN_POINT ( 'NONE',  ( 17.61999999999999744, -44.54500000000001592, -14.68999999999999595 ) ) ;
#3629 = DIRECTION ( 'NONE',  ( -1.000000000000000000, 0.000000000000000000, 1.301268728343923962E-17 ) ) ;
#3630 = CARTESIAN_POINT ( 'NONE',  ( -30.45000000000000284, -10.49999999999999467, -7.500000000000000000 ) ) ;
#3631 = DIRECTION ( 'NONE',  ( -1.000000000000000000, 6.736790197968183597E-17, 0.000000000000000000 ) ) ;
#3632 = VERTEX_POINT ( 'NONE', #3290 ) ;
#3633 = CARTESIAN_POINT ( 'NONE',  ( 0.000000000000000000, -34.11249999999999005, -26.78862120850496709 ) ) ;
#3634 = VERTEX_POINT ( 'NONE', #1663 ) ;
#3635 = DIRECTION ( 'NONE',  ( 1.000000000000000000, -5.806253902589690953E-47, -1.301268728343924116E-17 ) ) ;
#3636 = CARTESIAN_POINT ( 'NONE',  ( -24.49999999999998934, 24.19999999999998508, 0.000000000000000000 ) ) ;
#3637 = ORIENTED_EDGE ( 'NONE', *, *, #2077, .T. ) ;
#3638 = DIRECTION ( 'NONE',  ( -1.000000000000000000, -0.000000000000000000, -0.000000000000000000 ) ) ;
#3639 = ORIENTED_EDGE ( 'NONE', *, *, #727, .T. ) ;
#3640 = VECTOR ( 'NONE', #5310, 1000.000000000000000 ) ;
#3641 = CARTESIAN_POINT ( 'NONE',  ( 34.50000000000000000, -73.29999999999999716, 2.000000000000000000 ) ) ;
#3642 = DIRECTION ( 'NONE',  ( 0.000000000000000000, 0.000000000000000000, -1.000000000000000000 ) ) ;
#3643 = LINE ( 'NONE', #1195, #4679 ) ;
#3644 = ORIENTED_EDGE ( 'NONE', *, *, #3212, .F. ) ;
#3645 = CARTESIAN_POINT ( 'NONE',  ( 6.636470514554011467E-17, -44.54500000000001592, -9.589999999999998082 ) ) ;
#3646 = CIRCLE ( 'NONE', #1246, 1.875000000000003109 ) ;
#3647 = EDGE_CURVE ( 'NONE', #3365, #1528, #2485, .T. ) ;
#3648 = ORIENTED_EDGE ( 'NONE', *, *, #5303, .T. ) ;
#3649 = CARTESIAN_POINT ( 'NONE',  ( -27.99999999999999289, -67.80000000000003979, 0.000000000000000000 ) ) ;
#3650 = DIRECTION ( 'NONE',  ( -0.000000000000000000, -0.000000000000000000, 1.000000000000000000 ) ) ;
#3651 = CARTESIAN_POINT ( 'NONE',  ( 5.208733445923128736E-17, -70.80000000000001137, -22.79999999999999716 ) ) ;
#3652 = CARTESIAN_POINT ( 'NONE',  ( -28.49999999999998934, 24.19999999999998508, 0.000000000000000000 ) ) ;
#3653 = EDGE_CURVE ( 'NONE', #3371, #255, #4245, .T. ) ;
#3654 = CIRCLE ( 'NONE', #730, 10.27102224193584057 ) ;
#3655 = DIRECTION ( 'NONE',  ( 1.000000000000000000, 2.213641848835077245E-16, -0.000000000000000000 ) ) ;
#3656 = VERTEX_POINT ( 'NONE', #799 ) ;
#3657 = FACE_BOUND ( 'NONE', #1509, .T. ) ;
#3658 = VECTOR ( 'NONE', #4698, 1000.000000000000000 ) ;
#3659 = VERTEX_POINT ( 'NONE', #3322 ) ;
#3660 = DIRECTION ( 'NONE',  ( -0.000000000000000000, -0.000000000000000000, 1.000000000000000000 ) ) ;
#3661 = AXIS2_PLACEMENT_3D ( 'NONE', #1432, #3493, #2698 ) ;
#3662 = FACE_OUTER_BOUND ( 'NONE', #639, .T. ) ;
#3663 = ORIENTED_EDGE ( 'NONE', *, *, #5036, .F. ) ;
#3664 = CARTESIAN_POINT ( 'NONE',  ( -5.249999999999998224, -38.21249999999997726, -19.68999999999999417 ) ) ;
#3665 = FACE_OUTER_BOUND ( 'NONE', #3030, .T. ) ;
#3666 = ADVANCED_FACE ( 'NONE', ( #4216 ), #405, .F. ) ;
#3667 = VERTEX_POINT ( 'NONE', #2109 ) ;
#3668 = LINE ( 'NONE', #3168, #127 ) ;
#3669 = PLANE ( 'NONE',  #3346 ) ;
#3670 = ORIENTED_EDGE ( 'NONE', *, *, #5011, .T. ) ;
#3671 = ORIENTED_EDGE ( 'NONE', *, *, #183, .T. ) ;
#3672 = DIRECTION ( 'NONE',  ( -1.254772857849411939E-16, -1.000000000000000000, 4.463627291837442472E-30 ) ) ;
#3673 = VECTOR ( 'NONE', #2406, 1000.000000000000000 ) ;
#3674 = ADVANCED_FACE ( 'NONE', ( #5405 ), #771, .F. ) ;
#3675 = VERTEX_POINT ( 'NONE', #4596 ) ;
#3676 = AXIS2_PLACEMENT_3D ( 'NONE', #5467, #776, #1633 ) ;
#3677 = LINE ( 'NONE', #4015, #4368 ) ;
#3678 = PLANE ( 'NONE',  #3049 ) ;
#3679 = DIRECTION ( 'NONE',  ( 1.000000000000000000, 0.000000000000000000, -1.301268728343923962E-17 ) ) ;
#3680 = CARTESIAN_POINT ( 'NONE',  ( -12.86009485345630132, -73.29999999999999716, -21.81600000000000250 ) ) ;
#3681 = AXIS2_PLACEMENT_3D ( 'NONE', #3986, #4805, #466 ) ;
#3682 = EDGE_CURVE ( 'NONE', #3667, #1888, #375, .T. ) ;
#3683 = VECTOR ( 'NONE', #5070, 1000.000000000000000 ) ;
#3684 = DIRECTION ( 'NONE',  ( -1.000000000000000000, 0.000000000000000000, 1.301268728343923962E-17 ) ) ;
#3685 = FACE_OUTER_BOUND ( 'NONE', #1221, .T. ) ;
#3686 = EDGE_LOOP ( 'NONE', ( #143, #3958, #3462, #4044, #2402 ) ) ;
#3687 = CARTESIAN_POINT ( 'NONE',  ( 26.50000000000000000, -70.79999999999999716, -22.79999999999999716 ) ) ;
#3688 = VECTOR ( 'NONE', #3568, 1000.000000000000000 ) ;
#3689 = EDGE_CURVE ( 'NONE', #2685, #140, #1751, .T. ) ;
#3690 = ORIENTED_EDGE ( 'NONE', *, *, #3065, .T. ) ;
#3691 = FACE_OUTER_BOUND ( 'NONE', #2463, .T. ) ;
#3692 = DIRECTION ( 'NONE',  ( -0.000000000000000000, -0.000000000000000000, 1.000000000000000000 ) ) ;
#3693 = ORIENTED_EDGE ( 'NONE', *, *, #4447, .F. ) ;
#3694 = CARTESIAN_POINT ( 'NONE',  ( 24.99999999999999289, -40.30000000000001137, -14.68999999999999595 ) ) ;
#3695 = ORIENTED_EDGE ( 'NONE', *, *, #3296, .T. ) ;
#3696 = AXIS2_PLACEMENT_3D ( 'NONE', #4878, #335, #4107 ) ;
#3697 = ORIENTED_EDGE ( 'NONE', *, *, #1598, .T. ) ;
#3698 = CARTESIAN_POINT ( 'NONE',  ( 26.50000000000000000, -70.79999999999999716, -23.81599999999999540 ) ) ;
#3699 = VECTOR ( 'NONE', #3106, 1000.000000000000000 ) ;
#3700 = ORIENTED_EDGE ( 'NONE', *, *, #3073, .T. ) ;
#3701 = CARTESIAN_POINT ( 'NONE',  ( 15.99999999999999289, -34.79999999999999716, -29.58949493661166841 ) ) ;
#3702 = CARTESIAN_POINT ( 'NONE',  ( 12.64999999999999858, -47.95000000000000995, -14.68999999999999417 ) ) ;
#3703 = ORIENTED_EDGE ( 'NONE', *, *, #1958, .T. ) ;
#3704 = PLANE ( 'NONE',  #1914 ) ;
#3705 = VERTEX_POINT ( 'NONE', #2051 ) ;
#3706 = CARTESIAN_POINT ( 'NONE',  ( 26.64999999999999858, -70.80000000000001137, -23.81599999999999540 ) ) ;
#3707 = LINE ( 'NONE', #5401, #653 ) ;
#3708 = DIRECTION ( 'NONE',  ( -6.700369425960418635E-17, -1.000000000000000000, 4.463535239111857813E-30 ) ) ;
#3709 = CARTESIAN_POINT ( 'NONE',  ( -26.64999999999999147, 22.34999999999998366, -23.81599999999999540 ) ) ;
#3710 = EDGE_CURVE ( 'NONE', #3155, #4251, #157, .T. ) ;
#3711 = CARTESIAN_POINT ( 'NONE',  ( 28.00000000000000000, -70.80000000000001137, -29.47285424949237864 ) ) ;
#3712 = CARTESIAN_POINT ( 'NONE',  ( 21.90000000000000213, -14.74999999999998934, -7.500000000000000000 ) ) ;
#3713 = DIRECTION ( 'NONE',  ( -0.9230769230769230171, 6.184956393194403917E-17, 0.3846153846153848588 ) ) ;
#3714 = VERTEX_POINT ( 'NONE', #2626 ) ;
#3715 = DIRECTION ( 'NONE',  ( -1.000000000000000000, 0.000000000000000000, 0.000000000000000000 ) ) ;
#3716 = EDGE_CURVE ( 'NONE', #529, #4503, #461, .T. ) ;
#3717 = ORIENTED_EDGE ( 'NONE', *, *, #685, .F. ) ;
#3718 = CARTESIAN_POINT ( 'NONE',  ( -28.94999999999999929, -10.49999999999999467, -7.500000000000000000 ) ) ;
#3719 = CARTESIAN_POINT ( 'NONE',  ( -24.00000000000002132, -59.47499999999998721, 0.000000000000000000 ) ) ;
#3720 = EDGE_LOOP ( 'NONE', ( #2908, #2716, #1033, #7 ) ) ;
#3721 = CARTESIAN_POINT ( 'NONE',  ( -12.86009485345630310, 29.70099999999998985, -9.907999999999999474 ) ) ;
#3722 = VERTEX_POINT ( 'NONE', #3888 ) ;
#3723 = ADVANCED_FACE ( 'NONE', ( #1350 ), #4051, .F. ) ;
#3724 = EDGE_CURVE ( 'NONE', #3757, #4994, #1778, .T. ) ;
#3725 = DIRECTION ( 'NONE',  ( 1.000000000000000000, -0.000000000000000000, -0.000000000000000000 ) ) ;
#3726 = ORIENTED_EDGE ( 'NONE', *, *, #1679, .T. ) ;
#3727 = CARTESIAN_POINT ( 'NONE',  ( 19.14999999999999858, -35.95000000000001705, 2.000000000000000000 ) ) ;
#3728 = DIRECTION ( 'NONE',  ( 1.000000000000000000, 0.000000000000000000, 0.000000000000000000 ) ) ;
#3729 = ORIENTED_EDGE ( 'NONE', *, *, #3008, .T. ) ;
#3730 = VERTEX_POINT ( 'NONE', #518 ) ;
#3731 = DIRECTION ( 'NONE',  ( 1.000000000000000000, 0.000000000000000000, 0.000000000000000000 ) ) ;
#3732 = EDGE_CURVE ( 'NONE', #4021, #2498, #885, .T. ) ;
#3733 = VERTEX_POINT ( 'NONE', #3521 ) ;
#3734 = LINE ( 'NONE', #4969, #2160 ) ;
#3735 = LINE ( 'NONE', #371, #4381 ) ;
#3736 = LINE ( 'NONE', #3765, #947 ) ;
#3737 = LINE ( 'NONE', #3350, #1387 ) ;
#3738 = CARTESIAN_POINT ( 'NONE',  ( 16.44807661759172746, -46.45000000000000995, 2.000000000000000000 ) ) ;
#3739 = LINE ( 'NONE', #1296, #2766 ) ;
#3740 = FACE_OUTER_BOUND ( 'NONE', #1871, .T. ) ;
#3741 = ORIENTED_EDGE ( 'NONE', *, *, #2426, .T. ) ;
#3742 = DIRECTION ( 'NONE',  ( -1.301268728343923962E-17, -4.462663340991622160E-30, -1.000000000000000000 ) ) ;
#3743 = EDGE_LOOP ( 'NONE', ( #3410, #4717 ) ) ;
#3744 = EDGE_CURVE ( 'NONE', #5231, #3075, #128, .T. ) ;
#3745 = VERTEX_POINT ( 'NONE', #3932 ) ;
#3746 = DIRECTION ( 'NONE',  ( -0.000000000000000000, 0.000000000000000000, 1.000000000000000000 ) ) ;
#3747 = CARTESIAN_POINT ( 'NONE',  ( 26.64999999999999858, -67.80000000000003979, -23.81599999999999540 ) ) ;
#3748 = ORIENTED_EDGE ( 'NONE', *, *, #3024, .T. ) ;
#3749 = LINE ( 'NONE', #839, #2005 ) ;
#3750 = VECTOR ( 'NONE', #5005, 1000.000000000000000 ) ;
#3751 = VECTOR ( 'NONE', #3533, 1000.000000000000000 ) ;
#3752 = DIRECTION ( 'NONE',  ( -1.000000000000000000, 0.000000000000000000, 0.000000000000000000 ) ) ;
#3753 = VERTEX_POINT ( 'NONE', #963 ) ;
#3754 = ADVANCED_FACE ( 'NONE', ( #1375 ), #3013, .F. ) ;
#3755 = DIRECTION ( 'NONE',  ( -0.000000000000000000, -0.000000000000000000, 1.000000000000000000 ) ) ;
#3756 = DIRECTION ( 'NONE',  ( 0.000000000000000000, 0.000000000000000000, -1.000000000000000000 ) ) ;
#3757 = VERTEX_POINT ( 'NONE', #3094 ) ;
#3758 = VERTEX_POINT ( 'NONE', #3909 ) ;
#3759 = DIRECTION ( 'NONE',  ( 0.000000000000000000, 0.000000000000000000, -1.000000000000000000 ) ) ;
#3760 = VECTOR ( 'NONE', #3355, 1000.000000000000000 ) ;
#3761 = VERTEX_POINT ( 'NONE', #937 ) ;
#3762 = CARTESIAN_POINT ( 'NONE',  ( 14.15000000000000391, -1.888179783467041201E-15, -9.589999999999998082 ) ) ;
#3763 = VECTOR ( 'NONE', #3797, 1000.000000000000000 ) ;
#3764 = CARTESIAN_POINT ( 'NONE',  ( 12.64999999999999858, -47.95000000000000995, -40.42029184550956700 ) ) ;
#3765 = CARTESIAN_POINT ( 'NONE',  ( -33.89583333333333570, 5.349999999999994316, -17.61599999999999611 ) ) ;
#3766 = CARTESIAN_POINT ( 'NONE',  ( -33.89583333333333570, 5.349999999999994316, -17.61599999999999611 ) ) ;
#3767 = AXIS2_PLACEMENT_3D ( 'NONE', #1867, #3586, #689 ) ;
#3768 = CARTESIAN_POINT ( 'NONE',  ( -24.49999999999998934, 22.34999999999998366, -29.47285424949237864 ) ) ;
#3769 = CARTESIAN_POINT ( 'NONE',  ( 32.50000000000000000, -71.29999999999999716, 0.000000000000000000 ) ) ;
#3770 = CARTESIAN_POINT ( 'NONE',  ( 34.50000000000000000, -73.29999999999999716, 2.000000000000000000 ) ) ;
#3771 = ORIENTED_EDGE ( 'NONE', *, *, #3536, .T. ) ;
#3772 = CARTESIAN_POINT ( 'NONE',  ( -0.000000000000000000, -38.21249999999998437, 0.000000000000000000 ) ) ;
#3773 = VECTOR ( 'NONE', #2787, 1000.000000000000000 ) ;
#3774 = ORIENTED_EDGE ( 'NONE', *, *, #3653, .F. ) ;
#3775 = EDGE_CURVE ( 'NONE', #4753, #1476, #1558, .T. ) ;
#3776 = CIRCLE ( 'NONE', #1648, 2.499999999999998668 ) ;
#3777 = ORIENTED_EDGE ( 'NONE', *, *, #1385, .F. ) ;
#3778 = DIRECTION ( 'NONE',  ( -1.000000000000000000, 0.000000000000000000, 0.000000000000000000 ) ) ;
#3779 = PLANE ( 'NONE',  #3289 ) ;
#3780 = DIRECTION ( 'NONE',  ( 0.000000000000000000, 0.000000000000000000, -1.000000000000000000 ) ) ;
#3781 = ORIENTED_EDGE ( 'NONE', *, *, #978, .T. ) ;
#3782 = AXIS2_PLACEMENT_3D ( 'NONE', #3068, #5157, #965 ) ;
#3783 = EDGE_CURVE ( 'NONE', #3145, #4854, #1804, .T. ) ;
#3784 = ORIENTED_EDGE ( 'NONE', *, *, #1714, .F. ) ;
#3785 = DIRECTION ( 'NONE',  ( 4.956352788505165240E-16, 1.000000000000000000, -0.000000000000000000 ) ) ;
#3786 = ORIENTED_EDGE ( 'NONE', *, *, #183, .F. ) ;
#3787 = LINE ( 'NONE', #2445, #3130 ) ;
#3788 = CARTESIAN_POINT ( 'NONE',  ( 21.90000000000000213, 8.000000000000001776, 0.000000000000000000 ) ) ;
#3789 = CONICAL_SURFACE ( 'NONE', #4135, 1.875000000000005107, 0.7853981633974539411 ) ;
#3790 = VERTEX_POINT ( 'NONE', #986 ) ;
#3791 = VERTEX_POINT ( 'NONE', #2647 ) ;
#3792 = DIRECTION ( 'NONE',  ( 0.000000000000000000, 1.000000000000000000, -4.461994495156348024E-30 ) ) ;
#3793 = ORIENTED_EDGE ( 'NONE', *, *, #4207, .F. ) ;
#3794 = EDGE_CURVE ( 'NONE', #2378, #1830, #5210, .T. ) ;
#3795 = VECTOR ( 'NONE', #1338, 1000.000000000000000 ) ;
#3796 = PLANE ( 'NONE',  #467 ) ;
#3797 = DIRECTION ( 'NONE',  ( -0.000000000000000000, -0.000000000000000000, 1.000000000000000000 ) ) ;
#3798 = DIRECTION ( 'NONE',  ( 0.000000000000000000, -1.000000000000000000, 0.000000000000000000 ) ) ;
#3799 = DIRECTION ( 'NONE',  ( -0.000000000000000000, -0.000000000000000000, -1.000000000000000000 ) ) ;
#3800 = VECTOR ( 'NONE', #2401, 1000.000000000000000 ) ;
#3801 = EDGE_CURVE ( 'NONE', #3436, #4104, #3619, .T. ) ;
#3802 = DIRECTION ( 'NONE',  ( -0.000000000000000000, -0.000000000000000000, -1.000000000000000000 ) ) ;
#3803 = DIRECTION ( 'NONE',  ( -1.000000000000000000, 1.982541115402065702E-15, 1.301268728343924116E-17 ) ) ;
#3804 =( NAMED_UNIT ( * ) SI_UNIT ( $, .STERADIAN. ) SOLID_ANGLE_UNIT ( ) );
#3805 = ORIENTED_EDGE ( 'NONE', *, *, #4572, .T. ) ;
#3806 = DIRECTION ( 'NONE',  ( -1.000000000000000000, 0.000000000000000000, -0.000000000000000000 ) ) ;
#3807 = VERTEX_POINT ( 'NONE', #536 ) ;
#3808 = ORIENTED_EDGE ( 'NONE', *, *, #2834, .T. ) ;
#3809 = CARTESIAN_POINT ( 'NONE',  ( -17.88068149462397116, 10.41931850537599935, -6.940340747311984693 ) ) ;
#3810 = FACE_BOUND ( 'NONE', #2609, .T. ) ;
#3811 = EDGE_CURVE ( 'NONE', #455, #4957, #2543, .T. ) ;
#3812 = DIRECTION ( 'NONE',  ( -1.301268728343923962E-17, -4.461994495156348024E-30, -1.000000000000000000 ) ) ;
#3813 = ORIENTED_EDGE ( 'NONE', *, *, #2116, .T. ) ;
#3814 = VERTEX_POINT ( 'NONE', #2264 ) ;
#3815 = CARTESIAN_POINT ( 'NONE',  ( 18.18000000000000327, -43.12000000000001876, -9.589999999999998082 ) ) ;
#3816 = ORIENTED_EDGE ( 'NONE', *, *, #1584, .T. ) ;
#3817 = CARTESIAN_POINT ( 'NONE',  ( 15.99999999999999289, -31.29999999999999361, -21.30000000000000426 ) ) ;
#3818 = CARTESIAN_POINT ( 'NONE',  ( 19.15000000000000213, -46.45000000000000995, 2.000000000000000000 ) ) ;
#3819 = ORIENTED_EDGE ( 'NONE', *, *, #1764, .T. ) ;
#3820 = ADVANCED_FACE ( 'NONE', ( #5129 ), #2669, .T. ) ;
#3821 = DIRECTION ( 'NONE',  ( 0.000000000000000000, 1.000000000000000000, -4.461994495156348024E-30 ) ) ;
#3822 = EDGE_CURVE ( 'NONE', #4773, #1761, #4269, .T. ) ;
#3823 = ORIENTED_EDGE ( 'NONE', *, *, #1944, .T. ) ;
#3824 = CARTESIAN_POINT ( 'NONE',  ( -24.00000000000002132, -59.47499999999998721, -21.30000000000000071 ) ) ;
#3825 = CARTESIAN_POINT ( 'NONE',  ( 18.18000000000000327, -35.35500000000001108, -14.68999999999999595 ) ) ;
#3826 = PLANE ( 'NONE',  #3609 ) ;
#3827 = EDGE_CURVE ( 'NONE', #1107, #4104, #4712, .T. ) ;
#3828 = DIRECTION ( 'NONE',  ( 0.000000000000000000, 0.000000000000000000, -1.000000000000000000 ) ) ;
#3829 = PLANE ( 'NONE',  #4987 ) ;
#3830 = LINE ( 'NONE', #4354, #2202 ) ;
#3831 = ORIENTED_EDGE ( 'NONE', *, *, #138, .F. ) ;
#3832 = PLANE ( 'NONE',  #1374 ) ;
#3833 = ADVANCED_FACE ( 'NONE', ( #4158, #2873 ), #5465, .T. ) ;
#3834 = VECTOR ( 'NONE', #4049, 1000.000000000000000 ) ;
#3835 = ORIENTED_EDGE ( 'NONE', *, *, #2768, .F. ) ;
#3836 = ORIENTED_EDGE ( 'NONE', *, *, #1752, .F. ) ;
#3837 = DIRECTION ( 'NONE',  ( 2.668805347656626678E-16, -1.000000000000000000, 0.000000000000000000 ) ) ;
#3838 = CARTESIAN_POINT ( 'NONE',  ( 16.64961923789097753, -33.45000000000001705, -9.546368983906788230 ) ) ;
#3839 = DIRECTION ( 'NONE',  ( 1.000000000000000000, 0.000000000000000000, 0.000000000000000000 ) ) ;
#3840 = ORIENTED_EDGE ( 'NONE', *, *, #2321, .T. ) ;
#3841 = LINE ( 'NONE', #1816, #4893 ) ;
#3842 = ORIENTED_EDGE ( 'NONE', *, *, #1353, .F. ) ;
#3843 = DIRECTION ( 'NONE',  ( -1.000000000000000000, -0.000000000000000000, -0.000000000000000000 ) ) ;
#3844 = VECTOR ( 'NONE', #1510, 1000.000000000000000 ) ;
#3845 = DIRECTION ( 'NONE',  ( -1.000000000000000000, -0.000000000000000000, -0.000000000000000000 ) ) ;
#3846 = EDGE_LOOP ( 'NONE', ( #420, #314 ) ) ;
#3847 = ORIENTED_EDGE ( 'NONE', *, *, #2169, .T. ) ;
#3848 = CARTESIAN_POINT ( 'NONE',  ( 24.49999999999999645, 24.19999999999998508, 0.000000000000000000 ) ) ;
#3849 = VERTEX_POINT ( 'NONE', #708 ) ;
#3850 = AXIS2_PLACEMENT_3D ( 'NONE', #5363, #1554, #2917 ) ;
#3851 = CARTESIAN_POINT ( 'NONE',  ( 24.99999999999999289, -0.000000000000000000, 0.000000000000000000 ) ) ;
#3852 = CARTESIAN_POINT ( 'NONE',  ( 32.50000000000000711, 27.69999999999998863, -145.7918040909596300 ) ) ;
#3853 = EDGE_CURVE ( 'NONE', #2693, #1618, #4569, .T. ) ;
#3854 = LINE ( 'NONE', #2953, #3527 ) ;
#3855 = CIRCLE ( 'NONE', #1447, 1.875000000000005107 ) ;
#3856 = VECTOR ( 'NONE', #615, 1000.000000000000000 ) ;
#3857 = CARTESIAN_POINT ( 'NONE',  ( 27.19669914110088627, -47.57500000000000284, -17.61599999999999255 ) ) ;
#3858 = DIRECTION ( 'NONE',  ( 0.000000000000000000, -1.000000000000000000, 0.000000000000000000 ) ) ;
#3859 = FACE_OUTER_BOUND ( 'NONE', #3342, .T. ) ;
#3860 = ORIENTED_EDGE ( 'NONE', *, *, #2758, .T. ) ;
#3861 = LINE ( 'NONE', #562, #4388 ) ;
#3862 = AXIS2_PLACEMENT_3D ( 'NONE', #361, #3270, #1611 ) ;
#3863 = VECTOR ( 'NONE', #4028, 1000.000000000000000 ) ;
#3864 = EDGE_CURVE ( 'NONE', #4583, #842, #3356, .T. ) ;
#3865 = VECTOR ( 'NONE', #3206, 1000.000000000000000 ) ;
#3866 = ORIENTED_EDGE ( 'NONE', *, *, #4763, .T. ) ;
#3867 = DIRECTION ( 'NONE',  ( 0.000000000000000000, 0.000000000000000000, -1.000000000000000000 ) ) ;
#3868 = CYLINDRICAL_SURFACE ( 'NONE', #5453, 2.749999999999999112 ) ;
#3869 = CIRCLE ( 'NONE', #3234, 2.750000000000009326 ) ;
#3870 = ORIENTED_EDGE ( 'NONE', *, *, #517, .F. ) ;
#3871 = LINE ( 'NONE', #3053, #828 ) ;
#3872 = VERTEX_POINT ( 'NONE', #5044 ) ;
#3873 = AXIS2_PLACEMENT_3D ( 'NONE', #3721, #5024, #306 ) ;
#3874 = CARTESIAN_POINT ( 'NONE',  ( 13.94769579748195909, -34.48553390593274770, 2.000000000000000000 ) ) ;
#3875 = CARTESIAN_POINT ( 'NONE',  ( 28.49999999999999645, 0.000000000000000000, -29.47285424949237864 ) ) ;
#3876 = ORIENTED_EDGE ( 'NONE', *, *, #1919, .F. ) ;
#3877 = DIRECTION ( 'NONE',  ( -1.000000000000000000, 0.000000000000000000, 1.301268728343923962E-17 ) ) ;
#3878 = ORIENTED_EDGE ( 'NONE', *, *, #2893, .F. ) ;
#3879 = ADVANCED_FACE ( 'NONE', ( #3740 ), #295, .T. ) ;
#3880 = FACE_OUTER_BOUND ( 'NONE', #721, .T. ) ;
#3881 = VECTOR ( 'NONE', #97, 1000.000000000000000 ) ;
#3882 = LINE ( 'NONE', #2212, #4112 ) ;
#3883 = CARTESIAN_POINT ( 'NONE',  ( 19.60499999999999687, -36.78000000000000824, -9.589999999999998082 ) ) ;
#3884 = VECTOR ( 'NONE', #204, 1000.000000000000000 ) ;
#3885 = ORIENTED_EDGE ( 'NONE', *, *, #3101, .F. ) ;
#3886 = EDGE_CURVE ( 'NONE', #3264, #3485, #4979, .T. ) ;
#3887 = PRODUCT_DEFINITION_FORMATION_WITH_SPECIFIED_SOURCE ( 'ANY', '', #993, .NOT_KNOWN. ) ;
#3888 = CARTESIAN_POINT ( 'NONE',  ( 17.61999999999999744, -35.35500000000001108, -14.68999999999999595 ) ) ;
#3889 = DIRECTION ( 'NONE',  ( 1.000000000000000000, 0.000000000000000000, -1.301268728343924116E-17 ) ) ;
#3890 = ADVANCED_FACE ( 'NONE', ( #3685 ), #1237, .F. ) ;
#3891 = ORIENTED_EDGE ( 'NONE', *, *, #5399, .T. ) ;
#3892 = DIRECTION ( 'NONE',  ( -7.767418549149889834E-17, -1.000000000000000000, 0.000000000000000000 ) ) ;
#3893 = FACE_OUTER_BOUND ( 'NONE', #665, .T. ) ;
#3894 = ORIENTED_EDGE ( 'NONE', *, *, #1903, .T. ) ;
#3895 = CARTESIAN_POINT ( 'NONE',  ( -34.50000000000000000, 27.19999999999998863, 2.000000000000000000 ) ) ;
#3896 = EDGE_LOOP ( 'NONE', ( #1256, #2420, #2155, #2562, #4540, #173, #1904, #1219, #3528, #305, #3482, #1151, #3781, #3816, #2500, #4272, #1976, #976 ) ) ;
#3897 = CARTESIAN_POINT ( 'NONE',  ( 13.40000000000000036, -0.5000000000000532907, 2.000000000000000000 ) ) ;
#3898 = CARTESIAN_POINT ( 'NONE',  ( -32.50000000000000000, -71.29999999999999716, 0.000000000000000000 ) ) ;
#3899 = VERTEX_POINT ( 'NONE', #2932 ) ;
#3900 = ORIENTED_EDGE ( 'NONE', *, *, #2788, .F. ) ;
#3901 = CARTESIAN_POINT ( 'NONE',  ( -96.00000000000001421, -155.2999999999999829, -19.68999999999999417 ) ) ;
#3902 = EDGE_CURVE ( 'NONE', #3298, #5046, #4755, .T. ) ;
#3903 = ADVANCED_FACE ( 'NONE', ( #3293 ), #4512, .T. ) ;
#3904 = ORIENTED_EDGE ( 'NONE', *, *, #229, .F. ) ;
#3905 = DIRECTION ( 'NONE',  ( -1.000000000000000000, 0.000000000000000000, 0.000000000000000000 ) ) ;
#3906 = DIRECTION ( 'NONE',  ( 0.000000000000000000, -1.000000000000000000, 0.000000000000000000 ) ) ;
#3907 = CARTESIAN_POINT ( 'NONE',  ( -27.99999999999999289, -70.80000000000001137, -29.47285424949237864 ) ) ;
#3908 = ORIENTED_EDGE ( 'NONE', *, *, #2784, .T. ) ;
#3909 = CARTESIAN_POINT ( 'NONE',  ( 22.99999999999999289, -40.30000000000001137, -21.30000000000000071 ) ) ;
#3910 = DIRECTION ( 'NONE',  ( 1.000000000000000000, -0.000000000000000000, 0.000000000000000000 ) ) ;
#3911 = EDGE_CURVE ( 'NONE', #5231, #5337, #2431, .T. ) ;
#3912 = ORIENTED_EDGE ( 'NONE', *, *, #3969, .F. ) ;
#3913 = CARTESIAN_POINT ( 'NONE',  ( -24.49999999999998934, 24.19999999999998508, -29.47285424949237864 ) ) ;
#3914 = VECTOR ( 'NONE', #1097, 1000.000000000000000 ) ;
#3915 = ORIENTED_EDGE ( 'NONE', *, *, #1813, .F. ) ;
#3916 = EDGE_CURVE ( 'NONE', #3273, #4422, #5380, .T. ) ;
#3917 = CARTESIAN_POINT ( 'NONE',  ( 24.99999999999999289, -47.95000000000000995, -40.42029184550956700 ) ) ;
#3918 = ORIENTED_EDGE ( 'NONE', *, *, #3689, .T. ) ;
#3919 = CARTESIAN_POINT ( 'NONE',  ( 22.99999999999999289, -34.79999999999999716, -18.68999999999999417 ) ) ;
#3920 = CARTESIAN_POINT ( 'NONE',  ( -25.82102224193585016, 9.521022241935741093, 0.000000000000000000 ) ) ;
#3921 = ORIENTED_EDGE ( 'NONE', *, *, #3811, .T. ) ;
#3922 = ORIENTED_EDGE ( 'NONE', *, *, #3172, .T. ) ;
#3923 = LINE ( 'NONE', #453, #55 ) ;
#3924 = ORIENTED_EDGE ( 'NONE', *, *, #697, .F. ) ;
#3925 = ADVANCED_FACE ( 'NONE', ( #5352, #2814, #1631 ), #4187, .F. ) ;
#3926 = AXIS2_PLACEMENT_3D ( 'NONE', #512, #3927, #4265 ) ;
#3927 = DIRECTION ( 'NONE',  ( 1.301268728343923962E-17, 4.462663340991622160E-30, 1.000000000000000000 ) ) ;
#3928 = PLANE ( 'NONE',  #1367 ) ;
#3929 = FACE_OUTER_BOUND ( 'NONE', #1491, .T. ) ;
#3930 = VECTOR ( 'NONE', #1527, 1000.000000000000000 ) ;
#3931 = VERTEX_POINT ( 'NONE', #4218 ) ;
#3932 = CARTESIAN_POINT ( 'NONE',  ( -10.24999999999999822, -31.29999999999999361, 0.000000000000000000 ) ) ;
#3933 = VECTOR ( 'NONE', #5211, 1000.000000000000000 ) ;
#3934 = FACE_OUTER_BOUND ( 'NONE', #1884, .T. ) ;
#3935 = CARTESIAN_POINT ( 'NONE',  ( 19.14999999999999858, -35.95000000000001705, -9.589999999999998082 ) ) ;
#3936 = CARTESIAN_POINT ( 'NONE',  ( 3.128977758064159786, -0.5000000000000532907, 2.000000000000000000 ) ) ;
#3937 = VECTOR ( 'NONE', #4971, 1000.000000000000000 ) ;
#3938 = ORIENTED_EDGE ( 'NONE', *, *, #4184, .F. ) ;
#3939 = EDGE_CURVE ( 'NONE', #3283, #3236, #2024, .T. ) ;
#3940 = VERTEX_POINT ( 'NONE', #1145 ) ;
#3941 = DIRECTION ( 'NONE',  ( -1.000000000000000000, 0.000000000000000000, 0.000000000000000000 ) ) ;
#3942 = CIRCLE ( 'NONE', #4025, 1.875000000000001776 ) ;
#3943 = EDGE_CURVE ( 'NONE', #1271, #783, #4537, .T. ) ;
#3944 = AXIS2_PLACEMENT_3D ( 'NONE', #4525, #722, #311 ) ;
#3945 = CARTESIAN_POINT ( 'NONE',  ( -26.19999999999999929, -10.49999999999999467, -7.500000000000000000 ) ) ;
#3946 = ORIENTED_EDGE ( 'NONE', *, *, #3207, .T. ) ;
#3947 = DIRECTION ( 'NONE',  ( 1.000000000000000000, 0.000000000000000000, 0.000000000000000000 ) ) ;
#3948 = DIRECTION ( 'NONE',  ( -0.7071067811865524577, 0.000000000000000000, -0.7071067811865425767 ) ) ;
#3949 = VERTEX_POINT ( 'NONE', #2841 ) ;
#3950 = DIRECTION ( 'NONE',  ( 1.347358039593636719E-16, 1.000000000000000000, -4.463747770039153901E-30 ) ) ;
#3951 = VECTOR ( 'NONE', #3332, 1000.000000000000114 ) ;
#3952 = ORIENTED_EDGE ( 'NONE', *, *, #1654, .T. ) ;
#3953 = VECTOR ( 'NONE', #4782, 1000.000000000000000 ) ;
#3954 = DIRECTION ( 'NONE',  ( 1.000000000000000000, -6.736790197968183597E-17, -0.000000000000000000 ) ) ;
#3955 = ORIENTED_EDGE ( 'NONE', *, *, #1502, .T. ) ;
#3956 = CARTESIAN_POINT ( 'NONE',  ( 0.000000000000000000, -31.29999999999999361, -36.63144236528317776 ) ) ;
#3957 = CARTESIAN_POINT ( 'NONE',  ( -28.49999999999998934, 24.19999999999998508, -23.81599999999999540 ) ) ;
#3958 = ORIENTED_EDGE ( 'NONE', *, *, #3188, .T. ) ;
#3959 = PLANE ( 'NONE',  #3681 ) ;
#3960 = EDGE_CURVE ( 'NONE', #2003, #268, #377, .T. ) ;
#3961 = ORIENTED_EDGE ( 'NONE', *, *, #991, .T. ) ;
#3962 = AXIS2_PLACEMENT_3D ( 'NONE', #1265, #2649, #5131 ) ;
#3963 = DIRECTION ( 'NONE',  ( 0.000000000000000000, 0.000000000000000000, 1.000000000000000000 ) ) ;
#3964 = PLANE ( 'NONE',  #4809 ) ;
#3965 = DIRECTION ( 'NONE',  ( -6.700369425960418635E-17, -1.000000000000000000, 4.463535239111857813E-30 ) ) ;
#3966 = LINE ( 'NONE', #244, #2226 ) ;
#3967 = MANIFOLD_SOLID_BREP ( 'Cut-Extrude8', #5252 ) ;
#3968 = AXIS2_PLACEMENT_3D ( 'NONE', #2230, #4349, #3624 ) ;
#3969 = EDGE_CURVE ( 'NONE', #2289, #2123, #463, .T. ) ;
#3970 = EDGE_LOOP ( 'NONE', ( #5477, #381, #4320, #1355 ) ) ;
#3971 = VECTOR ( 'NONE', #1032, 1000.000000000000000 ) ;
#3972 = ORIENTED_EDGE ( 'NONE', *, *, #879, .F. ) ;
#3973 = CARTESIAN_POINT ( 'NONE',  ( 22.99999999999999289, -36.79999999999999716, -18.68999999999999417 ) ) ;
#3974 = CARTESIAN_POINT ( 'NONE',  ( -20.50000000000002132, 0.000000000000000000, 0.000000000000000000 ) ) ;
#3975 = ORIENTED_EDGE ( 'NONE', *, *, #913, .F. ) ;
#3976 = CARTESIAN_POINT ( 'NONE',  ( -24.00000000000002132, 0.000000000000000000, -32.67675810589293661 ) ) ;
#3977 = CARTESIAN_POINT ( 'NONE',  ( -26.64999999999999147, 20.19999999999998508, -22.80000000000000071 ) ) ;
#3978 = ORIENTED_EDGE ( 'NONE', *, *, #1910, .T. ) ;
#3979 = CARTESIAN_POINT ( 'NONE',  ( -32.00000000000000000, -73.29999999999999716, 2.000000000000000000 ) ) ;
#3980 = ADVANCED_FACE ( 'NONE', ( #407 ), #3044, .F. ) ;
#3981 = ORIENTED_EDGE ( 'NONE', *, *, #3142, .T. ) ;
#3982 = CARTESIAN_POINT ( 'NONE',  ( -22.00000000000000711, -33.29999999999999716, -19.68999999999999417 ) ) ;
#3983 = DIRECTION ( 'NONE',  ( 1.000000000000000000, 0.000000000000000000, 0.000000000000000000 ) ) ;
#3984 = CARTESIAN_POINT ( 'NONE',  ( 0.000000000000000000, -70.30000000000001137, -32.67675810589293661 ) ) ;
#3985 = VERTEX_POINT ( 'NONE', #104 ) ;
#3986 = CARTESIAN_POINT ( 'NONE',  ( 24.99999999999999289, 0.000000000000000000, -26.80281151192504652 ) ) ;
#3987 = ADVANCED_FACE ( 'NONE', ( #4300 ), #493, .T. ) ;
#3988 = ORIENTED_EDGE ( 'NONE', *, *, #3577, .T. ) ;
#3989 = DIRECTION ( 'NONE',  ( -1.334402673828313339E-16, -1.000000000000000000, 0.000000000000000000 ) ) ;
#3990 = ADVANCED_FACE ( 'NONE', ( #3859 ), #52, .F. ) ;
#3991 = LINE ( 'NONE', #1406, #648 ) ;
#3992 = DIRECTION ( 'NONE',  ( -1.301268728343923962E-17, 0.000000000000000000, -1.000000000000000000 ) ) ;
#3993 = CARTESIAN_POINT ( 'NONE',  ( 32.50000000000000711, 0.4249999999999911626, -17.61599999999999611 ) ) ;
#3994 = ADVANCED_FACE ( 'NONE', ( #1755 ), #2138, .F. ) ;
#3995 = EDGE_LOOP ( 'NONE', ( #1744, #2184, #2275, #2863, #3717, #4434 ) ) ;
#3996 = LINE ( 'NONE', #163, #4560 ) ;
#3997 = EDGE_CURVE ( 'NONE', #3807, #4554, #2195, .T. ) ;
#3998 = VECTOR ( 'NONE', #1948, 1000.000000000000000 ) ;
#3999 = CARTESIAN_POINT ( 'NONE',  ( -24.00000000000001066, 5.541878658694697380E-15, -21.30000000000000071 ) ) ;
#4000 = EDGE_LOOP ( 'NONE', ( #2142, #2070 ) ) ;
#4001 = CARTESIAN_POINT ( 'NONE',  ( 24.99999999999999289, -40.30000000000001137, -21.30000000000000426 ) ) ;
#4002 = FACE_OUTER_BOUND ( 'NONE', #969, .T. ) ;
#4003 = ORIENTED_EDGE ( 'NONE', *, *, #2985, .T. ) ;
#4004 = CARTESIAN_POINT ( 'NONE',  ( 0.000000000000000000, -31.29999999999999361, -36.63144236528317776 ) ) ;
#4005 = AXIS2_PLACEMENT_3D ( 'NONE', #4946, #1143, #2813 ) ;
#4006 = VERTEX_POINT ( 'NONE', #4714 ) ;
#4007 = CARTESIAN_POINT ( 'NONE',  ( 24.99999999999999289, -71.29999999999999716, -21.81599999999999540 ) ) ;
#4008 = LINE ( 'NONE', #5316, #2244 ) ;
#4009 = CARTESIAN_POINT ( 'NONE',  ( 23.67102224193584092, -0.5000000000000519584, 2.000000000000000000 ) ) ;
#4010 = ORIENTED_EDGE ( 'NONE', *, *, #3038, .F. ) ;
#4011 = DIRECTION ( 'NONE',  ( 1.000000000000000000, -6.736790197968183597E-17, -0.000000000000000000 ) ) ;
#4012 = EDGE_CURVE ( 'NONE', #842, #915, #3830, .T. ) ;
#4013 = ORIENTED_EDGE ( 'NONE', *, *, #2826, .F. ) ;
#4014 = EDGE_CURVE ( 'NONE', #5332, #3722, #1113, .T. ) ;
#4015 = CARTESIAN_POINT ( 'NONE',  ( 21.64999999999999858, -35.95000000000001705, -9.589999999999998082 ) ) ;
#4016 = CARTESIAN_POINT ( 'NONE',  ( -24.00000000000002132, -46.32499999999998863, -21.30000000000000071 ) ) ;
#4017 = DIRECTION ( 'NONE',  ( 9.723461371658036076E-63, -1.000000000000000000, 4.461994495156348024E-30 ) ) ;
#4018 = CARTESIAN_POINT ( 'NONE',  ( 22.99999999999999289, -61.29999999999999716, -19.68999999999999773 ) ) ;
#4019 = VECTOR ( 'NONE', #5203, 1000.000000000000000 ) ;
#4020 = VECTOR ( 'NONE', #1029, 1000.000000000000000 ) ;
#4021 = VERTEX_POINT ( 'NONE', #22 ) ;
#4022 = DIRECTION ( 'NONE',  ( -0.000000000000000000, -0.000000000000000000, 1.000000000000000000 ) ) ;
#4023 = VECTOR ( 'NONE', #3889, 1000.000000000000000 ) ;
#4024 = EDGE_CURVE ( 'NONE', #820, #35, #1352, .T. ) ;
#4025 = AXIS2_PLACEMENT_3D ( 'NONE', #1141, #4532, #1458 ) ;
#4026 = CARTESIAN_POINT ( 'NONE',  ( 21.90000000000000213, 8.000000000000001776, -7.500000000000000000 ) ) ;
#4027 = VERTEX_POINT ( 'NONE', #2628 ) ;
#4028 = DIRECTION ( 'NONE',  ( 1.000000000000000000, 0.000000000000000000, 0.000000000000000000 ) ) ;
#4029 = LINE ( 'NONE', #5359, #4580 ) ;
#4030 = ORIENTED_EDGE ( 'NONE', *, *, #5476, .F. ) ;
#4031 = FACE_OUTER_BOUND ( 'NONE', #750, .T. ) ;
#4032 = VECTOR ( 'NONE', #5042, 1000.000000000000000 ) ;
#4033 = VECTOR ( 'NONE', #4234, 1000.000000000000000 ) ;
#4034 = EDGE_CURVE ( 'NONE', #4231, #411, #4333, .T. ) ;
#4035 = ORIENTED_EDGE ( 'NONE', *, *, #2907, .T. ) ;
#4036 = CYLINDRICAL_SURFACE ( 'NONE', #3208, 1.424999999999995826 ) ;
#4037 = VERTEX_POINT ( 'NONE', #5101 ) ;
#4038 = VECTOR ( 'NONE', #3389, 1000.000000000000000 ) ;
#4039 = DIRECTION ( 'NONE',  ( -0.000000000000000000, -0.000000000000000000, 1.000000000000000000 ) ) ;
#4040 = DIRECTION ( 'NONE',  ( 0.000000000000000000, 1.000000000000000000, 0.000000000000000000 ) ) ;
#4041 = EDGE_LOOP ( 'NONE', ( #3891, #1559 ) ) ;
#4042 = DIRECTION ( 'NONE',  ( -1.301268728343923962E-17, -4.462663340991622160E-30, -1.000000000000000000 ) ) ;
#4043 = EDGE_CURVE ( 'NONE', #717, #1099, #3415, .T. ) ;
#4044 = ORIENTED_EDGE ( 'NONE', *, *, #1697, .F. ) ;
#4045 = CIRCLE ( 'NONE', #5192, 3.021022241935820141 ) ;
#4046 = CARTESIAN_POINT ( 'NONE',  ( -23.86009485345630310, -71.29999999999999716, -9.907999999999999474 ) ) ;
#4047 = DIRECTION ( 'NONE',  ( -1.347358039593636719E-16, -1.000000000000000000, 4.463747770039153901E-30 ) ) ;
#4048 = LINE ( 'NONE', #3122, #5294 ) ;
#4049 = DIRECTION ( 'NONE',  ( -1.000000000000000000, 0.000000000000000000, 1.301268728343923962E-17 ) ) ;
#4050 = EDGE_CURVE ( 'NONE', #3236, #3667, #4688, .T. ) ;
#4051 = CONICAL_SURFACE ( 'NONE', #4334, 1.875000000000001776, 0.7853981633974541632 ) ;
#4052 = VECTOR ( 'NONE', #4594, 1000.000000000000000 ) ;
#4053 = EDGE_CURVE ( 'NONE', #529, #2384, #1433, .T. ) ;
#4054 = ORIENTED_EDGE ( 'NONE', *, *, #4859, .T. ) ;
#4055 = DIRECTION ( 'NONE',  ( 1.000000000000000000, 0.000000000000000000, 0.000000000000000000 ) ) ;
#4056 = CIRCLE ( 'NONE', #1479, 1.875000000000005107 ) ;
#4057 = VERTEX_POINT ( 'NONE', #2315 ) ;
#4058 = LINE ( 'NONE', #4439, #849 ) ;
#4059 = CARTESIAN_POINT ( 'NONE',  ( 13.13074880676830070, -13.25000000000000355, -7.500000000000000000 ) ) ;
#4060 = VERTEX_POINT ( 'NONE', #3630 ) ;
#4061 = CARTESIAN_POINT ( 'NONE',  ( -32.50000000000000000, -71.29999999999999716, -21.81600000000000250 ) ) ;
#4062 = AXIS2_PLACEMENT_3D ( 'NONE', #3015, #436, #2576 ) ;
#4063 = VERTEX_POINT ( 'NONE', #3176 ) ;
#4064 = DIRECTION ( 'NONE',  ( -1.000000000000000000, 0.000000000000000000, 0.000000000000000000 ) ) ;
#4065 = DIRECTION ( 'NONE',  ( 0.000000000000000000, -1.000000000000000000, 4.461994495156348024E-30 ) ) ;
#4066 = CARTESIAN_POINT ( 'NONE',  ( -18.77897775806425074, 9.521022241935741093, 2.000000000000000000 ) ) ;
#4067 = ORIENTED_EDGE ( 'NONE', *, *, #1981, .F. ) ;
#4068 = PLANE ( 'NONE',  #5104 ) ;
#4069 = ORIENTED_EDGE ( 'NONE', *, *, #391, .F. ) ;
#4070 = FACE_OUTER_BOUND ( 'NONE', #5386, .T. ) ;
#4071 = PLANE ( 'NONE',  #1627 ) ;
#4072 = CARTESIAN_POINT ( 'NONE',  ( -28.49999999999997158, -2.471980953266945061E-14, -23.81599999999999540 ) ) ;
#4073 = CARTESIAN_POINT ( 'NONE',  ( -0.000000000000000000, -31.29999999999999361, 0.000000000000000000 ) ) ;
#4074 = EDGE_CURVE ( 'NONE', #2057, #1703, #3151, .T. ) ;
#4075 = ORIENTED_EDGE ( 'NONE', *, *, #5307, .T. ) ;
#4076 = LINE ( 'NONE', #1997, #1912 ) ;
#4077 = EDGE_CURVE ( 'NONE', #302, #2191, #988, .T. ) ;
#4078 = EDGE_LOOP ( 'NONE', ( #5034, #2859, #2684, #250, #817, #1843 ) ) ;
#4079 = CARTESIAN_POINT ( 'NONE',  ( 6.636470514554011467E-17, -35.35500000000001108, -9.589999999999998082 ) ) ;
#4080 = CARTESIAN_POINT ( 'NONE',  ( -11.86009485345630310, 29.70099999999998985, -21.81600000000000250 ) ) ;
#4081 = VERTEX_POINT ( 'NONE', #159 ) ;
#4082 = DIRECTION ( 'NONE',  ( 0.000000000000000000, 0.000000000000000000, -1.000000000000000000 ) ) ;
#4083 = EDGE_CURVE ( 'NONE', #4143, #4006, #4432, .T. ) ;
#4084 = ORIENTED_EDGE ( 'NONE', *, *, #2573, .F. ) ;
#4085 = VECTOR ( 'NONE', #2236, 1000.000000000000000 ) ;
#4086 = ORIENTED_EDGE ( 'NONE', *, *, #2730, .F. ) ;
#4087 = FACE_OUTER_BOUND ( 'NONE', #688, .T. ) ;
#4088 = ORIENTED_EDGE ( 'NONE', *, *, #1044, .T. ) ;
#4089 = DIRECTION ( 'NONE',  ( 1.301268728343924116E-17, 4.461994495156348725E-30, 1.000000000000000000 ) ) ;
#4090 = DIRECTION ( 'NONE',  ( 1.000000000000000000, 0.000000000000000000, -1.301268728343923962E-17 ) ) ;
#4091 = ORIENTED_EDGE ( 'NONE', *, *, #3682, .F. ) ;
#4092 = ORIENTED_EDGE ( 'NONE', *, *, #2749, .T. ) ;
#4093 = CARTESIAN_POINT ( 'NONE',  ( 22.99999999999999289, -36.79999999999999716, -19.69000000000000128 ) ) ;
#4094 = ORIENTED_EDGE ( 'NONE', *, *, #3794, .T. ) ;
#4095 = FACE_OUTER_BOUND ( 'NONE', #1001, .T. ) ;
#4096 = CARTESIAN_POINT ( 'NONE',  ( 32.85000000000002984, 2.299999999999994493, -17.61599999999999611 ) ) ;
#4097 = CARTESIAN_POINT ( 'NONE',  ( 24.99999999999999289, -67.80000000000003979, -22.79999999999999716 ) ) ;
#4098 = ORIENTED_EDGE ( 'NONE', *, *, #1780, .F. ) ;
#4099 = AXIS2_PLACEMENT_3D ( 'NONE', #5400, #731, #2044 ) ;
#4100 = DIRECTION ( 'NONE',  ( -6.700369425960418635E-17, -1.000000000000000000, 4.463535239111857813E-30 ) ) ;
#4101 = ORIENTED_EDGE ( 'NONE', *, *, #3007, .F. ) ;
#4102 = LINE ( 'NONE', #1100, #2618 ) ;
#4103 = AXIS2_PLACEMENT_3D ( 'NONE', #4423, #2306, #613 ) ;
#4104 = VERTEX_POINT ( 'NONE', #213 ) ;
#4105 = DIRECTION ( 'NONE',  ( -0.000000000000000000, -0.000000000000000000, 1.000000000000000000 ) ) ;
#4106 = VECTOR ( 'NONE', #1209, 1000.000000000000000 ) ;
#4107 = DIRECTION ( 'NONE',  ( 0.000000000000000000, -0.000000000000000000, 1.000000000000000000 ) ) ;
#4108 = EDGE_LOOP ( 'NONE', ( #2148, #525, #4101, #4084, #4863, #147, #1197 ) ) ;
#4109 = EDGE_CURVE ( 'NONE', #3722, #1524, #4869, .T. ) ;
#4110 = FACE_BOUND ( 'NONE', #4436, .T. ) ;
#4111 = ADVANCED_FACE ( 'NONE', ( #5212 ), #1909, .F. ) ;
#4112 = VECTOR ( 'NONE', #1371, 1000.000000000000000 ) ;
#4113 = LINE ( 'NONE', #5446, #1812 ) ;
#4114 = VERTEX_POINT ( 'NONE', #1512 ) ;
#4115 = CARTESIAN_POINT ( 'NONE',  ( 0.000000000000000000, -34.11249999999999005, 0.000000000000000000 ) ) ;
#4116 = FACE_OUTER_BOUND ( 'NONE', #3481, .T. ) ;
#4117 = ORIENTED_EDGE ( 'NONE', *, *, #1232, .T. ) ;
#4118 = VERTEX_POINT ( 'NONE', #623 ) ;
#4119 = CARTESIAN_POINT ( 'NONE',  ( 21.49999999999999289, -6.648146438777115732E-29, -29.58949493661166841 ) ) ;
#4120 = VECTOR ( 'NONE', #3780, 1000.000000000000000 ) ;
#4121 = CIRCLE ( 'NONE', #2341, 5.749999999999994671 ) ;
#4122 = VERTEX_POINT ( 'NONE', #538 ) ;
#4123 = AXIS2_PLACEMENT_3D ( 'NONE', #1147, #379, #1545 ) ;
#4124 = LINE ( 'NONE', #4757, #2946 ) ;
#4125 = CARTESIAN_POINT ( 'NONE',  ( 5.245581943854665994E-17, -70.80000000000001137, -21.81599999999999540 ) ) ;
#4126 = CARTESIAN_POINT ( 'NONE',  ( 16.19500000000000028, -36.78000000000000824, -9.589999999999998082 ) ) ;
#4127 = EDGE_CURVE ( 'NONE', #1888, #3600, #5298, .T. ) ;
#4128 =( LENGTH_UNIT ( ) NAMED_UNIT ( * ) SI_UNIT ( .MILLI., .METRE. ) );
#4129 = CIRCLE ( 'NONE', #4828, 4.250000000000000000 ) ;
#4130 = DIRECTION ( 'NONE',  ( 1.000000000000000000, 2.668805347656627171E-16, -0.000000000000000000 ) ) ;
#4131 = LINE ( 'NONE', #3712, #4289 ) ;
#4132 = DIRECTION ( 'NONE',  ( 0.000000000000000000, 1.000000000000000000, -4.461994495156348024E-30 ) ) ;
#4133 = ORIENTED_EDGE ( 'NONE', *, *, #47, .T. ) ;
#4134 = CARTESIAN_POINT ( 'NONE',  ( -26.19999999999999929, -10.49999999999999467, -7.500000000000000000 ) ) ;
#4135 = AXIS2_PLACEMENT_3D ( 'NONE', #4509, #706, #290 ) ;
#4136 = ORIENTED_EDGE ( 'NONE', *, *, #3689, .F. ) ;
#4137 = LINE ( 'NONE', #2846, #1278 ) ;
#4138 = DIRECTION ( 'NONE',  ( -1.000000000000000000, 0.000000000000000000, 0.000000000000000000 ) ) ;
#4139 = EDGE_LOOP ( 'NONE', ( #2405, #1532, #2056, #1116 ) ) ;
#4140 = DIRECTION ( 'NONE',  ( 0.000000000000000000, -0.000000000000000000, 1.000000000000000000 ) ) ;
#4141 = VECTOR ( 'NONE', #789, 1000.000000000000000 ) ;
#4142 = LINE ( 'NONE', #1612, #1626 ) ;
#4143 = VERTEX_POINT ( 'NONE', #1858 ) ;
#4144 = DIRECTION ( 'NONE',  ( -1.000000000000000000, 0.000000000000000000, 0.000000000000000000 ) ) ;
#4145 = EDGE_CURVE ( 'NONE', #5318, #3705, #4324, .T. ) ;
#4146 = PLANE ( 'NONE',  #4327 ) ;
#4147 = ORIENTED_EDGE ( 'NONE', *, *, #2877, .T. ) ;
#4148 = DIRECTION ( 'NONE',  ( -0.000000000000000000, -0.000000000000000000, 1.000000000000000000 ) ) ;
#4149 = ORIENTED_EDGE ( 'NONE', *, *, #3380, .T. ) ;
#4150 = DIRECTION ( 'NONE',  ( -1.000000000000000000, 0.000000000000000000, -0.000000000000000000 ) ) ;
#4151 = DIRECTION ( 'NONE',  ( -0.000000000000000000, -0.000000000000000000, 1.000000000000000000 ) ) ;
#4152 = ADVANCED_FACE ( 'NONE', ( #1020 ), #4379, .T. ) ;
#4153 = CARTESIAN_POINT ( 'NONE',  ( 26.50000000000000000, -70.79999999999999716, -22.79999999999999716 ) ) ;
#4154 = CARTESIAN_POINT ( 'NONE',  ( -30.45000000000000284, -10.49999999999999467, 0.000000000000000000 ) ) ;
#4155 = EDGE_CURVE ( 'NONE', #4524, #1528, #3553, .T. ) ;
#4156 = DIRECTION ( 'NONE',  ( -1.000000000000000000, -8.673617379884037444E-16, 0.000000000000000000 ) ) ;
#4157 = DIRECTION ( 'NONE',  ( 0.000000000000000000, 0.000000000000000000, 1.000000000000000000 ) ) ;
#4158 = FACE_OUTER_BOUND ( 'NONE', #4528, .T. ) ;
#4159 = ORIENTED_EDGE ( 'NONE', *, *, #209, .F. ) ;
#4160 = DIRECTION ( 'NONE',  ( 0.000000000000000000, 0.000000000000000000, -1.000000000000000000 ) ) ;
#4161 = EDGE_CURVE ( 'NONE', #5395, #2099, #2751, .T. ) ;
#4162 = ORIENTED_EDGE ( 'NONE', *, *, #4387, .F. ) ;
#4163 = FACE_OUTER_BOUND ( 'NONE', #1791, .T. ) ;
#4164 = LINE ( 'NONE', #2557, #14 ) ;
#4165 = ORIENTED_EDGE ( 'NONE', *, *, #3827, .T. ) ;
#4166 = PLANE ( 'NONE',  #4383 ) ;
#4167 = EDGE_CURVE ( 'NONE', #4574, #5395, #2292, .T. ) ;
#4168 = ORIENTED_EDGE ( 'NONE', *, *, #626, .T. ) ;
#4169 = CARTESIAN_POINT ( 'NONE',  ( 0.000000000000000000, -40.30000000000001137, -14.68999999999999595 ) ) ;
#4170 = VERTEX_POINT ( 'NONE', #5263 ) ;
#4171 = DIRECTION ( 'NONE',  ( 1.000000000000000000, -0.000000000000000000, 0.000000000000000000 ) ) ;
#4172 = LINE ( 'NONE', #366, #418 ) ;
#4173 = VERTEX_POINT ( 'NONE', #4891 ) ;
#4174 = ORIENTED_EDGE ( 'NONE', *, *, #5048, .F. ) ;
#4175 = CARTESIAN_POINT ( 'NONE',  ( -26.19999999999999929, -10.49999999999999467, -7.500000000000000000 ) ) ;
#4176 = EDGE_LOOP ( 'NONE', ( #1079, #4858, #792, #3670 ) ) ;
#4177 = EDGE_CURVE ( 'NONE', #4382, #441, #4048, .T. ) ;
#4178 = LINE ( 'NONE', #4531, #3750 ) ;
#4179 = LINE ( 'NONE', #4125, #2865 ) ;
#4180 = DIRECTION ( 'NONE',  ( 0.000000000000000000, 0.000000000000000000, -1.000000000000000000 ) ) ;
#4181 = LINE ( 'NONE', #373, #4677 ) ;
#4182 = ORIENTED_EDGE ( 'NONE', *, *, #2280, .F. ) ;
#4183 = ADVANCED_FACE ( 'NONE', ( #1096 ), #2699, .F. ) ;
#4184 = EDGE_CURVE ( 'NONE', #1444, #926, #4674, .T. ) ;
#4185 = FACE_OUTER_BOUND ( 'NONE', #4504, .T. ) ;
#4186 = DIRECTION ( 'NONE',  ( -0.000000000000000000, 1.000000000000000000, -0.000000000000000000 ) ) ;
#4187 = PLANE ( 'NONE',  #2807 ) ;
#4188 = VERTEX_POINT ( 'NONE', #3523 ) ;
#4189 = CARTESIAN_POINT ( 'NONE',  ( 32.00000000000000000, -73.29999999999999716, 2.000000000000000000 ) ) ;
#4190 = EDGE_LOOP ( 'NONE', ( #3136, #482, #2260, #4905 ) ) ;
#4191 = VECTOR ( 'NONE', #2641, 1000.000000000000000 ) ;
#4192 = ORIENTED_EDGE ( 'NONE', *, *, #4582, .T. ) ;
#4193 = PLANE ( 'NONE',  #754 ) ;
#4194 = CARTESIAN_POINT ( 'NONE',  ( -11.85265183870956029, -4.447348161290561208, 7.926325919354781036 ) ) ;
#4195 = CARTESIAN_POINT ( 'NONE',  ( -25.32102224193581819, -5.900000000000066969, 0.9999999999999993339 ) ) ;
#4196 = ADVANCED_FACE ( 'NONE', ( #2266 ), #1120, .F. ) ;
#4197 = VECTOR ( 'NONE', #3989, 1000.000000000000000 ) ;
#4198 = VERTEX_POINT ( 'NONE', #1988 ) ;
#4199 = AXIS2_PLACEMENT_3D ( 'NONE', #1993, #630, #1413 ) ;
#4200 = CARTESIAN_POINT ( 'NONE',  ( 21.49999999999999289, -40.30000000000001137, -19.68999999999999773 ) ) ;
#4201 = ORIENTED_EDGE ( 'NONE', *, *, #3032, .F. ) ;
#4202 = DIRECTION ( 'NONE',  ( 1.000000000000000000, 0.000000000000000000, 0.000000000000000000 ) ) ;
#4203 = CARTESIAN_POINT ( 'NONE',  ( 21.49999999999999645, -68.30000000000001137, -19.68999999999999773 ) ) ;
#4204 = ORIENTED_EDGE ( 'NONE', *, *, #2168, .T. ) ;
#4205 = ORIENTED_EDGE ( 'NONE', *, *, #4516, .F. ) ;
#4206 = DIRECTION ( 'NONE',  ( 0.000000000000000000, -0.000000000000000000, -1.000000000000000000 ) ) ;
#4207 = EDGE_CURVE ( 'NONE', #4931, #4587, #240, .T. ) ;
#4208 = VECTOR ( 'NONE', #1805, 1000.000000000000000 ) ;
#4209 = ORIENTED_EDGE ( 'NONE', *, *, #299, .F. ) ;
#4210 = CARTESIAN_POINT ( 'NONE',  ( -24.00000000000002132, -70.80000000000001137, -26.80281151192504652 ) ) ;
#4211 = VECTOR ( 'NONE', #2691, 1000.000000000000000 ) ;
#4212 = CARTESIAN_POINT ( 'NONE',  ( -20.95000000000000639, -33.29999999999999716, -19.68999999999999417 ) ) ;
#4213 = DIRECTION ( 'NONE',  ( 0.01745240643728354982, 0.000000000000000000, -0.9998476951563912696 ) ) ;
#4214 = EDGE_CURVE ( 'NONE', #5046, #1444, #2836, .T. ) ;
#4215 = CIRCLE ( 'NONE', #1638, 1.875000000000005107 ) ;
#4216 = FACE_OUTER_BOUND ( 'NONE', #357, .T. ) ;
#4217 = CARTESIAN_POINT ( 'NONE',  ( -0.000000000000000000, -67.80000000000003979, 0.000000000000000000 ) ) ;
#4218 = CARTESIAN_POINT ( 'NONE',  ( 34.50000000000000000, -70.79999999999999716, 2.000000000000000000 ) ) ;
#4219 = VERTEX_POINT ( 'NONE', #4126 ) ;
#4220 = PLANE ( 'NONE',  #2785 ) ;
#4221 = AXIS2_PLACEMENT_3D ( 'NONE', #1074, #4385, #220 ) ;
#4222 = EDGE_CURVE ( 'NONE', #4304, #219, #265, .T. ) ;
#4223 = ORIENTED_EDGE ( 'NONE', *, *, #332, .F. ) ;
#4224 = AXIS2_PLACEMENT_3D ( 'NONE', #1687, #3731, #4262 ) ;
#4225 = ADVANCED_FACE ( 'NONE', ( #5461 ), #322, .F. ) ;
#4226 = ORIENTED_EDGE ( 'NONE', *, *, #2280, .T. ) ;
#4227 = CARTESIAN_POINT ( 'NONE',  ( 32.85000000000002984, 2.299999999999994493, -19.49099999999999966 ) ) ;
#4228 = DIRECTION ( 'NONE',  ( -0.5773502691896230665, 0.5773502691896231775, -0.5773502691896310601 ) ) ;
#4229 = DIRECTION ( 'NONE',  ( -0.7071067811865408004, 8.659560562354850274E-17, 0.7071067811865543451 ) ) ;
#4230 = AXIS2_PLACEMENT_3D ( 'NONE', #4657, #1694, #3382 ) ;
#4231 = VERTEX_POINT ( 'NONE', #4097 ) ;
#4232 = DIRECTION ( 'NONE',  ( 0.000000000000000000, 0.000000000000000000, -1.000000000000000000 ) ) ;
#4233 = ORIENTED_EDGE ( 'NONE', *, *, #1913, .F. ) ;
#4234 = DIRECTION ( 'NONE',  ( 0.000000000000000000, 1.000000000000000000, -4.461994495156348024E-30 ) ) ;
#4235 = LINE ( 'NONE', #5142, #3795 ) ;
#4236 = AXIS2_PLACEMENT_3D ( 'NONE', #4244, #3442, #78 ) ;
#4237 = ORIENTED_EDGE ( 'NONE', *, *, #1466, .F. ) ;
#4238 = LINE ( 'NONE', #2068, #1289 ) ;
#4239 = ORIENTED_EDGE ( 'NONE', *, *, #2559, .F. ) ;
#4240 = CIRCLE ( 'NONE', #1846, 5.749999999999991118 ) ;
#4241 = EDGE_CURVE ( 'NONE', #1060, #717, #372, .T. ) ;
#4242 = CARTESIAN_POINT ( 'NONE',  ( -26.82102224193583595, 1.478977758064142334, 2.000000000000000000 ) ) ;
#4243 = CARTESIAN_POINT ( 'NONE',  ( 16.19500000000000028, -36.78000000000000824, -9.589999999999998082 ) ) ;
#4244 = CARTESIAN_POINT ( 'NONE',  ( 32.50000000000000000, -45.70000000000000284, -17.61599999999999255 ) ) ;
#4245 = LINE ( 'NONE', #2022, #3432 ) ;
#4246 = LINE ( 'NONE', #406, #1725 ) ;
#4247 =( NAMED_UNIT ( * ) PLANE_ANGLE_UNIT ( ) SI_UNIT ( $, .RADIAN. ) );
#4248 = EDGE_LOOP ( 'NONE', ( #5198, #1178, #4530, #897, #1756, #2199 ) ) ;
#4249 = DIRECTION ( 'NONE',  ( 0.000000000000000000, 0.000000000000000000, -1.000000000000000000 ) ) ;
#4250 = ORIENTED_EDGE ( 'NONE', *, *, #2035, .T. ) ;
#4251 = VERTEX_POINT ( 'NONE', #1659 ) ;
#4252 = DIRECTION ( 'NONE',  ( 1.000000000000000000, 0.000000000000000000, 0.000000000000000000 ) ) ;
#4253 = LINE ( 'NONE', #2145, #3023 ) ;
#4254 = PLANE ( 'NONE',  #4742 ) ;
#4255 = ADVANCED_FACE ( 'NONE', ( #1170 ), #2019, .T. ) ;
#4256 = ORIENTED_EDGE ( 'NONE', *, *, #332, .T. ) ;
#4257 = DIRECTION ( 'NONE',  ( -1.000000000000000000, 0.000000000000000000, 0.000000000000000000 ) ) ;
#4258 = ORIENTED_EDGE ( 'NONE', *, *, #1205, .T. ) ;
#4259 = CYLINDRICAL_SURFACE ( 'NONE', #3593, 2.750000000000009326 ) ;
#4260 = DIRECTION ( 'NONE',  ( -1.000000000000000000, -5.806253902589689981E-47, 0.000000000000000000 ) ) ;
#4261 = EDGE_LOOP ( 'NONE', ( #4829, #378, #1426, #5195, #3451, #4088 ) ) ;
#4262 = DIRECTION ( 'NONE',  ( 0.000000000000000000, 0.000000000000000000, -1.000000000000000000 ) ) ;
#4263 = EDGE_CURVE ( 'NONE', #2262, #59, #4972, .T. ) ;
#4264 = ORIENTED_EDGE ( 'NONE', *, *, #3853, .T. ) ;
#4265 = DIRECTION ( 'NONE',  ( 6.700369425960418635E-17, 1.000000000000000000, -4.463535239111857813E-30 ) ) ;
#4266 = DIRECTION ( 'NONE',  ( 0.000000000000000000, -9.251858538542961967E-16, 1.000000000000000000 ) ) ;
#4267 = DIRECTION ( 'NONE',  ( -1.000000000000000000, 0.000000000000000000, 0.000000000000000000 ) ) ;
#4268 = EDGE_CURVE ( 'NONE', #3460, #5318, #5007, .T. ) ;
#4269 = LINE ( 'NONE', #3857, #4667 ) ;
#4270 = DIRECTION ( 'NONE',  ( -1.000000000000000000, 0.000000000000000000, 0.000000000000000000 ) ) ;
#4271 = DIRECTION ( 'NONE',  ( -0.000000000000000000, -0.000000000000000000, 1.000000000000000000 ) ) ;
#4272 = ORIENTED_EDGE ( 'NONE', *, *, #4970, .T. ) ;
#4273 = DIRECTION ( 'NONE',  ( 1.000000000000000000, 0.000000000000000000, 0.000000000000000000 ) ) ;
#4274 = ADVANCED_FACE ( 'NONE', ( #1596 ), #2867, .F. ) ;
#4275 = ORIENTED_EDGE ( 'NONE', *, *, #1385, .T. ) ;
#4276 = CARTESIAN_POINT ( 'NONE',  ( 32.50000000000000000, -71.29999999999999716, -21.81600000000000250 ) ) ;
#4277 = DIRECTION ( 'NONE',  ( 0.000000000000000000, 0.000000000000000000, -1.000000000000000000 ) ) ;
#4278 = ORIENTED_EDGE ( 'NONE', *, *, #1468, .F. ) ;
#4279 = LINE ( 'NONE', #475, #1090 ) ;
#4280 = EDGE_LOOP ( 'NONE', ( #4642, #5341, #2689, #4288, #170 ) ) ;
#4281 = DIRECTION ( 'NONE',  ( 0.000000000000000000, 0.000000000000000000, 1.000000000000000000 ) ) ;
#4282 = AXIS2_PLACEMENT_3D ( 'NONE', #1712, #122, #4706 ) ;
#4283 = CARTESIAN_POINT ( 'NONE',  ( 28.49999999999999645, 24.19999999999998508, 0.000000000000000000 ) ) ;
#4284 = VERTEX_POINT ( 'NONE', #3349 ) ;
#4285 = CARTESIAN_POINT ( 'NONE',  ( 12.64999999999999858, -31.29999999999999361, -14.68999999999999417 ) ) ;
#4286 = EDGE_CURVE ( 'NONE', #1420, #32, #350, .T. ) ;
#4287 = EDGE_CURVE ( 'NONE', #5492, #2567, #3736, .T. ) ;
#4288 = ORIENTED_EDGE ( 'NONE', *, *, #3969, .T. ) ;
#4289 = VECTOR ( 'NONE', #5244, 1000.000000000000000 ) ;
#4290 = LINE ( 'NONE', #3851, #4191 ) ;
#4291 = EDGE_CURVE ( 'NONE', #2987, #3733, #795, .T. ) ;
#4292 = DIRECTION ( 'NONE',  ( 0.000000000000000000, -1.000000000000000000, -0.000000000000000000 ) ) ;
#4293 = LINE ( 'NONE', #1776, #1661 ) ;
#4294 = VECTOR ( 'NONE', #1939, 1000.000000000000000 ) ;
#4295 = EDGE_CURVE ( 'NONE', #2003, #2552, #5040, .T. ) ;
#4296 = ORIENTED_EDGE ( 'NONE', *, *, #4839, .F. ) ;
#4297 = VECTOR ( 'NONE', #2622, 1000.000000000000000 ) ;
#4298 = DIRECTION ( 'NONE',  ( -1.000000000000000000, 0.000000000000000000, 0.000000000000000000 ) ) ;
#4299 = CARTESIAN_POINT ( 'NONE',  ( 7.361087535663873210E-17, 20.19999999999998508, -23.81599999999999540 ) ) ;
#4300 = FACE_OUTER_BOUND ( 'NONE', #4645, .T. ) ;
#4301 = VERTEX_POINT ( 'NONE', #2483 ) ;
#4302 = VECTOR ( 'NONE', #2222, 1000.000000000000000 ) ;
#4303 = VERTEX_POINT ( 'NONE', #680 ) ;
#4304 = VERTEX_POINT ( 'NONE', #2372 ) ;
#4305 = EDGE_CURVE ( 'NONE', #4551, #3753, #2811, .T. ) ;
#4306 = EDGE_LOOP ( 'NONE', ( #955, #5436, #2830, #2735 ) ) ;
#4307 = DIRECTION ( 'NONE',  ( -1.000000000000000000, 1.847535342843096406E-16, -0.000000000000000000 ) ) ;
#4308 = CARTESIAN_POINT ( 'NONE',  ( -0.000000000000000000, 24.19999999999998508, 0.000000000000000000 ) ) ;
#4309 = AXIS2_PLACEMENT_3D ( 'NONE', #3645, #643, #5292 ) ;
#4310 = ORIENTED_EDGE ( 'NONE', *, *, #3581, .T. ) ;
#4311 = ADVANCED_FACE ( 'NONE', ( #1568 ), #3789, .F. ) ;
#4312 = CARTESIAN_POINT ( 'NONE',  ( 26.14999999999999858, 8.000000000000001776, -7.500000000000000000 ) ) ;
#4313 = ORIENTED_EDGE ( 'NONE', *, *, #1676, .F. ) ;
#4314 = CARTESIAN_POINT ( 'NONE',  ( -26.19999999999999929, 9.500000000000001776, -7.500000000000000000 ) ) ;
#4315 = LINE ( 'NONE', #2152, #5475 ) ;
#4316 = VERTEX_POINT ( 'NONE', #3378 ) ;
#4317 = ORIENTED_EDGE ( 'NONE', *, *, #3621, .T. ) ;
#4318 = FACE_OUTER_BOUND ( 'NONE', #2818, .T. ) ;
#4319 = AXIS2_PLACEMENT_3D ( 'NONE', #1994, #801, #4100 ) ;
#4320 = ORIENTED_EDGE ( 'NONE', *, *, #4887, .F. ) ;
#4321 = ORIENTED_EDGE ( 'NONE', *, *, #215, .T. ) ;
#4322 = EDGE_CURVE ( 'NONE', #227, #1705, #2927, .T. ) ;
#4323 = PLANE ( 'NONE',  #3039 ) ;
#4324 = CIRCLE ( 'NONE', #4573, 3.021022241935820141 ) ;
#4325 = CARTESIAN_POINT ( 'NONE',  ( -20.95000000000000639, -38.21249999999998437, -15.32999999999998941 ) ) ;
#4326 = PLANE ( 'NONE',  #4923 ) ;
#4327 = AXIS2_PLACEMENT_3D ( 'NONE', #3309, #4996, #2889 ) ;
#4328 = EDGE_CURVE ( 'NONE', #3460, #3807, #2890, .T. ) ;
#4329 = ORIENTED_EDGE ( 'NONE', *, *, #2768, .T. ) ;
#4330 = ADVANCED_FACE ( 'NONE', ( #2512 ), #3826, .F. ) ;
#4331 = DIRECTION ( 'NONE',  ( -1.301268728343923962E-17, -4.461994495156348024E-30, -1.000000000000000000 ) ) ;
#4332 = DIRECTION ( 'NONE',  ( 0.000000000000000000, 4.461994495156348725E-30, 1.000000000000000000 ) ) ;
#4333 = LINE ( 'NONE', #520, #4921 ) ;
#4334 = AXIS2_PLACEMENT_3D ( 'NONE', #3551, #80, #3066 ) ;
#4335 = ADVANCED_FACE ( 'NONE', ( #1691 ), #2571, .F. ) ;
#4336 = EDGE_LOOP ( 'NONE', ( #3562, #1446, #1869, #2892 ) ) ;
#4337 = DIRECTION ( 'NONE',  ( 1.000000000000000000, 0.000000000000000000, -1.301268728343923962E-17 ) ) ;
#4338 = EDGE_CURVE ( 'NONE', #3460, #4394, #3854, .T. ) ;
#4339 = DIRECTION ( 'NONE',  ( -0.000000000000000000, -0.000000000000000000, 1.000000000000000000 ) ) ;
#4340 = ORIENTED_EDGE ( 'NONE', *, *, #2724, .F. ) ;
#4341 = FACE_OUTER_BOUND ( 'NONE', #5234, .T. ) ;
#4342 = PLANE ( 'NONE',  #2362 ) ;
#4343 = ORIENTED_EDGE ( 'NONE', *, *, #119, .T. ) ;
#4344 = DIRECTION ( 'NONE',  ( -1.000000000000000000, 0.000000000000000000, 0.000000000000000000 ) ) ;
#4345 = ADVANCED_FACE ( 'NONE', ( #2189 ), #2623, .T. ) ;
#4346 = VERTEX_POINT ( 'NONE', #2984 ) ;
#4347 = PLANE ( 'NONE',  #4282 ) ;
#4348 = DIRECTION ( 'NONE',  ( -1.000000000000000000, 0.000000000000000000, -0.000000000000000000 ) ) ;
#4349 = DIRECTION ( 'NONE',  ( 0.000000000000000000, 0.000000000000000000, -1.000000000000000000 ) ) ;
#4350 = EDGE_CURVE ( 'NONE', #3790, #4346, #2704, .T. ) ;
#4351 = EDGE_LOOP ( 'NONE', ( #4985, #2767, #3972, #2842, #5420 ) ) ;
#4352 = DIRECTION ( 'NONE',  ( -1.000000000000000000, 0.000000000000000000, 0.000000000000000000 ) ) ;
#4353 = FACE_OUTER_BOUND ( 'NONE', #1823, .T. ) ;
#4354 = CARTESIAN_POINT ( 'NONE',  ( -24.00000000000002132, -0.000000000000000000, 0.000000000000000000 ) ) ;
#4355 = FACE_OUTER_BOUND ( 'NONE', #1327, .T. ) ;
#4356 = AXIS2_PLACEMENT_3D ( 'NONE', #1408, #1701, #2494 ) ;
#4357 = ORIENTED_EDGE ( 'NONE', *, *, #4268, .T. ) ;
#4358 = CYLINDRICAL_SURFACE ( 'NONE', #2092, 3.021022241935820141 ) ;
#4359 = CIRCLE ( 'NONE', #270, 10.27102224193584057 ) ;
#4360 = DIRECTION ( 'NONE',  ( -0.000000000000000000, -0.000000000000000000, 1.000000000000000000 ) ) ;
#4361 = VERTEX_POINT ( 'NONE', #4683 ) ;
#4362 = CARTESIAN_POINT ( 'NONE',  ( 8.149999999999977263, -72.04999999999999716, -21.81599999999999540 ) ) ;
#4363 = FACE_OUTER_BOUND ( 'NONE', #1088, .T. ) ;
#4364 = VERTEX_POINT ( 'NONE', #3883 ) ;
#4365 = ORIENTED_EDGE ( 'NONE', *, *, #4951, .T. ) ;
#4366 = PLANE ( 'NONE',  #300 ) ;
#4367 = ORIENTED_EDGE ( 'NONE', *, *, #2312, .F. ) ;
#4368 = VECTOR ( 'NONE', #4917, 1000.000000000000000 ) ;
#4369 = FACE_OUTER_BOUND ( 'NONE', #2287, .T. ) ;
#4370 = EDGE_CURVE ( 'NONE', #4773, #3761, #4487, .T. ) ;
#4371 = FACE_OUTER_BOUND ( 'NONE', #2150, .T. ) ;
#4372 = CARTESIAN_POINT ( 'NONE',  ( 18.18000000000000327, -35.35500000000001108, -9.589999999999998082 ) ) ;
#4373 = FACE_BOUND ( 'NONE', #1183, .T. ) ;
#4374 = CIRCLE ( 'NONE', #1442, 2.499999999999998668 ) ;
#4375 = ORIENTED_EDGE ( 'NONE', *, *, #3018, .T. ) ;
#4376 = DIRECTION ( 'NONE',  ( -1.000000000000000000, 0.000000000000000000, 0.000000000000000000 ) ) ;
#4377 = VECTOR ( 'NONE', #264, 1000.000000000000000 ) ;
#4378 = DIRECTION ( 'NONE',  ( 1.000000000000000000, -0.000000000000000000, 0.000000000000000000 ) ) ;
#4379 = PLANE ( 'NONE',  #2358 ) ;
#4380 = CARTESIAN_POINT ( 'NONE',  ( -96.00000000000001421, -155.2999999999999829, -19.68999999999999417 ) ) ;
#4381 = VECTOR ( 'NONE', #4617, 1000.000000000000000 ) ;
#4382 = VERTEX_POINT ( 'NONE', #5177 ) ;
#4383 = AXIS2_PLACEMENT_3D ( 'NONE', #417, #5474, #1677 ) ;
#4384 = ORIENTED_EDGE ( 'NONE', *, *, #2753, .F. ) ;
#4385 = DIRECTION ( 'NONE',  ( -0.000000000000000000, -0.000000000000000000, 1.000000000000000000 ) ) ;
#4386 = VECTOR ( 'NONE', #2001, 1000.000000000000000 ) ;
#4387 = EDGE_CURVE ( 'NONE', #1045, #446, #4293, .T. ) ;
#4388 = VECTOR ( 'NONE', #5047, 1000.000000000000000 ) ;
#4389 = FACE_OUTER_BOUND ( 'NONE', #3421, .T. ) ;
#4390 = ORIENTED_EDGE ( 'NONE', *, *, #5218, .T. ) ;
#4391 = LINE ( 'NONE', #5330, #4818 ) ;
#4392 = CARTESIAN_POINT ( 'NONE',  ( -12.86009485345630132, 29.70099999999998985, -21.81600000000000250 ) ) ;
#4393 = ORIENTED_EDGE ( 'NONE', *, *, #5067, .F. ) ;
#4394 = VERTEX_POINT ( 'NONE', #3407 ) ;
#4395 = CARTESIAN_POINT ( 'NONE',  ( -22.00000000000002132, -59.47499999999998721, -21.30000000000000071 ) ) ;
#4396 = AXIS2_PLACEMENT_3D ( 'NONE', #3901, #2591, #4796 ) ;
#4397 = ORIENTED_EDGE ( 'NONE', *, *, #3902, .F. ) ;
#4398 = VECTOR ( 'NONE', #857, 1000.000000000000000 ) ;
#4399 = CARTESIAN_POINT ( 'NONE',  ( -32.00000000000000000, 29.69999999999998863, -21.81600000000000250 ) ) ;
#4400 = PLANE ( 'NONE',  #3225 ) ;
#4401 = DIRECTION ( 'NONE',  ( -0.000000000000000000, -0.000000000000000000, 1.000000000000000000 ) ) ;
#4402 = VERTEX_POINT ( 'NONE', #5127 ) ;
#4403 = DIRECTION ( 'NONE',  ( -0.000000000000000000, -0.000000000000000000, 1.000000000000000000 ) ) ;
#4404 = ORIENTED_EDGE ( 'NONE', *, *, #1571, .F. ) ;
#4405 = VECTOR ( 'NONE', #1827, 1000.000000000000000 ) ;
#4406 = DIRECTION ( 'NONE',  ( -0.000000000000000000, 1.000000000000000000, -0.000000000000000000 ) ) ;
#4407 = PLANE ( 'NONE',  #4640 ) ;
#4408 = DIRECTION ( 'NONE',  ( 1.000000000000000000, 0.000000000000000000, 0.000000000000000000 ) ) ;
#4409 = CARTESIAN_POINT ( 'NONE',  ( 24.99999999999999289, -67.80000000000003979, 0.000000000000000000 ) ) ;
#4410 = AXIS2_PLACEMENT_3D ( 'NONE', #1112, #1135, #4502 ) ;
#4411 = ADVANCED_FACE ( 'NONE', ( #4708 ), #4326, .F. ) ;
#4412 = ORIENTED_EDGE ( 'NONE', *, *, #3476, .F. ) ;
#4413 = LINE ( 'NONE', #1516, #3422 ) ;
#4414 = EDGE_CURVE ( 'NONE', #1109, #2965, #403, .T. ) ;
#4415 = DIRECTION ( 'NONE',  ( 1.000000000000000000, 0.000000000000000000, -1.301268728343924116E-17 ) ) ;
#4416 = VERTEX_POINT ( 'NONE', #514 ) ;
#4417 = CARTESIAN_POINT ( 'NONE',  ( 12.64999999999999858, -31.29999999999999361, -40.42029184550956700 ) ) ;
#4418 = FACE_OUTER_BOUND ( 'NONE', #812, .T. ) ;
#4419 = ORIENTED_EDGE ( 'NONE', *, *, #991, .F. ) ;
#4420 = EDGE_CURVE ( 'NONE', #4173, #1655, #3011, .T. ) ;
#4421 = CARTESIAN_POINT ( 'NONE',  ( -7.335542105859834905, -72.04999999999999716, -21.81599999999999540 ) ) ;
#4422 = VERTEX_POINT ( 'NONE', #1347 ) ;
#4423 = CARTESIAN_POINT ( 'NONE',  ( 3.903806185031771886E-17, 1.338598348546904407E-29, -18.81599999999999540 ) ) ;
#4424 = CARTESIAN_POINT ( 'NONE',  ( 27.65000000000000213, -8.939131361278935373, 0.000000000000000000 ) ) ;
#4425 = CARTESIAN_POINT ( 'NONE',  ( -10.24999999999999822, -33.29999999999999716, -21.30000000000000071 ) ) ;
#4426 = ORIENTED_EDGE ( 'NONE', *, *, #998, .F. ) ;
#4427 = ADVANCED_FACE ( 'NONE', ( #2134 ), #3036, .T. ) ;
#4428 = LINE ( 'NONE', #618, #667 ) ;
#4429 = ORIENTED_EDGE ( 'NONE', *, *, #850, .T. ) ;
#4430 = CARTESIAN_POINT ( 'NONE',  ( -25.82102224193585016, 9.521022241935741093, 0.000000000000000000 ) ) ;
#4431 = DIRECTION ( 'NONE',  ( 1.000000000000000000, 0.000000000000000000, 0.000000000000000000 ) ) ;
#4432 = LINE ( 'NONE', #1407, #1397 ) ;
#4433 = CARTESIAN_POINT ( 'NONE',  ( -26.82102224193583595, 0.000000000000000000, 2.000000000000000000 ) ) ;
#4434 = ORIENTED_EDGE ( 'NONE', *, *, #1758, .F. ) ;
#4435 = DIRECTION ( 'NONE',  ( 1.000000000000000000, 0.000000000000000000, 0.000000000000000000 ) ) ;
#4436 = EDGE_LOOP ( 'NONE', ( #2038, #271, #4223, #3165 ) ) ;
#4437 = CARTESIAN_POINT ( 'NONE',  ( 18.18000000000000327, -35.35500000000001108, -9.589999999999998082 ) ) ;
#4438 = ORIENTED_EDGE ( 'NONE', *, *, #5064, .T. ) ;
#4439 = CARTESIAN_POINT ( 'NONE',  ( -6.506343641719618578E-17, -40.30000000000001137, -19.68999999999999773 ) ) ;
#4440 = EDGE_CURVE ( 'NONE', #760, #4361, #2213, .T. ) ;
#4441 = DIRECTION ( 'NONE',  ( 0.000000000000000000, 1.000000000000000000, 0.000000000000000000 ) ) ;
#4442 = ORIENTED_EDGE ( 'NONE', *, *, #1764, .F. ) ;
#4443 = VERTEX_POINT ( 'NONE', #1715 ) ;
#4444 = CARTESIAN_POINT ( 'NONE',  ( -32.50000000000000000, -38.65000000000000568, -17.61599999999999611 ) ) ;
#4445 = VECTOR ( 'NONE', #2316, 1000.000000000000000 ) ;
#4446 = ORIENTED_EDGE ( 'NONE', *, *, #3110, .T. ) ;
#4447 = EDGE_CURVE ( 'NONE', #1794, #4081, #5097, .T. ) ;
#4448 = LINE ( 'NONE', #1850, #1357 ) ;
#4449 = DIRECTION ( 'NONE',  ( -1.000000000000000000, 2.213641848835077245E-16, 0.000000000000000000 ) ) ;
#4450 = FACE_BOUND ( 'NONE', #4472, .T. ) ;
#4451 = ORIENTED_EDGE ( 'NONE', *, *, #5153, .F. ) ;
#4452 = LINE ( 'NONE', #261, #2620 ) ;
#4453 = ORIENTED_EDGE ( 'NONE', *, *, #1752, .T. ) ;
#4454 = CARTESIAN_POINT ( 'NONE',  ( 13.40000000000000036, -0.5000000000000532907, 0.9999999999999956701 ) ) ;
#4455 = CARTESIAN_POINT ( 'NONE',  ( 15.99999999999999289, 0.000000000000000000, -14.68999999999999595 ) ) ;
#4456 = ADVANCED_FACE ( 'NONE', ( #4781 ), #2692, .F. ) ;
#4457 = CARTESIAN_POINT ( 'NONE',  ( -5.249999999999997335, -33.29999999999999716, -36.63144236528317776 ) ) ;
#4458 = DIRECTION ( 'NONE',  ( 0.000000000000000000, 1.000000000000000000, 0.000000000000000000 ) ) ;
#4459 = CIRCLE ( 'NONE', #5167, 10.27102224193584057 ) ;
#4460 = AXIS2_PLACEMENT_3D ( 'NONE', #3917, #1280, #1736 ) ;
#4461 = ORIENTED_EDGE ( 'NONE', *, *, #2116, .F. ) ;
#4462 = DIRECTION ( 'NONE',  ( 0.000000000000000000, -1.000000000000000000, 0.000000000000000000 ) ) ;
#4463 = VECTOR ( 'NONE', #1236, 1000.000000000000000 ) ;
#4464 = EDGE_CURVE ( 'NONE', #561, #4188, #2744, .T. ) ;
#4465 = VECTOR ( 'NONE', #2482, 1000.000000000000000 ) ;
#4466 = ORIENTED_EDGE ( 'NONE', *, *, #2730, .T. ) ;
#4467 = CARTESIAN_POINT ( 'NONE',  ( -32.50000000000000000, -4.950000000000006395, -14.26600000000000179 ) ) ;
#4468 = LINE ( 'NONE', #1128, #1341 ) ;
#4469 = ORIENTED_EDGE ( 'NONE', *, *, #1365, .F. ) ;
#4470 = CARTESIAN_POINT ( 'NONE',  ( 21.49999999999999645, -0.000000000000000000, 0.000000000000000000 ) ) ;
#4471 = AXIS2_PLACEMENT_3D ( 'NONE', #526, #4281, #1738 ) ;
#4472 = EDGE_LOOP ( 'NONE', ( #4798, #1717, #1548, #3918, #2999, #3703, #1417, #5107 ) ) ;
#4473 = CARTESIAN_POINT ( 'NONE',  ( 16.19500000000000028, 2.275617192529737268E-29, -9.589999999999998082 ) ) ;
#4474 = VERTEX_POINT ( 'NONE', #3169 ) ;
#4475 = VECTOR ( 'NONE', #442, 1000.000000000000114 ) ;
#4476 = CARTESIAN_POINT ( 'NONE',  ( -7.335542105859834905, -72.04999999999999716, -18.81599999999999540 ) ) ;
#4477 = CARTESIAN_POINT ( 'NONE',  ( -7.335542105859834905, -71.29999999999996874, -18.81599999999999540 ) ) ;
#4478 = VERTEX_POINT ( 'NONE', #1932 ) ;
#4479 = LINE ( 'NONE', #1561, #5462 ) ;
#4480 = ORIENTED_EDGE ( 'NONE', *, *, #863, .T. ) ;
#4481 = VECTOR ( 'NONE', #2949, 1000.000000000000000 ) ;
#4482 = CARTESIAN_POINT ( 'NONE',  ( -24.00000000000002132, 1.786052293135803323E-29, -22.79999999999999716 ) ) ;
#4483 = CARTESIAN_POINT ( 'NONE',  ( 32.00000000000000000, 29.69999999999998508, -21.81600000000000250 ) ) ;
#4484 = CARTESIAN_POINT ( 'NONE',  ( 22.99999999999999289, -34.79999999999999716, -18.68999999999999417 ) ) ;
#4485 = CARTESIAN_POINT ( 'NONE',  ( -18.36348626183724875, 12.25000000000000355, -7.500000000000000000 ) ) ;
#4486 = ADVANCED_FACE ( 'NONE', ( #3064, #4803, #3546, #4450, #235 ), #982, .F. ) ;
#4487 = CIRCLE ( 'NONE', #4236, 1.875000000000001776 ) ;
#4488 = EDGE_LOOP ( 'NONE', ( #4899, #4965, #2755, #5364 ) ) ;
#4489 = FACE_OUTER_BOUND ( 'NONE', #3896, .T. ) ;
#4490 = CIRCLE ( 'NONE', #2707, 2.499999999999998668 ) ;
#4491 = ORIENTED_EDGE ( 'NONE', *, *, #4548, .T. ) ;
#4492 = DIRECTION ( 'NONE',  ( 0.000000000000000000, -0.000000000000000000, -1.000000000000000000 ) ) ;
#4493 = CARTESIAN_POINT ( 'NONE',  ( -96.00000000000001421, -155.2999999999999829, -21.29999999999999716 ) ) ;
#4494 = EDGE_LOOP ( 'NONE', ( #2256, #2579, #188, #88 ) ) ;
#4495 = DIRECTION ( 'NONE',  ( -1.000000000000000000, 0.000000000000000000, 1.301268728343923962E-17 ) ) ;
#4496 = EDGE_CURVE ( 'NONE', #926, #4931, #592, .T. ) ;
#4497 = EDGE_CURVE ( 'NONE', #945, #1524, #2286, .T. ) ;
#4498 = VERTEX_POINT ( 'NONE', #3516 ) ;
#4499 = LINE ( 'NONE', #695, #291 ) ;
#4500 = EDGE_LOOP ( 'NONE', ( #4938, #5114, #3133, #194 ) ) ;
#4501 = CARTESIAN_POINT ( 'NONE',  ( -8.601386294353338179E-17, -40.30000000000001137, -21.30000000000000071 ) ) ;
#4502 = DIRECTION ( 'NONE',  ( -0.000000000000000000, 0.000000000000000000, 1.000000000000000000 ) ) ;
#4503 = VERTEX_POINT ( 'NONE', #5206 ) ;
#4504 = EDGE_LOOP ( 'NONE', ( #4776, #5413, #4412, #4168 ) ) ;
#4505 = DIRECTION ( 'NONE',  ( -7.008983741320433464E-17, -1.000000000000000000, 4.462906552292352925E-30 ) ) ;
#4506 = ORIENTED_EDGE ( 'NONE', *, *, #1803, .F. ) ;
#4507 = DIRECTION ( 'NONE',  ( 0.000000000000000000, 0.000000000000000000, -1.000000000000000000 ) ) ;
#4508 = DIRECTION ( 'NONE',  ( 0.000000000000000000, 0.000000000000000000, -1.000000000000000000 ) ) ;
#4509 = CARTESIAN_POINT ( 'NONE',  ( 32.85000000000002274, -45.70000000000000284, -17.61599999999999255 ) ) ;
#4510 = DIRECTION ( 'NONE',  ( -0.000000000000000000, -0.000000000000000000, 1.000000000000000000 ) ) ;
#4511 = ADVANCED_FACE ( 'NONE', ( #3929 ), #2259, .T. ) ;
#4512 = PLANE ( 'NONE',  #5017 ) ;
#4513 = EDGE_LOOP ( 'NONE', ( #4586, #3185, #5102, #2048 ) ) ;
#4514 = LINE ( 'NONE', #3295, #2530 ) ;
#4515 = ADVANCED_FACE ( 'NONE', ( #3115 ), #124, .T. ) ;
#4516 = EDGE_CURVE ( 'NONE', #4416, #277, #1875, .T. ) ;
#4517 = ORIENTED_EDGE ( 'NONE', *, *, #4622, .F. ) ;
#4518 = DIRECTION ( 'NONE',  ( -1.301268728343923962E-17, -4.461994495156348024E-30, -1.000000000000000000 ) ) ;
#4519 = DIRECTION ( 'NONE',  ( -0.000000000000000000, -0.000000000000000000, 1.000000000000000000 ) ) ;
#4520 = ORIENTED_EDGE ( 'NONE', *, *, #5336, .F. ) ;
#4521 = DIRECTION ( 'NONE',  ( 0.000000000000000000, 4.461994495156348725E-30, 1.000000000000000000 ) ) ;
#4522 = VECTOR ( 'NONE', #4228, 1000.000000000000000 ) ;
#4523 = DIRECTION ( 'NONE',  ( -1.000000000000000000, 0.000000000000000000, 0.000000000000000000 ) ) ;
#4524 = VERTEX_POINT ( 'NONE', #4760 ) ;
#4525 = CARTESIAN_POINT ( 'NONE',  ( -26.19999999999999929, -10.49999999999999467, 0.000000000000000000 ) ) ;
#4526 = CARTESIAN_POINT ( 'NONE',  ( 19.60499999999999687, 0.000000000000000000, -14.68999999999999595 ) ) ;
#4527 = ORIENTED_EDGE ( 'NONE', *, *, #1268, .T. ) ;
#4528 = EDGE_LOOP ( 'NONE', ( #2087, #4117, #4438, #2911, #1589, #3081, #1933, #1777 ) ) ;
#4529 = CARTESIAN_POINT ( 'NONE',  ( 1.480421955313173043E-16, -61.29999999999999716, -21.30000000000000071 ) ) ;
#4530 = ORIENTED_EDGE ( 'NONE', *, *, #4440, .T. ) ;
#4531 = CARTESIAN_POINT ( 'NONE',  ( 21.49999999999999645, -61.29999999999999716, -28.64157109115491551 ) ) ;
#4532 = DIRECTION ( 'NONE',  ( 1.000000000000000000, 0.000000000000000000, 0.000000000000000000 ) ) ;
#4533 = DIRECTION ( 'NONE',  ( 1.000000000000000000, 0.000000000000000000, -1.301268728343924116E-17 ) ) ;
#4534 = DIRECTION ( 'NONE',  ( 1.000000000000000000, -7.008983741320433464E-17, -0.000000000000000000 ) ) ;
#4535 = VECTOR ( 'NONE', #2809, 1000.000000000000000 ) ;
#4536 = CARTESIAN_POINT ( 'NONE',  ( 13.40000000000000036, -0.5000000000000532907, 2.000000000000000000 ) ) ;
#4537 = LINE ( 'NONE', #740, #2625 ) ;
#4538 = ORIENTED_EDGE ( 'NONE', *, *, #2815, .T. ) ;
#4539 = LINE ( 'NONE', #2403, #4660 ) ;
#4540 = ORIENTED_EDGE ( 'NONE', *, *, #3710, .T. ) ;
#4541 = FACE_OUTER_BOUND ( 'NONE', #1536, .T. ) ;
#4542 = LINE ( 'NONE', #749, #902 ) ;
#4543 = ORIENTED_EDGE ( 'NONE', *, *, #3203, .F. ) ;
#4544 = CARTESIAN_POINT ( 'NONE',  ( -20.95000000000000639, 3.127621227913204073E-29, -19.68999999999999417 ) ) ;
#4545 = EDGE_LOOP ( 'NONE', ( #4226, #862, #3181, #4608 ) ) ;
#4546 = EDGE_CURVE ( 'NONE', #2100, #4478, #5255, .T. ) ;
#4547 = VECTOR ( 'NONE', #3906, 1000.000000000000000 ) ;
#4548 = EDGE_CURVE ( 'NONE', #5161, #3478, #3144, .T. ) ;
#4549 = ORIENTED_EDGE ( 'NONE', *, *, #3073, .F. ) ;
#4550 = DIRECTION ( 'NONE',  ( -6.700369425960418635E-17, -1.000000000000000000, 4.463535239111857813E-30 ) ) ;
#4551 = VERTEX_POINT ( 'NONE', #3957 ) ;
#4552 = CYLINDRICAL_SURFACE ( 'NONE', #1273, 2.499999999999998668 ) ;
#4553 = PLANE ( 'NONE',  #4410 ) ;
#4554 = VERTEX_POINT ( 'NONE', #1041 ) ;
#4555 = VERTEX_POINT ( 'NONE', #534 ) ;
#4556 = PLANE ( 'NONE',  #230 ) ;
#4557 = AXIS2_PLACEMENT_3D ( 'NONE', #1692, #4130, #5489 ) ;
#4558 = VECTOR ( 'NONE', #2467, 1000.000000000000000 ) ;
#4559 = EDGE_LOOP ( 'NONE', ( #1002, #3310 ) ) ;
#4560 = VECTOR ( 'NONE', #2295, 1000.000000000000000 ) ;
#4561 = CARTESIAN_POINT ( 'NONE',  ( -22.86009485345630310, -73.29999999999999716, -9.907999999999999474 ) ) ;
#4562 = CARTESIAN_POINT ( 'NONE',  ( 19.60499999999999687, -36.78000000000000824, -14.68999999999999595 ) ) ;
#4563 = DIRECTION ( 'NONE',  ( -0.9998476951563912696, 0.000000000000000000, -0.01745240643728356369 ) ) ;
#4564 = CARTESIAN_POINT ( 'NONE',  ( -5.249999999999997335, -33.29999999999999716, -21.30000000000000071 ) ) ;
#4565 = AXIS2_PLACEMENT_3D ( 'NONE', #2310, #3253, #5370 ) ;
#4566 = LINE ( 'NONE', #3768, #4032 ) ;
#4567 = VECTOR ( 'NONE', #3638, 1000.000000000000000 ) ;
#4568 = PLANE ( 'NONE',  #385 ) ;
#4569 = LINE ( 'NONE', #354, #4767 ) ;
#4570 = ORIENTED_EDGE ( 'NONE', *, *, #4628, .F. ) ;
#4571 = FACE_OUTER_BOUND ( 'NONE', #3359, .T. ) ;
#4572 = EDGE_CURVE ( 'NONE', #2378, #3260, #1063, .T. ) ;
#4573 = AXIS2_PLACEMENT_3D ( 'NONE', #5324, #3604, #3574 ) ;
#4574 = VERTEX_POINT ( 'NONE', #4425 ) ;
#4575 = LINE ( 'NONE', #5021, #2870 ) ;
#4576 = CARTESIAN_POINT ( 'NONE',  ( -20.95000000000000639, -33.29999999999999716, -21.30000000000000071 ) ) ;
#4577 = ORIENTED_EDGE ( 'NONE', *, *, #217, .T. ) ;
#4578 = LINE ( 'NONE', #5414, #1455 ) ;
#4579 = EDGE_CURVE ( 'NONE', #1137, #5435, #2308, .T. ) ;
#4580 = VECTOR ( 'NONE', #1078, 1000.000000000000000 ) ;
#4581 = LINE ( 'NONE', #2823, #4635 ) ;
#4582 = EDGE_CURVE ( 'NONE', #3338, #3331, #151, .T. ) ;
#4583 = VERTEX_POINT ( 'NONE', #1899 ) ;
#4584 = LINE ( 'NONE', #1587, #931 ) ;
#4585 = DIRECTION ( 'NONE',  ( -0.000000000000000000, -0.000000000000000000, 1.000000000000000000 ) ) ;
#4586 = ORIENTED_EDGE ( 'NONE', *, *, #4592, .F. ) ;
#4587 = VERTEX_POINT ( 'NONE', #5290 ) ;
#4588 = LINE ( 'NONE', #2979, #856 ) ;
#4589 = EDGE_CURVE ( 'NONE', #2693, #4658, #1482, .T. ) ;
#4590 = EDGE_LOOP ( 'NONE', ( #1057, #5281, #2921, #2915, #2473, #2359 ) ) ;
#4591 = CARTESIAN_POINT ( 'NONE',  ( -22.00000000000002132, -38.21249999999998437, -26.69946904194603121 ) ) ;
#4592 = EDGE_CURVE ( 'NONE', #1157, #5432, #1954, .T. ) ;
#4593 = DIRECTION ( 'NONE',  ( -0.000000000000000000, -0.000000000000000000, 1.000000000000000000 ) ) ;
#4594 = DIRECTION ( 'NONE',  ( 0.000000000000000000, -1.000000000000000000, 0.000000000000000000 ) ) ;
#4595 = CYLINDRICAL_SURFACE ( 'NONE', #5301, 2.499999999999998668 ) ;
#4596 = CARTESIAN_POINT ( 'NONE',  ( -26.64999999999999147, 22.34999999999998366, -22.80000000000000071 ) ) ;
#4597 = EDGE_CURVE ( 'NONE', #2552, #4675, #5394, .T. ) ;
#4598 = DIRECTION ( 'NONE',  ( -1.000000000000000000, -1.582551064169040403E-15, -0.000000000000000000 ) ) ;
#4599 = CARTESIAN_POINT ( 'NONE',  ( 19.15000000000000213, -43.95000000000000995, -9.589999999999998082 ) ) ;
#4600 = EDGE_LOOP ( 'NONE', ( #883, #1860, #5015, #1699 ) ) ;
#4601 = CARTESIAN_POINT ( 'NONE',  ( -20.95000000000000639, 6.840881143670036750E-29, -21.30000000000000071 ) ) ;
#4602 = ORIENTED_EDGE ( 'NONE', *, *, #3775, .T. ) ;
#4603 = ORIENTED_EDGE ( 'NONE', *, *, #1287, .T. ) ;
#4604 = CARTESIAN_POINT ( 'NONE',  ( -30.44999999999999929, 9.500000000000001776, 0.000000000000000000 ) ) ;
#4605 = LINE ( 'NONE', #807, #190 ) ;
#4606 = ORIENTED_EDGE ( 'NONE', *, *, #1759, .T. ) ;
#4607 = DIRECTION ( 'NONE',  ( 6.700369425960418635E-17, 1.000000000000000000, -4.463535239111858514E-30 ) ) ;
#4608 = ORIENTED_EDGE ( 'NONE', *, *, #3065, .F. ) ;
#4609 = LINE ( 'NONE', #2886, #2598 ) ;
#4610 = ORIENTED_EDGE ( 'NONE', *, *, #5026, .F. ) ;
#4611 = DIRECTION ( 'NONE',  ( -1.301268728343923962E-17, -4.461994495156348024E-30, -1.000000000000000000 ) ) ;
#4612 = CARTESIAN_POINT ( 'NONE',  ( -3.450690254369615751E-16, -48.95000000000000995, 2.298720648142606942E-29 ) ) ;
#4613 = ORIENTED_EDGE ( 'NONE', *, *, #3545, .F. ) ;
#4614 = LINE ( 'NONE', #2130, #404 ) ;
#4615 = ORIENTED_EDGE ( 'NONE', *, *, #1349, .T. ) ;
#4616 = CARTESIAN_POINT ( 'NONE',  ( 22.99999999999999289, 0.000000000000000000, -32.67675810589293661 ) ) ;
#4617 = DIRECTION ( 'NONE',  ( -1.000000000000000000, 0.000000000000000000, 1.301268728343924116E-17 ) ) ;
#4618 = AXIS2_PLACEMENT_3D ( 'NONE', #185, #2700, #601 ) ;
#4619 = DIRECTION ( 'NONE',  ( 0.000000000000000000, 1.000000000000000000, 0.000000000000000000 ) ) ;
#4620 = CARTESIAN_POINT ( 'NONE',  ( -18.77897775806425074, 9.521022241935741093, 0.000000000000000000 ) ) ;
#4621 = ADVANCED_FACE ( 'NONE', ( #672 ), #1616, .F. ) ;
#4622 = EDGE_CURVE ( 'NONE', #2247, #2651, #3643, .T. ) ;
#4623 = DIRECTION ( 'NONE',  ( -1.301268728343923962E-17, 0.000000000000000000, -1.000000000000000000 ) ) ;
#4624 = CARTESIAN_POINT ( 'NONE',  ( -6.610463300583225312E-14, -33.29999999999996163, -21.30000000000000071 ) ) ;
#4625 = CARTESIAN_POINT ( 'NONE',  ( -26.19999999999999929, -10.49999999999999467, -7.500000000000000000 ) ) ;
#4626 = ORIENTED_EDGE ( 'NONE', *, *, #5267, .F. ) ;
#4627 = CARTESIAN_POINT ( 'NONE',  ( -20.95000000000000639, -31.29999999999999361, -36.63144236528317776 ) ) ;
#4628 = EDGE_CURVE ( 'NONE', #1506, #2882, #3193, .T. ) ;
#4629 = ORIENTED_EDGE ( 'NONE', *, *, #1662, .F. ) ;
#4630 = AXIS2_PLACEMENT_3D ( 'NONE', #1068, #2370, #3572 ) ;
#4631 = ORIENTED_EDGE ( 'NONE', *, *, #102, .F. ) ;
#4632 = DIRECTION ( 'NONE',  ( -0.000000000000000000, -0.000000000000000000, 1.000000000000000000 ) ) ;
#4633 = CARTESIAN_POINT ( 'NONE',  ( -30.44999999999999929, 9.500000000000001776, -7.500000000000000000 ) ) ;
#4634 = FACE_BOUND ( 'NONE', #4559, .T. ) ;
#4635 = VECTOR ( 'NONE', #1249, 1000.000000000000000 ) ;
#4636 = ORIENTED_EDGE ( 'NONE', *, *, #4034, .F. ) ;
#4637 = EDGE_CURVE ( 'NONE', #4955, #4316, #5340, .T. ) ;
#4638 = EDGE_CURVE ( 'NONE', #1783, #915, #4909, .T. ) ;
#4639 = ORIENTED_EDGE ( 'NONE', *, *, #5179, .F. ) ;
#4640 = AXIS2_PLACEMENT_3D ( 'NONE', #599, #987, #2194 ) ;
#4641 = LINE ( 'NONE', #4169, #31 ) ;
#4642 = ORIENTED_EDGE ( 'NONE', *, *, #1036, .F. ) ;
#4643 = LINE ( 'NONE', #2097, #2679 ) ;
#4644 = FACE_OUTER_BOUND ( 'NONE', #1770, .T. ) ;
#4645 = EDGE_LOOP ( 'NONE', ( #2973, #3842, #2390, #3303 ) ) ;
#4646 = CARTESIAN_POINT ( 'NONE',  ( -32.50000000000000000, 5.349999999999993427, -17.61599999999999611 ) ) ;
#4647 = VECTOR ( 'NONE', #365, 1000.000000000000000 ) ;
#4648 = EDGE_CURVE ( 'NONE', #140, #1655, #1530, .T. ) ;
#4649 = ORIENTED_EDGE ( 'NONE', *, *, #5321, .T. ) ;
#4650 = PLANE ( 'NONE',  #5429 ) ;
#4651 = VECTOR ( 'NONE', #4611, 1000.000000000000000 ) ;
#4652 = DIRECTION ( 'NONE',  ( -6.700369425960418635E-17, -1.000000000000000000, 4.463535239111858514E-30 ) ) ;
#4653 = DIRECTION ( 'NONE',  ( -2.309116107789427495E-16, -1.000000000000000000, 0.000000000000000000 ) ) ;
#4654 = VECTOR ( 'NONE', #4672, 1000.000000000000000 ) ;
#4655 = CARTESIAN_POINT ( 'NONE',  ( -7.335542105859834905, -72.04999999999999716, -18.81599999999999540 ) ) ;
#4656 = DIRECTION ( 'NONE',  ( 0.000000000000000000, 0.000000000000000000, -1.000000000000000000 ) ) ;
#4657 = CARTESIAN_POINT ( 'NONE',  ( 17.61999999999999744, -36.78000000000000824, -14.68999999999999595 ) ) ;
#4658 = VERTEX_POINT ( 'NONE', #2011 ) ;
#4659 = PLANE ( 'NONE',  #2696 ) ;
#4660 = VECTOR ( 'NONE', #1575, 1000.000000000000000 ) ;
#4661 = VERTEX_POINT ( 'NONE', #5419 ) ;
#4662 = AXIS2_PLACEMENT_3D ( 'NONE', #24, #2694, #2578 ) ;
#4663 = ORIENTED_EDGE ( 'NONE', *, *, #3132, .F. ) ;
#4664 = CARTESIAN_POINT ( 'NONE',  ( 34.50000000000000711, 27.19999999999998863, 2.000000000000000000 ) ) ;
#4665 = FACE_OUTER_BOUND ( 'NONE', #2663, .T. ) ;
#4666 = CARTESIAN_POINT ( 'NONE',  ( -34.50000000000000000, 29.69999999999998863, 2.000000000000000000 ) ) ;
#4667 = VECTOR ( 'NONE', #1753, 1000.000000000000000 ) ;
#4668 = ORIENTED_EDGE ( 'NONE', *, *, #3911, .T. ) ;
#4669 = LINE ( 'NONE', #66, #4731 ) ;
#4670 = ORIENTED_EDGE ( 'NONE', *, *, #3476, .T. ) ;
#4671 = ADVANCED_FACE ( 'NONE', ( #281 ), #3669, .F. ) ;
#4672 = DIRECTION ( 'NONE',  ( -0.000000000000000000, -0.000000000000000000, 1.000000000000000000 ) ) ;
#4673 = CARTESIAN_POINT ( 'NONE',  ( -27.99999999999999289, -67.80000000000003979, -23.81599999999999540 ) ) ;
#4674 = CIRCLE ( 'NONE', #2196, 2.499999999999998668 ) ;
#4675 = VERTEX_POINT ( 'NONE', #2415 ) ;
#4676 = CARTESIAN_POINT ( 'NONE',  ( -26.64999999999999147, 1.786052293135803323E-29, -22.79999999999999716 ) ) ;
#4677 = VECTOR ( 'NONE', #2075, 1000.000000000000000 ) ;
#4678 = VERTEX_POINT ( 'NONE', #3702 ) ;
#4679 = VECTOR ( 'NONE', #4585, 1000.000000000000000 ) ;
#4680 = CARTESIAN_POINT ( 'NONE',  ( -11.86009485345630665, -73.29999999999999716, -9.907999999999997698 ) ) ;
#4681 = ADVANCED_FACE ( 'NONE', ( #4116 ), #4553, .T. ) ;
#4682 = CARTESIAN_POINT ( 'NONE',  ( 18.18000000000000327, -44.54500000000001592, -14.68999999999999595 ) ) ;
#4683 = CARTESIAN_POINT ( 'NONE',  ( -27.99999999999999289, -70.80000000000001137, -21.81599999999999540 ) ) ;
#4684 = ORIENTED_EDGE ( 'NONE', *, *, #3037, .T. ) ;
#4685 = DIRECTION ( 'NONE',  ( 1.000000000000000000, -1.780369947190170330E-15, 0.000000000000000000 ) ) ;
#4686 = ADVANCED_FACE ( 'NONE', ( #1087 ), #699, .F. ) ;
#4687 = CARTESIAN_POINT ( 'NONE',  ( -33.89583333333333570, -48.95000000000000995, -17.61599999999999611 ) ) ;
#4688 = LINE ( 'NONE', #887, #5029 ) ;
#4689 = ORIENTED_EDGE ( 'NONE', *, *, #1814, .F. ) ;
#4690 = FACE_OUTER_BOUND ( 'NONE', #3995, .T. ) ;
#4691 = EDGE_CURVE ( 'NONE', #1298, #2302, #4490, .T. ) ;
#4692 = EDGE_CURVE ( 'NONE', #4730, #760, #2828, .T. ) ;
#4693 = ORIENTED_EDGE ( 'NONE', *, *, #4977, .T. ) ;
#4694 = CARTESIAN_POINT ( 'NONE',  ( -32.50000000000000000, -4.950000000000006395, -17.61599999999999611 ) ) ;
#4695 = CARTESIAN_POINT ( 'NONE',  ( 8.149999999999977263, -72.04999999999999716, -18.81599999999999540 ) ) ;
#4696 = EDGE_CURVE ( 'NONE', #1761, #2289, #1307, .T. ) ;
#4697 = ORIENTED_EDGE ( 'NONE', *, *, #4127, .F. ) ;
#4698 = DIRECTION ( 'NONE',  ( -0.000000000000000000, -0.000000000000000000, 1.000000000000000000 ) ) ;
#4699 = ORIENTED_EDGE ( 'NONE', *, *, #1814, .T. ) ;
#4700 = LINE ( 'NONE', #2975, #4654 ) ;
#4701 = CARTESIAN_POINT ( 'NONE',  ( 34.50000000000000000, -70.79999999999999716, -21.81600000000000250 ) ) ;
#4702 = ORIENTED_EDGE ( 'NONE', *, *, #1878, .T. ) ;
#4703 = CARTESIAN_POINT ( 'NONE',  ( 24.99999999999999289, -61.29999999999999716, 0.000000000000000000 ) ) ;
#4704 = ORIENTED_EDGE ( 'NONE', *, *, #1973, .T. ) ;
#4705 = ADVANCED_FACE ( 'NONE', ( #3221 ), #4146, .F. ) ;
#4706 = DIRECTION ( 'NONE',  ( 0.000000000000000000, 0.000000000000000000, -1.000000000000000000 ) ) ;
#4707 = CARTESIAN_POINT ( 'NONE',  ( -10.24999999999999822, 0.000000000000000000, -26.69946904194603121 ) ) ;
#4708 = FACE_OUTER_BOUND ( 'NONE', #3173, .T. ) ;
#4709 = ORIENTED_EDGE ( 'NONE', *, *, #5266, .T. ) ;
#4710 = EDGE_CURVE ( 'NONE', #4574, #112, #4172, .T. ) ;
#4711 = CIRCLE ( 'NONE', #5240, 4.250000000000000000 ) ;
#4712 = LINE ( 'NONE', #910, #958 ) ;
#4713 = CARTESIAN_POINT ( 'NONE',  ( -26.64999999999999147, 0.000000000000000000, -29.47285424949237864 ) ) ;
#4714 = CARTESIAN_POINT ( 'NONE',  ( 15.99999999999999289, -33.30000000000000426, -19.69000000000000128 ) ) ;
#4715 = ORIENTED_EDGE ( 'NONE', *, *, #3353, .T. ) ;
#4716 = ADVANCED_FACE ( 'NONE', ( #5088 ), #1683, .F. ) ;
#4717 = ORIENTED_EDGE ( 'NONE', *, *, #5348, .T. ) ;
#4718 = CARTESIAN_POINT ( 'NONE',  ( -26.64999999999999147, 2.524085252113680542E-29, -23.81599999999999540 ) ) ;
#4719 = DIRECTION ( 'NONE',  ( -0.3846153846153848588, 0.000000000000000000, -0.9230769230769230171 ) ) ;
#4720 = ORIENTED_EDGE ( 'NONE', *, *, #1772, .F. ) ;
#4721 = DIRECTION ( 'NONE',  ( 1.000000000000000000, -7.008983741320433464E-17, -0.000000000000000000 ) ) ;
#4722 = VERTEX_POINT ( 'NONE', #3818 ) ;
#4723 = FACE_OUTER_BOUND ( 'NONE', #2363, .T. ) ;
#4724 = VECTOR ( 'NONE', #3009, 1000.000000000000000 ) ;
#4725 = CARTESIAN_POINT ( 'NONE',  ( 6.636470514554011467E-17, -33.45000000000001705, -9.589999999999998082 ) ) ;
#4726 = ORIENTED_EDGE ( 'NONE', *, *, #2010, .F. ) ;
#4727 = EDGE_CURVE ( 'NONE', #2504, #4524, #4761, .T. ) ;
#4728 = CARTESIAN_POINT ( 'NONE',  ( 1.995032651035020675E-16, -33.29999999999999716, -21.30000000000000071 ) ) ;
#4729 = ADVANCED_FACE ( 'NONE', ( #5059 ), #1707, .T. ) ;
#4730 = VERTEX_POINT ( 'NONE', #4673 ) ;
#4731 = VECTOR ( 'NONE', #4232, 1000.000000000000000 ) ;
#4732 = FACE_OUTER_BOUND ( 'NONE', #4500, .T. ) ;
#4733 = DIRECTION ( 'NONE',  ( 1.000000000000000000, 0.000000000000000000, -1.301268728343923962E-17 ) ) ;
#4734 = CARTESIAN_POINT ( 'NONE',  ( 21.49999999999999289, 0.000000000000000000, -14.68999999999999595 ) ) ;
#4735 = EDGE_CURVE ( 'NONE', #2369, #3600, #1252, .T. ) ;
#4736 = ORIENTED_EDGE ( 'NONE', *, *, #1268, .F. ) ;
#4737 = AXIS2_PLACEMENT_3D ( 'NONE', #3852, #5176, #513 ) ;
#4738 = DIRECTION ( 'NONE',  ( 1.000000000000000000, 0.000000000000000000, 0.000000000000000000 ) ) ;
#4739 = DIRECTION ( 'NONE',  ( 0.000000000000000000, 0.7071067811865524577, -0.7071067811865425767 ) ) ;
#4740 = DIRECTION ( 'NONE',  ( 0.7071067811865435759, 0.000000000000000000, -0.7071067811865515695 ) ) ;
#4741 = EDGE_CURVE ( 'NONE', #413, #2504, #4315, .T. ) ;
#4742 = AXIS2_PLACEMENT_3D ( 'NONE', #2998, #2201, #4277 ) ;
#4743 = VECTOR ( 'NONE', #141, 1000.000000000000000 ) ;
#4744 = VECTOR ( 'NONE', #687, 1000.000000000000000 ) ;
#4745 = ORIENTED_EDGE ( 'NONE', *, *, #968, .T. ) ;
#4746 = LINE ( 'NONE', #865, #1831 ) ;
#4747 = VECTOR ( 'NONE', #4505, 1000.000000000000000 ) ;
#4748 = LINE ( 'NONE', #34, #5434 ) ;
#4749 = ORIENTED_EDGE ( 'NONE', *, *, #1534, .T. ) ;
#4750 = LINE ( 'NONE', #951, #2608 ) ;
#4751 = EDGE_CURVE ( 'NONE', #926, #1129, #478, .T. ) ;
#4752 = LINE ( 'NONE', #952, #1570 ) ;
#4753 = VERTEX_POINT ( 'NONE', #4701 ) ;
#4754 = FACE_OUTER_BOUND ( 'NONE', #1082, .T. ) ;
#4755 = CIRCLE ( 'NONE', #5377, 2.499999999999998668 ) ;
#4756 = VERTEX_POINT ( 'NONE', #4283 ) ;
#4757 = CARTESIAN_POINT ( 'NONE',  ( 7.361087535663873210E-17, 22.34999999999998366, -23.81599999999999540 ) ) ;
#4758 = AXIS2_PLACEMENT_3D ( 'NONE', #2671, #1882, #1070 ) ;
#4759 = FACE_OUTER_BOUND ( 'NONE', #1396, .T. ) ;
#4760 = CARTESIAN_POINT ( 'NONE',  ( 21.90000000000000213, -14.75000000000000533, 0.000000000000000000 ) ) ;
#4761 = CIRCLE ( 'NONE', #3529, 5.749999999999991118 ) ;
#4762 = VERTEX_POINT ( 'NONE', #2180 ) ;
#4763 = EDGE_CURVE ( 'NONE', #2725, #4122, #3157, .T. ) ;
#4764 = DIRECTION ( 'NONE',  ( -2.824994973600914627E-15, -1.000000000000000000, 0.000000000000000000 ) ) ;
#4765 = FACE_OUTER_BOUND ( 'NONE', #3222, .T. ) ;
#4766 = SURFACE_STYLE_FILL_AREA ( #1123 ) ;
#4767 = VECTOR ( 'NONE', #2053, 1000.000000000000000 ) ;
#4768 = DIRECTION ( 'NONE',  ( 0.000000000000000000, 1.000000000000000000, 0.000000000000000000 ) ) ;
#4769 = EDGE_CURVE ( 'NONE', #2960, #292, #2947, .T. ) ;
#4770 = ORIENTED_EDGE ( 'NONE', *, *, #1046, .F. ) ;
#4771 = CARTESIAN_POINT ( 'NONE',  ( -7.335542105859834905, -71.29999999999996874, -18.81599999999999540 ) ) ;
#4772 = DIRECTION ( 'NONE',  ( 0.000000000000000000, -1.000000000000000000, 0.000000000000000000 ) ) ;
#4773 = VERTEX_POINT ( 'NONE', #37 ) ;
#4774 = CARTESIAN_POINT ( 'NONE',  ( 13.40000000000000036, -0.5000000000000532907, 0.000000000000000000 ) ) ;
#4775 = DIRECTION ( 'NONE',  ( 1.000000000000000000, 0.000000000000000000, 0.000000000000000000 ) ) ;
#4776 = ORIENTED_EDGE ( 'NONE', *, *, #1945, .T. ) ;
#4777 = DIRECTION ( 'NONE',  ( 0.000000000000000000, 0.000000000000000000, -1.000000000000000000 ) ) ;
#4778 = ORIENTED_EDGE ( 'NONE', *, *, #4291, .T. ) ;
#4779 = CARTESIAN_POINT ( 'NONE',  ( -26.64999999999999147, -70.80000000000001137, -23.81599999999999540 ) ) ;
#4780 = DIRECTION ( 'NONE',  ( 1.000000000000000000, 0.000000000000000000, 0.000000000000000000 ) ) ;
#4781 = FACE_OUTER_BOUND ( 'NONE', #1473, .T. ) ;
#4782 = DIRECTION ( 'NONE',  ( 1.000000000000000000, -1.780369947190170330E-15, -0.000000000000000000 ) ) ;
#4783 = ORIENTED_EDGE ( 'NONE', *, *, #1380, .T. ) ;
#4784 = DIRECTION ( 'NONE',  ( -0.000000000000000000, -0.000000000000000000, 1.000000000000000000 ) ) ;
#4785 = CARTESIAN_POINT ( 'NONE',  ( 0.000000000000000000, 10.52102224193572866, 2.000000000000000000 ) ) ;
#4786 = CARTESIAN_POINT ( 'NONE',  ( 32.50000000000000000, -71.29999999999999716, -21.81600000000000250 ) ) ;
#4787 = PLANE ( 'NONE',  #1150 ) ;
#4788 = VECTOR ( 'NONE', #1675, 1000.000000000000000 ) ;
#4789 = ADVANCED_FACE ( 'NONE', ( #899 ), #2098, .F. ) ;
#4790 = EDGE_LOOP ( 'NONE', ( #1979, #1498, #1667 ) ) ;
#4791 = DIRECTION ( 'NONE',  ( 0.000000000000000000, 1.000000000000000000, 0.000000000000000000 ) ) ;
#4792 = DIRECTION ( 'NONE',  ( 0.000000000000000000, 0.000000000000000000, 1.000000000000000000 ) ) ;
#4793 = ORIENTED_EDGE ( 'NONE', *, *, #5445, .F. ) ;
#4794 = CARTESIAN_POINT ( 'NONE',  ( 28.44388279670645048, -84.02836607801179980, -21.81599999999999540 ) ) ;
#4795 = ORIENTED_EDGE ( 'NONE', *, *, #2394, .F. ) ;
#4796 = DIRECTION ( 'NONE',  ( 6.700369425960418635E-17, 1.000000000000000000, -4.463535239111857813E-30 ) ) ;
#4797 = ADVANCED_FACE ( 'NONE', ( #3434, #4644 ), #3398, .F. ) ;
#4798 = ORIENTED_EDGE ( 'NONE', *, *, #2465, .T. ) ;
#4799 = VECTOR ( 'NONE', #370, 1000.000000000000000 ) ;
#4800 = DIRECTION ( 'NONE',  ( 0.000000000000000000, 0.000000000000000000, -1.000000000000000000 ) ) ;
#4801 = ORIENTED_EDGE ( 'NONE', *, *, #840, .F. ) ;
#4802 = CARTESIAN_POINT ( 'NONE',  ( 32.50000000000000711, 27.69999999999998863, -21.81600000000000250 ) ) ;
#4803 = FACE_BOUND ( 'NONE', #4336, .T. ) ;
#4804 = EDGE_LOOP ( 'NONE', ( #3741, #2713, #1241, #3952 ) ) ;
#4805 = DIRECTION ( 'NONE',  ( 1.000000000000000000, -0.000000000000000000, 0.000000000000000000 ) ) ;
#4806 = VECTOR ( 'NONE', #2854, 1000.000000000000000 ) ;
#4807 = ORIENTED_EDGE ( 'NONE', *, *, #3304, .T. ) ;
#4808 = PLANE ( 'NONE',  #4630 ) ;
#4809 = AXIS2_PLACEMENT_3D ( 'NONE', #4810, #5156, #4332 ) ;
#4810 = CARTESIAN_POINT ( 'NONE',  ( -1.938824682913140224E-16, -40.30000000000001137, -29.58949493661166841 ) ) ;
#4811 = CARTESIAN_POINT ( 'NONE',  ( 24.99999999999999289, -2.949378361298347367E-29, -21.30000000000000071 ) ) ;
#4812 = CARTESIAN_POINT ( 'NONE',  ( 24.49999999999999645, 20.19999999999998508, -26.80281151192504652 ) ) ;
#4813 = EDGE_LOOP ( 'NONE', ( #3894, #2887, #28, #2765, #542, #3726, #3104, #4961 ) ) ;
#4814 = VECTOR ( 'NONE', #2456, 1000.000000000000000 ) ;
#4815 = AXIS2_PLACEMENT_3D ( 'NONE', #2033, #1155, #4521 ) ;
#4816 = ORIENTED_EDGE ( 'NONE', *, *, #4083, .T. ) ;
#4817 = DIRECTION ( 'NONE',  ( 0.000000000000000000, -0.000000000000000000, 1.000000000000000000 ) ) ;
#4818 = VECTOR ( 'NONE', #1518, 1000.000000000000000 ) ;
#4819 = ADVANCED_FACE ( 'NONE', ( #3003 ), #2589, .T. ) ;
#4820 = VECTOR ( 'NONE', #469, 1000.000000000000000 ) ;
#4821 = ORIENTED_EDGE ( 'NONE', *, *, #850, .F. ) ;
#4822 = CARTESIAN_POINT ( 'NONE',  ( 7.361087535663873210E-17, 20.19999999999998508, -23.81599999999999540 ) ) ;
#4823 = ORIENTED_EDGE ( 'NONE', *, *, #3450, .T. ) ;
#4824 = CARTESIAN_POINT ( 'NONE',  ( -17.77897775806426139, 0.000000000000000000, 2.000000000000000000 ) ) ;
#4825 = DIRECTION ( 'NONE',  ( -1.000000000000000000, 0.000000000000000000, 0.000000000000000000 ) ) ;
#4826 = ORIENTED_EDGE ( 'NONE', *, *, #4053, .F. ) ;
#4827 = DIRECTION ( 'NONE',  ( 0.000000000000000000, -1.000000000000000000, 0.000000000000000000 ) ) ;
#4828 = AXIS2_PLACEMENT_3D ( 'NONE', #1366, #1795, #4344 ) ;
#4829 = ORIENTED_EDGE ( 'NONE', *, *, #4074, .F. ) ;
#4830 = EDGE_CURVE ( 'NONE', #74, #346, #4235, .T. ) ;
#4831 = VECTOR ( 'NONE', #4607, 1000.000000000000000 ) ;
#4832 = DIRECTION ( 'NONE',  ( 0.000000000000000000, 0.000000000000000000, -1.000000000000000000 ) ) ;
#4833 = DIRECTION ( 'NONE',  ( -1.000000000000000000, 0.000000000000000000, 1.301268728343923962E-17 ) ) ;
#4834 = CARTESIAN_POINT ( 'NONE',  ( -32.00000000000000000, 29.69999999999998863, 2.000000000000000000 ) ) ;
#4835 = EDGE_LOOP ( 'NONE', ( #4626, #5109, #4419, #2041 ) ) ;
#4836 = DIRECTION ( 'NONE',  ( -1.301268728343923962E-17, -4.461994495156348024E-30, -1.000000000000000000 ) ) ;
#4837 = ORIENTED_EDGE ( 'NONE', *, *, #595, .F. ) ;
#4838 = VECTOR ( 'NONE', #2721, 1000.000000000000000 ) ;
#4839 = EDGE_CURVE ( 'NONE', #4554, #4394, #1122, .T. ) ;
#4840 = LINE ( 'NONE', #2748, #4197 ) ;
#4841 = CARTESIAN_POINT ( 'NONE',  ( -0.000000000000000000, 20.19999999999998508, 0.000000000000000000 ) ) ;
#4842 = CARTESIAN_POINT ( 'NONE',  ( 0.000000000000000000, -35.35500000000001108, -14.68999999999999595 ) ) ;
#4843 = LINE ( 'NONE', #3097, #3385 ) ;
#4844 = VECTOR ( 'NONE', #259, 1000.000000000000000 ) ;
#4845 = AXIS2_PLACEMENT_3D ( 'NONE', #734, #1541, #1625 ) ;
#4846 = ORIENTED_EDGE ( 'NONE', *, *, #1862, .T. ) ;
#4847 = DIRECTION ( 'NONE',  ( -0.000000000000000000, -0.000000000000000000, 1.000000000000000000 ) ) ;
#4848 = EDGE_CURVE ( 'NONE', #476, #4021, #1650, .T. ) ;
#4849 = EDGE_CURVE ( 'NONE', #783, #3659, #4240, .T. ) ;
#4850 = LINE ( 'NONE', #139, #5261 ) ;
#4851 = ORIENTED_EDGE ( 'NONE', *, *, #2708, .F. ) ;
#4852 = CARTESIAN_POINT ( 'NONE',  ( -32.00000000000000000, -70.79999999999999716, 2.000000000000000000 ) ) ;
#4853 = CARTESIAN_POINT ( 'NONE',  ( -26.82102224193583595, 0.000000000000000000, 2.000000000000000000 ) ) ;
#4854 = VERTEX_POINT ( 'NONE', #4203 ) ;
#4855 = FACE_OUTER_BOUND ( 'NONE', #1678, .T. ) ;
#4856 = EDGE_CURVE ( 'NONE', #1373, #35, #70, .T. ) ;
#4857 = ORIENTED_EDGE ( 'NONE', *, *, #3376, .F. ) ;
#4858 = ORIENTED_EDGE ( 'NONE', *, *, #2243, .F. ) ;
#4859 = EDGE_CURVE ( 'NONE', #3899, #476, #3537, .T. ) ;
#4860 = DIRECTION ( 'NONE',  ( -1.000000000000000000, 0.000000000000000000, 0.000000000000000000 ) ) ;
#4861 = CARTESIAN_POINT ( 'NONE',  ( 32.85000000000002274, -47.57500000000000284, -17.61599999999999255 ) ) ;
#4862 = CARTESIAN_POINT ( 'NONE',  ( -28.94999999999999574, 9.500000000000001776, 0.000000000000000000 ) ) ;
#4863 = ORIENTED_EDGE ( 'NONE', *, *, #5445, .T. ) ;
#4864 = DIRECTION ( 'NONE',  ( 1.000000000000000000, -6.700369425960418635E-17, -1.301268728343923962E-17 ) ) ;
#4865 = EDGE_CURVE ( 'NONE', #4994, #2227, #1056, .T. ) ;
#4866 = EDGE_LOOP ( 'NONE', ( #4520, #4067, #4837, #360, #4375, #3357, #4075, #2091, #2660, #4086 ) ) ;
#4867 = LINE ( 'NONE', #2726, #2071 ) ;
#4868 = CARTESIAN_POINT ( 'NONE',  ( 9.121202866579217898E-17, -38.21249999999998437, -19.68999999999999417 ) ) ;
#4869 = LINE ( 'NONE', #4842, #2902 ) ;
#4870 = LINE ( 'NONE', #2752, #5328 ) ;
#4871 = ADVANCED_FACE ( 'NONE', ( #4418 ), #4342, .F. ) ;
#4872 = EDGE_CURVE ( 'NONE', #1593, #5432, #3480, .T. ) ;
#4873 = ORIENTED_EDGE ( 'NONE', *, *, #299, .T. ) ;
#4874 = DIRECTION ( 'NONE',  ( -1.000000000000000000, 0.000000000000000000, 1.301268728343923962E-17 ) ) ;
#4875 = ADVANCED_FACE ( 'NONE', ( #2658 ), #167, .T. ) ;
#4876 = ORIENTED_EDGE ( 'NONE', *, *, #4291, .F. ) ;
#4877 = CARTESIAN_POINT ( 'NONE',  ( 7.361087535663873210E-17, -67.80000000000003979, -23.81599999999999540 ) ) ;
#4878 = CARTESIAN_POINT ( 'NONE',  ( 32.50000000000000000, -71.29999999999999716, -145.7918040909596300 ) ) ;
#4879 = ORIENTED_EDGE ( 'NONE', *, *, #454, .F. ) ;
#4880 = DIRECTION ( 'NONE',  ( 0.000000000000000000, 0.000000000000000000, -1.000000000000000000 ) ) ;
#4881 = ORIENTED_EDGE ( 'NONE', *, *, #4161, .F. ) ;
#4882 = CARTESIAN_POINT ( 'NONE',  ( -34.50000000000000000, 29.69999999999998863, -21.81600000000000250 ) ) ;
#4883 = LINE ( 'NONE', #1874, #5355 ) ;
#4884 = CARTESIAN_POINT ( 'NONE',  ( 17.61999999999999744, -36.78000000000000824, -9.589999999999998082 ) ) ;
#4885 = ORIENTED_EDGE ( 'NONE', *, *, #863, .F. ) ;
#4886 = CARTESIAN_POINT ( 'NONE',  ( -10.24999999999999822, -38.21249999999998437, -15.32999999999998941 ) ) ;
#4887 = EDGE_CURVE ( 'NONE', #4021, #2740, #196, .T. ) ;
#4888 = ORIENTED_EDGE ( 'NONE', *, *, #3916, .F. ) ;
#4889 = CARTESIAN_POINT ( 'NONE',  ( -22.00000000000002132, -68.30000000000001137, -32.67675810589293661 ) ) ;
#4890 = LINE ( 'NONE', #4868, #555 ) ;
#4891 = CARTESIAN_POINT ( 'NONE',  ( 14.14999999999999858, -35.95000000000001705, -9.589999999999998082 ) ) ;
#4892 = DIRECTION ( 'NONE',  ( 6.700369425960418635E-17, 1.000000000000000000, -4.463535239111857813E-30 ) ) ;
#4893 = VECTOR ( 'NONE', #1766, 1000.000000000000000 ) ;
#4894 = ADVANCED_FACE ( 'NONE', ( #4363 ), #1868, .F. ) ;
#4895 = EDGE_LOOP ( 'NONE', ( #3777, #5138, #3226, #655, #5060, #1670, #786 ) ) ;
#4896 = CARTESIAN_POINT ( 'NONE',  ( -33.89583333333333570, -4.950000000000005507, -17.61599999999999611 ) ) ;
#4897 = AXIS2_PLACEMENT_3D ( 'NONE', #4096, #4431, #4508 ) ;
#4898 = AXIS2_PLACEMENT_3D ( 'NONE', #905, #4292, #123 ) ;
#4899 = ORIENTED_EDGE ( 'NONE', *, *, #2221, .F. ) ;
#4900 = DIRECTION ( 'NONE',  ( 1.000000000000000000, 0.000000000000000000, -1.301268728343923962E-17 ) ) ;
#4901 = CARTESIAN_POINT ( 'NONE',  ( -96.00000000000001421, -155.2999999999999829, -21.29999999999999716 ) ) ;
#4902 = ORIENTED_EDGE ( 'NONE', *, *, #3330, .F. ) ;
#4903 = CARTESIAN_POINT ( 'NONE',  ( -34.50000000000000000, 27.19999999999998863, -21.81600000000000250 ) ) ;
#4904 = VECTOR ( 'NONE', #3947, 1000.000000000000000 ) ;
#4905 = ORIENTED_EDGE ( 'NONE', *, *, #56, .T. ) ;
#4906 = CARTESIAN_POINT ( 'NONE',  ( -32.50000000000000000, -38.65000000000000568, -14.26600000000000179 ) ) ;
#4907 = AXIS2_PLACEMENT_3D ( 'NONE', #3099, #4791, #4817 ) ;
#4908 = LINE ( 'NONE', #2333, #4211 ) ;
#4909 = LINE ( 'NONE', #1557, #2453 ) ;
#4910 = VERTEX_POINT ( 'NONE', #550 ) ;
#4911 = ORIENTED_EDGE ( 'NONE', *, *, #4286, .F. ) ;
#4912 = CARTESIAN_POINT ( 'NONE',  ( 32.50000000000000711, 4.174999999999998046, -17.61599999999999611 ) ) ;
#4913 = EDGE_CURVE ( 'NONE', #5435, #554, #2630, .T. ) ;
#4914 = ORIENTED_EDGE ( 'NONE', *, *, #3149, .T. ) ;
#4915 = AXIS2_PLACEMENT_3D ( 'NONE', #1395, #4777, #3031 ) ;
#4916 = EDGE_CURVE ( 'NONE', #3585, #5259, #1443, .T. ) ;
#4917 = DIRECTION ( 'NONE',  ( 0.000000000000000000, 0.000000000000000000, -1.000000000000000000 ) ) ;
#4918 = DIRECTION ( 'NONE',  ( 0.000000000000000000, 1.000000000000000000, 0.000000000000000000 ) ) ;
#4919 = DIRECTION ( 'NONE',  ( 8.673617379884037444E-16, -1.000000000000000000, 4.450707788098283966E-30 ) ) ;
#4920 =( NAMED_UNIT ( * ) PLANE_ANGLE_UNIT ( ) SI_UNIT ( $, .RADIAN. ) );
#4921 = VECTOR ( 'NONE', #1722, 1000.000000000000000 ) ;
#4922 = DIRECTION ( 'NONE',  ( 1.000000000000000000, -6.700369425960418635E-17, -1.301268728343923962E-17 ) ) ;
#4923 = AXIS2_PLACEMENT_3D ( 'NONE', #907, #5150, #1321 ) ;
#4924 = ORIENTED_EDGE ( 'NONE', *, *, #3050, .F. ) ;
#4925 = CARTESIAN_POINT ( 'NONE',  ( 16.44807661759172746, -46.45000000000000995, 2.000000000000000000 ) ) ;
#4926 = EDGE_CURVE ( 'NONE', #2289, #693, #4056, .T. ) ;
#4927 = AXIS2_PLACEMENT_3D ( 'NONE', #2563, #1283, #3756 ) ;
#4928 = EDGE_LOOP ( 'NONE', ( #3878, #2115, #2891, #1304 ) ) ;
#4929 = CARTESIAN_POINT ( 'NONE',  ( 32.85000000000002984, 2.299999999999994937, -15.74099999999999078 ) ) ;
#4930 = CYLINDRICAL_SURFACE ( 'NONE', #1243, 5.749999999999991118 ) ;
#4931 = VERTEX_POINT ( 'NONE', #2300 ) ;
#4932 = LINE ( 'NONE', #1552, #2441 ) ;
#4933 = EDGE_CURVE ( 'NONE', #5251, #268, #2249, .T. ) ;
#4934 = DIRECTION ( 'NONE',  ( 1.000000000000000000, 0.000000000000000000, -0.000000000000000000 ) ) ;
#4935 = ORIENTED_EDGE ( 'NONE', *, *, #5250, .F. ) ;
#4936 = CARTESIAN_POINT ( 'NONE',  ( 32.85000000000002274, -45.70000000000000284, -17.61599999999999255 ) ) ;
#4937 = DIRECTION ( 'NONE',  ( -1.000000000000000000, 0.000000000000000000, 0.000000000000000000 ) ) ;
#4938 = ORIENTED_EDGE ( 'NONE', *, *, #4751, .F. ) ;
#4939 = ORIENTED_EDGE ( 'NONE', *, *, #5172, .T. ) ;
#4940 = CARTESIAN_POINT ( 'NONE',  ( 32.00000000000000000, -70.79999999999999716, 2.000000000000000000 ) ) ;
#4941 = ADVANCED_FACE ( 'NONE', ( #4002 ), #142, .F. ) ;
#4942 = ORIENTED_EDGE ( 'NONE', *, *, #1428, .F. ) ;
#4943 = LINE ( 'NONE', #1594, #5076 ) ;
#4944 = CARTESIAN_POINT ( 'NONE',  ( 26.64999999999999858, 22.34999999999998366, -29.47285424949237864 ) ) ;
#4945 = DIRECTION ( 'NONE',  ( 0.000000000000000000, 1.000000000000000000, -4.461994495156348024E-30 ) ) ;
#4946 = CARTESIAN_POINT ( 'NONE',  ( -18.77897775806425074, 9.521022241935741093, 2.000000000000000000 ) ) ;
#4947 = FACE_OUTER_BOUND ( 'NONE', #2117, .T. ) ;
#4948 = DIRECTION ( 'NONE',  ( -1.000000000000000000, 6.736790197968183597E-17, 0.000000000000000000 ) ) ;
#4949 = ORIENTED_EDGE ( 'NONE', *, *, #5272, .F. ) ;
#4950 = DIRECTION ( 'NONE',  ( -0.000000000000000000, -1.000000000000000000, -0.000000000000000000 ) ) ;
#4951 = EDGE_CURVE ( 'NONE', #2498, #5450, #1392, .T. ) ;
#4952 = EDGE_LOOP ( 'NONE', ( #775, #3216, #4699, #761 ) ) ;
#4953 = FACE_OUTER_BOUND ( 'NONE', #5133, .T. ) ;
#4954 = PLANE ( 'NONE',  #535 ) ;
#4955 = VERTEX_POINT ( 'NONE', #3977 ) ;
#4956 = FACE_OUTER_BOUND ( 'NONE', #2634, .T. ) ;
#4957 = VERTEX_POINT ( 'NONE', #2207 ) ;
#4958 = VECTOR ( 'NONE', #1968, 1000.000000000000000 ) ;
#4959 = ORIENTED_EDGE ( 'NONE', *, *, #5321, .F. ) ;
#4960 = LINE ( 'NONE', #4993, #5174 ) ;
#4961 = ORIENTED_EDGE ( 'NONE', *, *, #1024, .T. ) ;
#4962 = CARTESIAN_POINT ( 'NONE',  ( 21.90000000000000213, -8.999999999999996447, -7.500000000000000000 ) ) ;
#4963 = DIRECTION ( 'NONE',  ( -1.000000000000000000, 0.000000000000000000, 1.301268728343923962E-17 ) ) ;
#4964 = ORIENTED_EDGE ( 'NONE', *, *, #1174, .T. ) ;
#4965 = ORIENTED_EDGE ( 'NONE', *, *, #3827, .F. ) ;
#4966 = FACE_OUTER_BOUND ( 'NONE', #3431, .T. ) ;
#4967 = AXIS2_PLACEMENT_3D ( 'NONE', #5185, #4768, #5440 ) ;
#4968 = ORIENTED_EDGE ( 'NONE', *, *, #4497, .F. ) ;
#4969 = CARTESIAN_POINT ( 'NONE',  ( 27.19669914110088627, -43.82500000000000284, -17.61599999999999255 ) ) ;
#4970 = EDGE_CURVE ( 'NONE', #2896, #3667, #5247, .T. ) ;
#4971 = DIRECTION ( 'NONE',  ( -0.000000000000000000, -0.000000000000000000, 1.000000000000000000 ) ) ;
#4972 = LINE ( 'NONE', #3651, #1035 ) ;
#4973 = CARTESIAN_POINT ( 'NONE',  ( -34.50000000000000000, -70.79999999999999716, 2.000000000000000000 ) ) ;
#4974 = ORIENTED_EDGE ( 'NONE', *, *, #3853, .F. ) ;
#4975 = CARTESIAN_POINT ( 'NONE',  ( -24.00000000000002132, -70.80000000000001137, -21.81599999999999540 ) ) ;
#4976 = VECTOR ( 'NONE', #2156, 1000.000000000000000 ) ;
#4977 = EDGE_CURVE ( 'NONE', #664, #227, #1793, .T. ) ;
#4978 = LINE ( 'NONE', #829, #2167 ) ;
#4979 = LINE ( 'NONE', #5407, #3520 ) ;
#4980 = VERTEX_POINT ( 'NONE', #3056 ) ;
#4981 = CARTESIAN_POINT ( 'NONE',  ( 14.14999999999999858, -33.45000000000001705, 2.000000000000000000 ) ) ;
#4982 = VECTOR ( 'NONE', #4415, 1000.000000000000000 ) ;
#4983 =( BOUNDED_CURVE ( )  B_SPLINE_CURVE ( 3, ( #2151, #3874, #2657, #924 ),
 .UNSPECIFIED., .F., .T. ) 
 B_SPLINE_CURVE_WITH_KNOTS ( ( 4, 4 ),
 ( 3.141592653589793116, 4.712388980384689674 ),
 .UNSPECIFIED. ) 
 CURVE ( )  GEOMETRIC_REPRESENTATION_ITEM ( )  RATIONAL_B_SPLINE_CURVE ( ( 1.000000000000000000, 0.8047378541243649375, 0.8047378541243649375, 1.000000000000000000 ) ) 
 REPRESENTATION_ITEM ( '' )  );
#4984 = EDGE_CURVE ( 'NONE', #4364, #4402, #4752, .T. ) ;
#4985 = ORIENTED_EDGE ( 'NONE', *, *, #3188, .F. ) ;
#4986 = CARTESIAN_POINT ( 'NONE',  ( -26.19999999999999929, -13.24999999999999645, 0.000000000000000000 ) ) ;
#4987 = AXIS2_PLACEMENT_3D ( 'NONE', #3292, #376, #800 ) ;
#4988 = DIRECTION ( 'NONE',  ( 1.000000000000000000, 0.000000000000000000, 0.000000000000000000 ) ) ;
#4989 = ORIENTED_EDGE ( 'NONE', *, *, #1711, .T. ) ;
#4990 = FACE_OUTER_BOUND ( 'NONE', #831, .T. ) ;
#4991 = ADVANCED_FACE ( 'NONE', ( #3083 ), #5388, .T. ) ;
#4992 = VECTOR ( 'NONE', #1529, 1000.000000000000000 ) ;
#4993 = CARTESIAN_POINT ( 'NONE',  ( 23.00000000000001066, -1.139961141356194799E-14, -19.69000000000000128 ) ) ;
#4994 = VERTEX_POINT ( 'NONE', #3213 ) ;
#4995 = DIRECTION ( 'NONE',  ( 0.000000000000000000, 0.000000000000000000, -1.000000000000000000 ) ) ;
#4996 = DIRECTION ( 'NONE',  ( -1.000000000000000000, 2.824994973600914627E-15, 0.000000000000000000 ) ) ;
#4997 = EDGE_LOOP ( 'NONE', ( #5360, #4629, #4821, #631, #1081, #4778 ) ) ;
#4998 = ORIENTED_EDGE ( 'NONE', *, *, #2806, .F. ) ;
#4999 = LINE ( 'NONE', #4676, #1379 ) ;
#5000 = AXIS2_PLACEMENT_3D ( 'NONE', #3021, #85, #4719 ) ;
#5001 = CIRCLE ( 'NONE', #2525, 2.749999999999999112 ) ;
#5002 = EDGE_CURVE ( 'NONE', #5256, #4118, #4029, .T. ) ;
#5003 = ORIENTED_EDGE ( 'NONE', *, *, #428, .T. ) ;
#5004 = VECTOR ( 'NONE', #4337, 1000.000000000000000 ) ;
#5005 = DIRECTION ( 'NONE',  ( -0.000000000000000000, -0.000000000000000000, 1.000000000000000000 ) ) ;
#5006 = LINE ( 'NONE', #766, #2172 ) ;
#5007 = LINE ( 'NONE', #5402, #2447 ) ;
#5008 = CYLINDRICAL_SURFACE ( 'NONE', #3613, 4.249999999999990230 ) ;
#5009 = VECTOR ( 'NONE', #368, 1000.000000000000000 ) ;
#5010 = ORIENTED_EDGE ( 'NONE', *, *, #4597, .F. ) ;
#5011 = EDGE_CURVE ( 'NONE', #3849, #5435, #273, .T. ) ;
#5012 = DIRECTION ( 'NONE',  ( -3.467014641106163299E-46, -4.463535239111858514E-30, -1.000000000000000000 ) ) ;
#5013 = LINE ( 'NONE', #3769, #3129 ) ;
#5014 = CARTESIAN_POINT ( 'NONE',  ( -32.50000000000000000, -48.95000000000000995, -14.26600000000000179 ) ) ;
#5015 = ORIENTED_EDGE ( 'NONE', *, *, #998, .T. ) ;
#5016 = DIRECTION ( 'NONE',  ( -1.000000000000000000, 0.000000000000000000, 0.000000000000000000 ) ) ;
#5017 = AXIS2_PLACEMENT_3D ( 'NONE', #1210, #773, #4922 ) ;
#5018 = ORIENTED_EDGE ( 'NONE', *, *, #4328, .T. ) ;
#5019 = VECTOR ( 'NONE', #4945, 1000.000000000000000 ) ;
#5020 = ORIENTED_EDGE ( 'NONE', *, *, #4637, .F. ) ;
#5021 = CARTESIAN_POINT ( 'NONE',  ( 26.64999999999999858, -67.80000000000003979, -29.47285424949237864 ) ) ;
#5022 = DIRECTION ( 'NONE',  ( -0.000000000000000000, -1.000000000000000000, 4.461994495156348024E-30 ) ) ;
#5023 = ORIENTED_EDGE ( 'NONE', *, *, #5233, .F. ) ;
#5024 = DIRECTION ( 'NONE',  ( -1.734723475976808672E-15, 0.000000000000000000, 1.000000000000000000 ) ) ;
#5025 = AXIS2_PLACEMENT_3D ( 'NONE', #1000, #1472, #1819 ) ;
#5026 = EDGE_CURVE ( 'NONE', #3659, #413, #3268, .T. ) ;
#5027 = ORIENTED_EDGE ( 'NONE', *, *, #4926, .T. ) ;
#5028 = PLANE ( 'NONE',  #3850 ) ;
#5029 = VECTOR ( 'NONE', #4271, 1000.000000000000000 ) ;
#5030 = ORIENTED_EDGE ( 'NONE', *, *, #1462, .T. ) ;
#5031 = CARTESIAN_POINT ( 'NONE',  ( 18.18000000000000327, -44.54500000000001592, -9.589999999999998082 ) ) ;
#5032 = CARTESIAN_POINT ( 'NONE',  ( 21.90000000000000213, 8.000000000000001776, -7.500000000000000000 ) ) ;
#5033 = ORIENTED_EDGE ( 'NONE', *, *, #444, .T. ) ;
#5034 = ORIENTED_EDGE ( 'NONE', *, *, #171, .F. ) ;
#5035 = DIRECTION ( 'NONE',  ( 0.000000000000000000, -0.000000000000000000, -1.000000000000000000 ) ) ;
#5036 = EDGE_CURVE ( 'NONE', #35, #3436, #1519, .T. ) ;
#5037 = VERTEX_POINT ( 'NONE', #3719 ) ;
#5038 = LINE ( 'NONE', #1656, #995 ) ;
#5039 = CARTESIAN_POINT ( 'NONE',  ( 0.000000000000000000, 10.52102224193572866, 2.000000000000000000 ) ) ;
#5040 = LINE ( 'NONE', #4484, #4052 ) ;
#5041 = ADVANCED_FACE ( 'NONE', ( #3662 ), #4954, .T. ) ;
#5042 = DIRECTION ( 'NONE',  ( -0.000000000000000000, -0.000000000000000000, 1.000000000000000000 ) ) ;
#5043 = CARTESIAN_POINT ( 'NONE',  ( -27.99999999999999289, 1.798687484571975470E-29, -21.81599999999999540 ) ) ;
#5044 = CARTESIAN_POINT ( 'NONE',  ( 22.99999999999999289, -40.30000000000001137, -19.69000000000000128 ) ) ;
#5045 = EDGE_CURVE ( 'NONE', #1794, #2693, #4468, .T. ) ;
#5046 = VERTEX_POINT ( 'NONE', #2847 ) ;
#5047 = DIRECTION ( 'NONE',  ( 1.000000000000000000, -8.961770736177863544E-16, -0.000000000000000000 ) ) ;
#5048 = EDGE_CURVE ( 'NONE', #4170, #3371, #4542, .T. ) ;
#5049 = ORIENTED_EDGE ( 'NONE', *, *, #1149, .T. ) ;
#5050 = ORIENTED_EDGE ( 'NONE', *, *, #2815, .F. ) ;
#5051 = LINE ( 'NONE', #1217, #1992 ) ;
#5052 = ADVANCED_FACE ( 'NONE', ( #1106 ), #716, .F. ) ;
#5053 = FACE_OUTER_BOUND ( 'NONE', #2205, .T. ) ;
#5054 = LINE ( 'NONE', #1187, #3153 ) ;
#5055 = ORIENTED_EDGE ( 'NONE', *, *, #5404, .T. ) ;
#5056 = LINE ( 'NONE', #308, #4806 ) ;
#5057 = ORIENTED_EDGE ( 'NONE', *, *, #4865, .T. ) ;
#5058 = DIRECTION ( 'NONE',  ( 0.000000000000000000, -0.000000000000000000, -1.000000000000000000 ) ) ;
#5059 = FACE_OUTER_BOUND ( 'NONE', #2294, .T. ) ;
#5060 = ORIENTED_EDGE ( 'NONE', *, *, #1686, .F. ) ;
#5061 = EDGE_LOOP ( 'NONE', ( #38, #4968, #2479, #4709 ) ) ;
#5062 = DIRECTION ( 'NONE',  ( -0.000000000000000000, -0.000000000000000000, 1.000000000000000000 ) ) ;
#5063 = ORIENTED_EDGE ( 'NONE', *, *, #1036, .T. ) ;
#5064 = EDGE_CURVE ( 'NONE', #1847, #1271, #4711, .T. ) ;
#5065 = CARTESIAN_POINT ( 'NONE',  ( 22.99999999999999289, -34.79999999999999716, -19.68999999999999417 ) ) ;
#5066 = DIRECTION ( 'NONE',  ( -1.301268728343923962E-17, -4.461994495156348024E-30, -1.000000000000000000 ) ) ;
#5067 = EDGE_CURVE ( 'NONE', #1107, #4382, #3242, .T. ) ;
#5068 = DIRECTION ( 'NONE',  ( -0.000000000000000000, -0.000000000000000000, 1.000000000000000000 ) ) ;
#5069 = EDGE_CURVE ( 'NONE', #2099, #112, #2380, .T. ) ;
#5070 = DIRECTION ( 'NONE',  ( -0.000000000000000000, -0.000000000000000000, 1.000000000000000000 ) ) ;
#5071 = CARTESIAN_POINT ( 'NONE',  ( 5.208733445923128736E-17, 20.19999999999998508, -22.79999999999999716 ) ) ;
#5072 = ORIENTED_EDGE ( 'NONE', *, *, #3032, .T. ) ;
#5073 = FACE_OUTER_BOUND ( 'NONE', #4078, .T. ) ;
#5074 = ORIENTED_EDGE ( 'NONE', *, *, #4322, .F. ) ;
#5075 = ADVANCED_FACE ( 'NONE', ( #1609 ), #4930, .T. ) ;
#5076 = VECTOR ( 'NONE', #1140, 1000.000000000000000 ) ;
#5077 = ORIENTED_EDGE ( 'NONE', *, *, #3038, .T. ) ;
#5078 = ORIENTED_EDGE ( 'NONE', *, *, #2507, .T. ) ;
#5079 = CARTESIAN_POINT ( 'NONE',  ( -5.249999999999997335, -31.29999999999999361, -36.63144236528317776 ) ) ;
#5080 = LINE ( 'NONE', #1274, #2147 ) ;
#5081 = DIRECTION ( 'NONE',  ( 0.000000000000000000, 0.000000000000000000, 1.000000000000000000 ) ) ;
#5082 = AXIS2_PLACEMENT_3D ( 'NONE', #1158, #720, #2386 ) ;
#5083 = ORIENTED_EDGE ( 'NONE', *, *, #2451, .T. ) ;
#5084 = AXIS2_PLACEMENT_3D ( 'NONE', #5323, #732, #2423 ) ;
#5085 = LINE ( 'NONE', #2610, #472 ) ;
#5086 = ORIENTED_EDGE ( 'NONE', *, *, #4387, .T. ) ;
#5087 = CARTESIAN_POINT ( 'NONE',  ( -26.64999999999999147, -67.80000000000003979, -22.79999999999999716 ) ) ;
#5088 = FACE_OUTER_BOUND ( 'NONE', #4790, .T. ) ;
#5089 = ORIENTED_EDGE ( 'NONE', *, *, #3008, .F. ) ;
#5090 = CARTESIAN_POINT ( 'NONE',  ( 0.000000000000000000, -33.29999999999999716, -36.63144236528317776 ) ) ;
#5091 = VECTOR ( 'NONE', #5066, 1000.000000000000000 ) ;
#5092 = ORIENTED_EDGE ( 'NONE', *, *, #1711, .F. ) ;
#5093 = EDGE_CURVE ( 'NONE', #2858, #3438, #1185, .T. ) ;
#5094 = DIRECTION ( 'NONE',  ( 0.000000000000000000, -1.000000000000000000, 0.000000000000000000 ) ) ;
#5095 = VECTOR ( 'NONE', #1870, 1000.000000000000114 ) ;
#5096 = CARTESIAN_POINT ( 'NONE',  ( 0.000000000000000000, -70.80000000000001137, -26.80281151192504652 ) ) ;
#5097 = LINE ( 'NONE', #1292, #3245 ) ;
#5098 = VECTOR ( 'NONE', #994, 1000.000000000000000 ) ;
#5099 = DIRECTION ( 'NONE',  ( 0.000000000000000000, 1.000000000000000000, -4.463535239111858514E-30 ) ) ;
#5100 = LINE ( 'NONE', #4687, #2861 ) ;
#5101 = CARTESIAN_POINT ( 'NONE',  ( 24.49999999999999645, 20.19999999999998508, -22.79999999999999716 ) ) ;
#5102 = ORIENTED_EDGE ( 'NONE', *, *, #5428, .T. ) ;
#5103 = LINE ( 'NONE', #1267, #1998 ) ;
#5104 = AXIS2_PLACEMENT_3D ( 'NONE', #2418, #4042, #1956 ) ;
#5105 = ADVANCED_FACE ( 'NONE', ( #2326 ), #226, .T. ) ;
#5106 = EDGE_CURVE ( 'NONE', #1705, #488, #1922, .T. ) ;
#5107 = ORIENTED_EDGE ( 'NONE', *, *, #4207, .T. ) ;
#5108 = AXIS2_PLACEMENT_3D ( 'NONE', #666, #2328, #1130 ) ;
#5109 = ORIENTED_EDGE ( 'NONE', *, *, #4083, .F. ) ;
#5110 = CARTESIAN_POINT ( 'NONE',  ( -27.99999999999999289, -67.80000000000003979, -29.47285424949237864 ) ) ;
#5111 = DIRECTION ( 'NONE',  ( 6.700369425960418635E-17, 1.000000000000000000, -4.463535239111858514E-30 ) ) ;
#5112 = EDGE_CURVE ( 'NONE', #219, #3374, #1496, .T. ) ;
#5113 = VECTOR ( 'NONE', #2344, 1000.000000000000000 ) ;
#5114 = ORIENTED_EDGE ( 'NONE', *, *, #4496, .T. ) ;
#5115 = DIRECTION ( 'NONE',  ( -1.000000000000000000, 0.000000000000000000, 1.301268728343924116E-17 ) ) ;
#5116 = ORIENTED_EDGE ( 'NONE', *, *, #2742, .F. ) ;
#5117 = PLANE ( 'NONE',  #4471 ) ;
#5118 = CARTESIAN_POINT ( 'NONE',  ( 6.636470514554011467E-17, 2.275617192529737268E-29, -9.589999999999998082 ) ) ;
#5119 = VECTOR ( 'NONE', #2771, 1000.000000000000000 ) ;
#5120 = VERTEX_POINT ( 'NONE', #3636 ) ;
#5121 = VERTEX_POINT ( 'NONE', #1218 ) ;
#5122 = DIRECTION ( 'NONE',  ( 0.000000000000000000, -1.000000000000000000, 4.461994495156348024E-30 ) ) ;
#5123 = EDGE_CURVE ( 'NONE', #4188, #700, #2654, .T. ) ;
#5124 = EDGE_LOOP ( 'NONE', ( #4162, #2143, #3416, #834 ) ) ;
#5125 = LINE ( 'NONE', #1824, #4976 ) ;
#5126 = PLANE ( 'NONE',  #4737 ) ;
#5127 = CARTESIAN_POINT ( 'NONE',  ( 19.60499999999999687, -43.12000000000001876, -9.589999999999998082 ) ) ;
#5128 = EDGE_CURVE ( 'NONE', #2552, #2960, #2059, .T. ) ;
#5129 = FACE_OUTER_BOUND ( 'NONE', #2564, .T. ) ;
#5130 = LINE ( 'NONE', #964, #1269 ) ;
#5131 = DIRECTION ( 'NONE',  ( -0.000000000000000000, 0.000000000000000000, 1.000000000000000000 ) ) ;
#5132 = ORIENTED_EDGE ( 'NONE', *, *, #5313, .F. ) ;
#5133 = EDGE_LOOP ( 'NONE', ( #3219, #205, #4446, #2036 ) ) ;
#5134 = EDGE_LOOP ( 'NONE', ( #5140, #3205, #642, #2491 ) ) ;
#5135 = EDGE_LOOP ( 'NONE', ( #224, #2508, #3671, #4054, #2304, #1923, #1639, #3449, #468, #551, #4094, #3908, #1876, #4030, #4720, #3565, #3614, #1139 ) ) ;
#5136 = LINE ( 'NONE', #4, #2964 ) ;
#5137 = CARTESIAN_POINT ( 'NONE',  ( -5.249999999999998224, -38.21249999999997726, -26.69946904194603121 ) ) ;
#5138 = ORIENTED_EDGE ( 'NONE', *, *, #2455, .T. ) ;
#5139 = DIRECTION ( 'NONE',  ( 0.000000000000000000, 0.000000000000000000, -1.000000000000000000 ) ) ;
#5140 = ORIENTED_EDGE ( 'NONE', *, *, #4014, .T. ) ;
#5141 = CARTESIAN_POINT ( 'NONE',  ( -5.249999999999993783, 6.587557503709716576E-16, -19.68999999999999417 ) ) ;
#5142 = CARTESIAN_POINT ( 'NONE',  ( -23.86009485345630310, 29.70099999999998985, -9.907999999999999474 ) ) ;
#5143 = ORIENTED_EDGE ( 'NONE', *, *, #2497, .F. ) ;
#5144 = CARTESIAN_POINT ( 'NONE',  ( 23.00000000000001066, -1.139961141356196850E-14, -34.02792206135786302 ) ) ;
#5145 = VERTEX_POINT ( 'NONE', #443 ) ;
#5146 = ADVANCED_FACE ( 'NONE', ( #5053 ), #5, .F. ) ;
#5147 = EDGE_CURVE ( 'NONE', #1847, #4063, #416, .T. ) ;
#5148 = CARTESIAN_POINT ( 'NONE',  ( -23.86009485345630310, -73.29999999999999716, -21.81600000000000250 ) ) ;
#5149 = DIRECTION ( 'NONE',  ( 0.000000000000000000, 0.000000000000000000, 1.000000000000000000 ) ) ;
#5150 = DIRECTION ( 'NONE',  ( 0.000000000000000000, -1.000000000000000000, 0.000000000000000000 ) ) ;
#5151 = DIRECTION ( 'NONE',  ( 1.000000000000000000, 0.000000000000000000, 0.000000000000000000 ) ) ;
#5152 = ORIENTED_EDGE ( 'NONE', *, *, #1148, .T. ) ;
#5153 = EDGE_CURVE ( 'NONE', #2710, #94, #838, .T. ) ;
#5154 = VECTOR ( 'NONE', #3495, 1000.000000000000114 ) ;
#5155 = DIRECTION ( 'NONE',  ( -0.000000000000000000, -0.000000000000000000, 1.000000000000000000 ) ) ;
#5156 = DIRECTION ( 'NONE',  ( 0.000000000000000000, 1.000000000000000000, -4.461994495156348725E-30 ) ) ;
#5157 = DIRECTION ( 'NONE',  ( 2.213641848835077245E-16, 1.000000000000000000, 0.000000000000000000 ) ) ;
#5158 = VERTEX_POINT ( 'NONE', #1378 ) ;
#5159 = ORIENTED_EDGE ( 'NONE', *, *, #3172, .F. ) ;
#5160 = LINE ( 'NONE', #1384, #48 ) ;
#5161 = VERTEX_POINT ( 'NONE', #3390 ) ;
#5162 = EDGE_CURVE ( 'NONE', #465, #3273, #4164, .T. ) ;
#5163 = EDGE_CURVE ( 'NONE', #1423, #2123, #711, .T. ) ;
#5164 = CARTESIAN_POINT ( 'NONE',  ( -34.50000000000001421, -73.29999999999999716, -21.81600000000000250 ) ) ;
#5165 = ORIENTED_EDGE ( 'NONE', *, *, #1749, .F. ) ;
#5166 = PLANE ( 'NONE',  #2688 ) ;
#5167 = AXIS2_PLACEMENT_3D ( 'NONE', #1872, #4832, #1448 ) ;
#5168 = CARTESIAN_POINT ( 'NONE',  ( 21.49999999999999289, -40.30000000000001137, -29.58949493661166841 ) ) ;
#5169 = VERTEX_POINT ( 'NONE', #1807 ) ;
#5170 = EDGE_LOOP ( 'NONE', ( #15, #2923, #2524, #4010 ) ) ;
#5171 = PLANE ( 'NONE',  #574 ) ;
#5172 = EDGE_CURVE ( 'NONE', #1156, #1618, #2468, .T. ) ;
#5173 = EDGE_LOOP ( 'NONE', ( #2355, #5483, #4329, #1951 ) ) ;
#5174 = VECTOR ( 'NONE', #3785, 1000.000000000000000 ) ;
#5175 = DIRECTION ( 'NONE',  ( 0.000000000000000000, 1.000000000000000000, 0.000000000000000000 ) ) ;
#5176 = DIRECTION ( 'NONE',  ( -1.000000000000000000, 7.008983741320433464E-17, 0.000000000000000000 ) ) ;
#5177 = CARTESIAN_POINT ( 'NONE',  ( -26.19999999999999929, -13.24999999999999645, -7.500000000000000000 ) ) ;
#5178 = AXIS2_PLACEMENT_3D ( 'NONE', #4026, #5379, #1865 ) ;
#5179 = EDGE_CURVE ( 'NONE', #5259, #1480, #5080, .T. ) ;
#5180 = EDGE_LOOP ( 'NONE', ( #4702, #2554, #2220, #3087 ) ) ;
#5181 = VECTOR ( 'NONE', #3316, 1000.000000000000000 ) ;
#5182 = DIRECTION ( 'NONE',  ( 1.456771477978507824E-16, 0.000000000000000000, -1.000000000000000000 ) ) ;
#5183 = CARTESIAN_POINT ( 'NONE',  ( 19.60499999999999687, -36.78000000000000824, -9.589999999999998082 ) ) ;
#5184 = PRESENTATION_STYLE_ASSIGNMENT (( #82 ) ) ;
#5185 = CARTESIAN_POINT ( 'NONE',  ( 0.000000000000000000, -68.30000000000001137, -32.67675810589293661 ) ) ;
#5186 = VECTOR ( 'NONE', #2298, 1000.000000000000000 ) ;
#5187 = ADVANCED_FACE ( 'NONE', ( #3810, #4355 ), #3333, .F. ) ;
#5188 = ORIENTED_EDGE ( 'NONE', *, *, #5243, .F. ) ;
#5189 = AXIS2_PLACEMENT_3D ( 'NONE', #414, #3892, #499 ) ;
#5190 = ORIENTED_EDGE ( 'NONE', *, *, #3420, .F. ) ;
#5191 = CARTESIAN_POINT ( 'NONE',  ( -32.50000000000000000, 5.349999999999993427, -14.26600000000000179 ) ) ;
#5192 = AXIS2_PLACEMENT_3D ( 'NONE', #1012, #2961, #983 ) ;
#5193 = CARTESIAN_POINT ( 'NONE',  ( 7.361087535663873210E-17, -67.80000000000003979, -23.81599999999999540 ) ) ;
#5194 = ADVANCED_FACE ( 'NONE', ( #386 ), #3779, .T. ) ;
#5195 = ORIENTED_EDGE ( 'NONE', *, *, #2533, .F. ) ;
#5196 = DIRECTION ( 'NONE',  ( -1.000000000000000000, 0.000000000000000000, 1.301268728343923962E-17 ) ) ;
#5197 = CARTESIAN_POINT ( 'NONE',  ( -11.86009485345630310, -71.29999999999999716, -21.81600000000000250 ) ) ;
#5198 = ORIENTED_EDGE ( 'NONE', *, *, #2404, .F. ) ;
#5199 = ORIENTED_EDGE ( 'NONE', *, *, #5439, .F. ) ;
#5200 = LINE ( 'NONE', #3483, #2435 ) ;
#5201 = ADVANCED_FACE ( 'NONE', ( #4665 ), #867, .T. ) ;
#5202 = VERTEX_POINT ( 'NONE', #4576 ) ;
#5203 = DIRECTION ( 'NONE',  ( -1.000000000000000000, 0.000000000000000000, 1.301268728343923962E-17 ) ) ;
#5204 = VECTOR ( 'NONE', #2046, 1000.000000000000000 ) ;
#5205 = LINE ( 'NONE', #3090, #1986 ) ;
#5206 = CARTESIAN_POINT ( 'NONE',  ( 24.99999999999999289, -71.29999999999999716, -21.30000000000000071 ) ) ;
#5207 = CARTESIAN_POINT ( 'NONE',  ( 14.15000000000000391, -34.48553390593274770, -9.589999999999998082 ) ) ;
#5208 = VECTOR ( 'NONE', #759, 1000.000000000000000 ) ;
#5209 = VERTEX_POINT ( 'NONE', #3747 ) ;
#5210 = LINE ( 'NONE', #2214, #5468 ) ;
#5211 = DIRECTION ( 'NONE',  ( -0.000000000000000000, -0.000000000000000000, 1.000000000000000000 ) ) ;
#5212 = FACE_OUTER_BOUND ( 'NONE', #1926, .T. ) ;
#5213 = AXIS2_PLACEMENT_3D ( 'NONE', #4625, #2518, #1665 ) ;
#5214 = DIRECTION ( 'NONE',  ( -5.806253902589689981E-47, 1.000000000000000000, -4.461994495156348024E-30 ) ) ;
#5215 = ORIENTED_EDGE ( 'NONE', *, *, #2346, .F. ) ;
#5216 = ORIENTED_EDGE ( 'NONE', *, *, #4582, .F. ) ;
#5217 = LINE ( 'NONE', #3580, #5098 ) ;
#5218 = EDGE_CURVE ( 'NONE', #1603, #1705, #4253, .T. ) ;
#5219 = LINE ( 'NONE', #5274, #3751 ) ;
#5220 = ORIENTED_EDGE ( 'NONE', *, *, #1734, .T. ) ;
#5221 = CARTESIAN_POINT ( 'NONE',  ( 34.50000000000000000, -45.70000000000000284, -21.14099999999999469 ) ) ;
#5222 = DIRECTION ( 'NONE',  ( -1.000000000000000000, 0.000000000000000000, 0.000000000000000000 ) ) ;
#5223 = ORIENTED_EDGE ( 'NONE', *, *, #2566, .T. ) ;
#5224 = PLANE ( 'NONE',  #745 ) ;
#5225 = EDGE_LOOP ( 'NONE', ( #2702, #317, #4296, #1767 ) ) ;
#5226 = EDGE_CURVE ( 'NONE', #4143, #1892, #1641, .T. ) ;
#5227 = LINE ( 'NONE', #3113, #207 ) ;
#5228 = EDGE_LOOP ( 'NONE', ( #197, #2681, #4069, #392 ) ) ;
#5229 = CARTESIAN_POINT ( 'NONE',  ( 5.245581943854665994E-17, -70.80000000000001137, -21.81599999999999540 ) ) ;
#5230 = DIRECTION ( 'NONE',  ( -0.5773502691896231775, 0.5773502691896231775, 0.5773502691896310601 ) ) ;
#5231 = VERTEX_POINT ( 'NONE', #2914 ) ;
#5232 = DIRECTION ( 'NONE',  ( -1.000000000000000000, 1.847535342843096406E-16, 0.000000000000000000 ) ) ;
#5233 = EDGE_CURVE ( 'NONE', #1916, #1129, #782, .T. ) ;
#5234 = EDGE_LOOP ( 'NONE', ( #5020, #3748, #3813, #4258 ) ) ;
#5235 = UNCERTAINTY_MEASURE_WITH_UNIT (LENGTH_MEASURE( 1.000000000000000082E-05 ), #1377, 'distance_accuracy_value', 'NONE');
#5236 = CARTESIAN_POINT ( 'NONE',  ( 21.90000000000000213, 12.24999999999998579, -7.500000000000000000 ) ) ;
#5237 = LINE ( 'NONE', #2291, #3933 ) ;
#5238 = CARTESIAN_POINT ( 'NONE',  ( 1.995032651035020675E-16, -33.29999999999999716, -21.30000000000000071 ) ) ;
#5239 = LINE ( 'NONE', #4812, #3914 ) ;
#5240 = AXIS2_PLACEMENT_3D ( 'NONE', #2002, #5412, #4138 ) ;
#5241 = ORIENTED_EDGE ( 'NONE', *, *, #47, .F. ) ;
#5242 = FACE_OUTER_BOUND ( 'NONE', #2640, .T. ) ;
#5243 = EDGE_CURVE ( 'NONE', #3600, #2539, #4605, .T. ) ;
#5244 = DIRECTION ( 'NONE',  ( -0.000000000000000000, -0.000000000000000000, 1.000000000000000000 ) ) ;
#5245 = ORIENTED_EDGE ( 'NONE', *, *, #3380, .F. ) ;
#5246 = PLANE ( 'NONE',  #5454 ) ;
#5247 = LINE ( 'NONE', #3898, #3971 ) ;
#5248 = ORIENTED_EDGE ( 'NONE', *, *, #5093, .F. ) ;
#5249 = CARTESIAN_POINT ( 'NONE',  ( 8.149999999999977263, -72.04999999999999716, -18.81599999999999540 ) ) ;
#5250 = EDGE_CURVE ( 'NONE', #231, #4081, #571, .T. ) ;
#5251 = VERTEX_POINT ( 'NONE', #5265 ) ;
#5252 = CLOSED_SHELL ( 'NONE', ( #3723, #4311, #4111, #4456, #382, #452, #362, #2629, #345, #4671, #5187, #2646, #611, #2775, #1229, #222, #4411, #3550, #430, #4875, #2910, #4991, #4330, #316, #3925, #3532, #4486, #1622, #2135, #3833, #5350, #3987, #5146, #2613, #2272, #5075, #3990, #934, #1972, #3297, #3509, #3820, #5415, #1301, #1861, #1669, #3409, #3471, #4871, #5378, #3468, #2754, #3674, #2862, #1391, #3195, #2028, #1028, #5306, #1131, #245, #3484, #5105, #1077, #5201, #4511, #2197, #3012, #2233, #2519, #160, #4225, #1564, #744, #4729, #2357, #4345, #1565, #3272, #4705, #3980, #5041, #3100, #3291, #1, #5458, #3187, #2108, #2282, #2624, #1276, #2216, #4941, #2844, #971, #20, #3426, #5052, #1592, #1965, #3404, #627, #736, #2789, #1636, #516, #540, #4621, #2069, #3456, #4183, #781, #2885, #4797, #3754, #1788, #4335, #4274, #2049, #5194, #187, #3364, #4681, #3321, #2812, #1430, #3088, #2715, #2969, #2644, #1583, #4255, #1829, #4515, #3555, #1223, #4152, #5456, #3079, #3879, #4789, #4894, #1856, #3994, #3238, #1167, #668, #1329, #4427, #3517, #3261, #4716, #3890, #3666, #2460, #4819, #3233, #578, #3118, #1342, #4686, #1782, #3607, #521, #652, #3428, #2997, #1102, #3180, #1319, #3903, #4196, #2536 ) ) ;
#5253 = CARTESIAN_POINT ( 'NONE',  ( -22.29999999999999716, -5.900000000000066969, 2.000000000000000000 ) ) ;
#5254 = DIRECTION ( 'NONE',  ( 0.000000000000000000, 1.000000000000000000, -4.461994495156348024E-30 ) ) ;
#5255 = LINE ( 'NONE', #2334, #1300 ) ;
#5256 = VERTEX_POINT ( 'NONE', #3652 ) ;
#5257 = CARTESIAN_POINT ( 'NONE',  ( -20.50000000000002132, 5.076303204121963712E-29, -21.30000000000000071 ) ) ;
#5258 = VECTOR ( 'NONE', #5115, 1000.000000000000000 ) ;
#5259 = VERTEX_POINT ( 'NONE', #4018 ) ;
#5260 = DIRECTION ( 'NONE',  ( -1.000000000000000000, 0.000000000000000000, -1.456771477978507824E-16 ) ) ;
#5261 = VECTOR ( 'NONE', #2274, 1000.000000000000000 ) ;
#5262 = CARTESIAN_POINT ( 'NONE',  ( 28.00000000000000000, 1.798687484571975190E-29, -21.81599999999999540 ) ) ;
#5263 = CARTESIAN_POINT ( 'NONE',  ( -22.86009485345630310, -71.29999999999996874, -21.81600000000000250 ) ) ;
#5264 = EDGE_CURVE ( 'NONE', #945, #4364, #2584, .T. ) ;
#5265 = CARTESIAN_POINT ( 'NONE',  ( 15.99999999999999289, -34.79999999999999716, -19.69000000000000128 ) ) ;
#5266 = EDGE_CURVE ( 'NONE', #581, #3722, #1911, .T. ) ;
#5267 = EDGE_CURVE ( 'NONE', #4006, #1551, #2782, .T. ) ;
#5268 = AXIS2_PLACEMENT_3D ( 'NONE', #2045, #881, #5460 ) ;
#5269 = CIRCLE ( 'NONE', #3418, 4.249999999999990230 ) ;
#5270 = ORIENTED_EDGE ( 'NONE', *, *, #2826, .T. ) ;
#5271 = LINE ( 'NONE', #1492, #2876 ) ;
#5272 = EDGE_CURVE ( 'NONE', #2279, #3814, #3152, .T. ) ;
#5273 = VECTOR ( 'NONE', #189, 1000.000000000000000 ) ;
#5274 = CARTESIAN_POINT ( 'NONE',  ( -12.86009485345630132, -73.29999999999999716, -21.81600000000000250 ) ) ;
#5275 = ORIENTED_EDGE ( 'NONE', *, *, #3296, .F. ) ;
#5276 = LINE ( 'NONE', #195, #2428 ) ;
#5277 = DIRECTION ( 'NONE',  ( 0.000000000000000000, 0.000000000000000000, -1.000000000000000000 ) ) ;
#5278 = ORIENTED_EDGE ( 'NONE', *, *, #3811, .F. ) ;
#5279 = DIRECTION ( 'NONE',  ( -1.000000000000000000, 0.000000000000000000, 1.301268728343923962E-17 ) ) ;
#5280 = VECTOR ( 'NONE', #889, 1000.000000000000000 ) ;
#5281 = ORIENTED_EDGE ( 'NONE', *, *, #2162, .T. ) ;
#5282 = ORIENTED_EDGE ( 'NONE', *, *, #1409, .F. ) ;
#5283 = ADVANCED_BREP_SHAPE_REPRESENTATION ( 'enclosure_body', ( #3967, #73 ), #331 ) ;
#5284 = VECTOR ( 'NONE', #5279, 1000.000000000000000 ) ;
#5285 = CARTESIAN_POINT ( 'NONE',  ( -34.50000000000000000, -70.79999999999999716, 2.000000000000000000 ) ) ;
#5286 = EDGE_CURVE ( 'NONE', #255, #346, #5299, .T. ) ;
#5287 = ORIENTED_EDGE ( 'NONE', *, *, #1785, .T. ) ;
#5288 = EDGE_CURVE ( 'NONE', #2095, #4114, #1434, .T. ) ;
#5289 = DIRECTION ( 'NONE',  ( 4.956352788505165240E-16, 1.000000000000000000, -0.000000000000000000 ) ) ;
#5290 = CARTESIAN_POINT ( 'NONE',  ( 21.64999999999999858, -35.95000000000001705, 2.000000000000000000 ) ) ;
#5291 = ORIENTED_EDGE ( 'NONE', *, *, #2507, .F. ) ;
#5292 = DIRECTION ( 'NONE',  ( 0.000000000000000000, -4.461994495156348024E-30, -1.000000000000000000 ) ) ;
#5293 = EDGE_LOOP ( 'NONE', ( #237, #3579, #4013, #5023 ) ) ;
#5294 = VECTOR ( 'NONE', #184, 1000.000000000000000 ) ;
#5295 = DIRECTION ( 'NONE',  ( -1.000000000000000000, -0.000000000000000000, -0.000000000000000000 ) ) ;
#5296 = EDGE_CURVE ( 'NONE', #4980, #1551, #990, .T. ) ;
#5297 = CARTESIAN_POINT ( 'NONE',  ( 21.90000000000000213, 12.24999999999998579, 0.000000000000000000 ) ) ;
#5298 = LINE ( 'NONE', #600, #5381 ) ;
#5299 = LINE ( 'NONE', #1050, #3564 ) ;
#5300 = VECTOR ( 'NONE', #3507, 1000.000000000000000 ) ;
#5301 = AXIS2_PLACEMENT_3D ( 'NONE', #1204, #1121, #2484 ) ;
#5302 = VECTOR ( 'NONE', #4017, 1000.000000000000000 ) ;
#5303 = EDGE_CURVE ( 'NONE', #3264, #4756, #4843, .T. ) ;
#5304 = ORIENTED_EDGE ( 'NONE', *, *, #2601, .F. ) ;
#5305 = CYLINDRICAL_SURFACE ( 'NONE', #399, 5.749999999999984013 ) ;
#5306 = ADVANCED_FACE ( 'NONE', ( #681 ), #4787, .F. ) ;
#5307 = EDGE_CURVE ( 'NONE', #3814, #2227, #4870, .T. ) ;
#5308 = EDGE_LOOP ( 'NONE', ( #4205, #3343, #5223, #2717, #1075, #1520 ) ) ;
#5309 = CARTESIAN_POINT ( 'NONE',  ( 5.208733445923128736E-17, 22.34999999999998366, -22.79999999999999716 ) ) ;
#5310 = DIRECTION ( 'NONE',  ( -1.000000000000000000, 0.000000000000000000, 0.000000000000000000 ) ) ;
#5311 = EDGE_LOOP ( 'NONE', ( #1403, #5485, #747 ) ) ;
#5312 = LINE ( 'NONE', #4421, #4567 ) ;
#5313 = EDGE_CURVE ( 'NONE', #2100, #3283, #651, .T. ) ;
#5314 = ORIENTED_EDGE ( 'NONE', *, *, #4241, .F. ) ;
#5315 = CARTESIAN_POINT ( 'NONE',  ( -26.19999999999999929, -13.24999999999999645, -0.000000000000000000 ) ) ;
#5316 = CARTESIAN_POINT ( 'NONE',  ( -18.77897775806425074, 2.478977758064127901, 2.000000000000000000 ) ) ;
#5317 = DIRECTION ( 'NONE',  ( -0.000000000000000000, -0.000000000000000000, 1.000000000000000000 ) ) ;
#5318 = VERTEX_POINT ( 'NONE', #2345 ) ;
#5319 = LINE ( 'NONE', #1533, #2185 ) ;
#5320 = ORIENTED_EDGE ( 'NONE', *, *, #3045, .T. ) ;
#5321 = EDGE_CURVE ( 'NONE', #4037, #3485, #5239, .T. ) ;
#5322 = CARTESIAN_POINT ( 'NONE',  ( -24.49999999999998934, 20.19999999999998508, -26.80281151192504652 ) ) ;
#5323 = CARTESIAN_POINT ( 'NONE',  ( 26.14999999999999858, -8.939131361278935373, -7.500000000000000000 ) ) ;
#5324 = CARTESIAN_POINT ( 'NONE',  ( -22.29999999999999716, -5.900000000000066969, 0.000000000000000000 ) ) ;
#5325 = FACE_OUTER_BOUND ( 'NONE', #5471, .T. ) ;
#5326 = ORIENTED_EDGE ( 'NONE', *, *, #1676, .T. ) ;
#5327 = LINE ( 'NONE', #3531, #1189 ) ;
#5328 = VECTOR ( 'NONE', #2729, 1000.000000000000000 ) ;
#5329 = ORIENTED_EDGE ( 'NONE', *, *, #5112, .F. ) ;
#5330 = CARTESIAN_POINT ( 'NONE',  ( 24.99999999999999289, 1.798687484571975190E-29, -21.81599999999999540 ) ) ;
#5331 = DIRECTION ( 'NONE',  ( 1.000000000000000000, -6.700369425960418635E-17, -1.301268728343923962E-17 ) ) ;
#5332 = VERTEX_POINT ( 'NONE', #266 ) ;
#5333 = DIRECTION ( 'NONE',  ( 0.000000000000000000, 1.000000000000000000, 0.000000000000000000 ) ) ;
#5334 = ORIENTED_EDGE ( 'NONE', *, *, #922, .F. ) ;
#5335 = EDGE_CURVE ( 'NONE', #3632, #4498, #1962, .T. ) ;
#5336 = EDGE_CURVE ( 'NONE', #4027, #2776, #3966, .T. ) ;
#5337 = VERTEX_POINT ( 'NONE', #4409 ) ;
#5338 = FACE_OUTER_BOUND ( 'NONE', #3004, .T. ) ;
#5339 = CARTESIAN_POINT ( 'NONE',  ( -20.50000000000002132, -68.30000000000001137, -19.68999999999999773 ) ) ;
#5340 = LINE ( 'NONE', #723, #1760 ) ;
#5341 = ORIENTED_EDGE ( 'NONE', *, *, #919, .F. ) ;
#5342 = CARTESIAN_POINT ( 'NONE',  ( 32.50000000000000711, 27.69999999999998863, -21.81600000000000250 ) ) ;
#5343 = ORIENTED_EDGE ( 'NONE', *, *, #4741, .T. ) ;
#5344 = AXIS2_PLACEMENT_3D ( 'NONE', #5459, #2421, #5423 ) ;
#5345 = CARTESIAN_POINT ( 'NONE',  ( -24.00000000000002132, -67.80000000000003979, -22.79999999999999716 ) ) ;
#5346 = LINE ( 'NONE', #1539, #2242 ) ;
#5347 = CARTESIAN_POINT ( 'NONE',  ( 21.65000000000001634, -5.777963577676578097E-15, -9.589999999999998082 ) ) ;
#5348 = EDGE_CURVE ( 'NONE', #4346, #3790, #2935, .T. ) ;
#5349 = DIRECTION ( 'NONE',  ( -1.000000000000000000, -0.000000000000000000, -0.000000000000000000 ) ) ;
#5350 = ADVANCED_FACE ( 'NONE', ( #5325 ), #1513, .F. ) ;
#5351 = VECTOR ( 'NONE', #4157, 1000.000000000000000 ) ;
#5352 = FACE_BOUND ( 'NONE', #4000, .T. ) ;
#5353 = ORIENTED_EDGE ( 'NONE', *, *, #4050, .F. ) ;
#5354 = CYLINDRICAL_SURFACE ( 'NONE', #3676, 3.021022241935820141 ) ;
#5355 = VECTOR ( 'NONE', #2388, 1000.000000000000000 ) ;
#5356 = VECTOR ( 'NONE', #1674, 1000.000000000000000 ) ;
#5357 = VERTEX_POINT ( 'NONE', #2293 ) ;
#5358 = CARTESIAN_POINT ( 'NONE',  ( -10.24999999999999822, -34.11249999999999005, -15.32999999999998941 ) ) ;
#5359 = CARTESIAN_POINT ( 'NONE',  ( -28.49999999999997158, -2.471980953266947585E-14, 0.000000000000000000 ) ) ;
#5360 = ORIENTED_EDGE ( 'NONE', *, *, #133, .F. ) ;
#5361 = DIRECTION ( 'NONE',  ( -1.000000000000000000, 0.000000000000000000, 0.000000000000000000 ) ) ;
#5362 = AXIS2_PLACEMENT_3D ( 'NONE', #803, #1179, #2875 ) ;
#5363 = CARTESIAN_POINT ( 'NONE',  ( 15.99999999999999289, -6.648146438777115732E-29, -29.58949493661166841 ) ) ;
#5364 = ORIENTED_EDGE ( 'NONE', *, *, #4177, .T. ) ;
#5365 = VECTOR ( 'NONE', #1272, 1000.000000000000000 ) ;
#5366 = LINE ( 'NONE', #1449, #743 ) ;
#5367 = DIRECTION ( 'NONE',  ( 1.301268728343923962E-17, 4.462663340991622160E-30, 1.000000000000000000 ) ) ;
#5368 = VERTEX_POINT ( 'NONE', #3993 ) ;
#5369 = ORIENTED_EDGE ( 'NONE', *, *, #685, .T. ) ;
#5370 = DIRECTION ( 'NONE',  ( 0.000000000000000000, -0.000000000000000000, -1.000000000000000000 ) ) ;
#5371 = VERTEX_POINT ( 'NONE', #3709 ) ;
#5372 = VECTOR ( 'NONE', #5062, 1000.000000000000000 ) ;
#5373 = CARTESIAN_POINT ( 'NONE',  ( 26.14999999999999858, 8.000000000000001776, 0.000000000000000000 ) ) ;
#5374 = CARTESIAN_POINT ( 'NONE',  ( 0.000000000000000000, -61.29999999999999716, -28.64157109115491551 ) ) ;
#5375 = DIRECTION ( 'NONE',  ( 0.000000000000000000, -1.000000000000000000, 4.461994495156348024E-30 ) ) ;
#5376 = FACE_OUTER_BOUND ( 'NONE', #4139, .T. ) ;
#5377 = AXIS2_PLACEMENT_3D ( 'NONE', #4599, #1573, #3263 ) ;
#5378 = ADVANCED_FACE ( 'NONE', ( #3318 ), #796, .F. ) ;
#5379 = DIRECTION ( 'NONE',  ( 0.000000000000000000, 0.000000000000000000, -1.000000000000000000 ) ) ;
#5380 = LINE ( 'NONE', #5014, #3351 ) ;
#5381 = VECTOR ( 'NONE', #243, 1000.000000000000000 ) ;
#5382 = EDGE_LOOP ( 'NONE', ( #1632, #3313, #3386, #985 ) ) ;
#5383 = DIRECTION ( 'NONE',  ( 0.000000000000000000, 0.000000000000000000, -1.000000000000000000 ) ) ;
#5384 = AXIS2_PLACEMENT_3D ( 'NONE', #846, #5482, #1769 ) ;
#5385 = EDGE_CURVE ( 'NONE', #5046, #2531, #2928, .T. ) ;
#5386 = EDGE_LOOP ( 'NONE', ( #3307, #4846, #5086, #606 ) ) ;
#5387 = CARTESIAN_POINT ( 'NONE',  ( -24.00000000000002132, -46.32499999999998863, 0.000000000000000000 ) ) ;
#5388 = PLANE ( 'NONE',  #3696 ) ;
#5389 = ORIENTED_EDGE ( 'NONE', *, *, #4691, .F. ) ;
#5390 = DIRECTION ( 'NONE',  ( 6.700369425960418635E-17, 1.000000000000000000, -4.463535239111858514E-30 ) ) ;
#5391 = DIRECTION ( 'NONE',  ( -1.301268728343923962E-17, -4.462663340991622160E-30, -1.000000000000000000 ) ) ;
#5392 = EDGE_LOOP ( 'NONE', ( #1698, #4233, #835, #3955 ) ) ;
#5393 = DIRECTION ( 'NONE',  ( 1.000000000000000000, 0.000000000000000000, 0.000000000000000000 ) ) ;
#5394 = LINE ( 'NONE', #2040, #4141 ) ;
#5395 = VERTEX_POINT ( 'NONE', #4564 ) ;
#5396 = VERTEX_POINT ( 'NONE', #2458 ) ;
#5397 = CARTESIAN_POINT ( 'NONE',  ( 24.49999999999999645, 22.34999999999998366, -29.47285424949237864 ) ) ;
#5398 = VERTEX_POINT ( 'NONE', #4154 ) ;
#5399 = EDGE_CURVE ( 'NONE', #2942, #5368, #3646, .T. ) ;
#5400 = CARTESIAN_POINT ( 'NONE',  ( 32.85000000000002984, 2.299999999999994493, -17.61599999999999611 ) ) ;
#5401 = CARTESIAN_POINT ( 'NONE',  ( -33.89583333333333570, -38.65000000000000568, -17.61599999999999611 ) ) ;
#5402 = CARTESIAN_POINT ( 'NONE',  ( -25.32102224193581819, -5.900000000000066969, 2.000000000000000000 ) ) ;
#5403 = DIRECTION ( 'NONE',  ( -0.000000000000000000, -0.000000000000000000, 1.000000000000000000 ) ) ;
#5404 = EDGE_CURVE ( 'NONE', #2710, #3338, #4359, .T. ) ;
#5405 = FACE_OUTER_BOUND ( 'NONE', #25, .T. ) ;
#5406 = CARTESIAN_POINT ( 'NONE',  ( 28.00000000000000000, -70.80000000000001137, -21.81599999999999540 ) ) ;
#5407 = CARTESIAN_POINT ( 'NONE',  ( 24.49999999999999645, 0.000000000000000000, 0.000000000000000000 ) ) ;
#5408 = ORIENTED_EDGE ( 'NONE', *, *, #1437, .T. ) ;
#5409 = CARTESIAN_POINT ( 'NONE',  ( 32.00000000000000000, 27.19999999999999218, 2.000000000000000000 ) ) ;
#5410 = EDGE_LOOP ( 'NONE', ( #3294, #2645, #1652, #2015 ) ) ;
#5411 = CARTESIAN_POINT ( 'NONE',  ( 27.65000000000000213, -8.939131361278935373, -7.500000000000000000 ) ) ;
#5412 = DIRECTION ( 'NONE',  ( 0.000000000000000000, 0.000000000000000000, -1.000000000000000000 ) ) ;
#5413 = ORIENTED_EDGE ( 'NONE', *, *, #2907, .F. ) ;
#5414 = CARTESIAN_POINT ( 'NONE',  ( 2.128977758064174441, -0.5000000000000518474, 2.000000000000000000 ) ) ;
#5415 = ADVANCED_FACE ( 'NONE', ( #3287 ), #5008, .F. ) ;
#5416 = LINE ( 'NONE', #1646, #1720 ) ;
#5417 = ORIENTED_EDGE ( 'NONE', *, *, #3353, .F. ) ;
#5418 = LINE ( 'NONE', #424, #485 ) ;
#5419 = CARTESIAN_POINT ( 'NONE',  ( 28.49999999999999645, 20.19999999999998508, 0.000000000000000000 ) ) ;
#5420 = ORIENTED_EDGE ( 'NONE', *, *, #5348, .F. ) ;
#5421 = CARTESIAN_POINT ( 'NONE',  ( -24.49999999999998934, -0.000000000000000000, 0.000000000000000000 ) ) ;
#5422 = ORIENTED_EDGE ( 'NONE', *, *, #4710, .F. ) ;
#5423 = DIRECTION ( 'NONE',  ( -1.000000000000000000, 0.000000000000000000, 0.000000000000000000 ) ) ;
#5424 = PLANE ( 'NONE',  #837 ) ;
#5425 = DIRECTION ( 'NONE',  ( -1.000000000000000000, 1.254772857849411939E-16, 0.000000000000000000 ) ) ;
#5426 = CARTESIAN_POINT ( 'NONE',  ( -28.94999999999999574, 9.500000000000001776, 0.000000000000000000 ) ) ;
#5427 = CARTESIAN_POINT ( 'NONE',  ( 14.98338744426898472, -46.45000000000001705, 2.000000000000000000 ) ) ;
#5428 = EDGE_CURVE ( 'NONE', #1794, #1593, #3737, .T. ) ;
#5429 = AXIS2_PLACEMENT_3D ( 'NONE', #4616, #821, #2510 ) ;
#5430 = FACE_OUTER_BOUND ( 'NONE', #4590, .T. ) ;
#5431 = DIRECTION ( 'NONE',  ( 0.000000000000000000, 0.000000000000000000, -1.000000000000000000 ) ) ;
#5432 = VERTEX_POINT ( 'NONE', #4620 ) ;
#5433 = CARTESIAN_POINT ( 'NONE',  ( 3.128977758064159786, -0.5000000000000532907, 0.9999999999999956701 ) ) ;
#5434 = VECTOR ( 'NONE', #5139, 1000.000000000000000 ) ;
#5435 = VERTEX_POINT ( 'NONE', #5426 ) ;
#5436 = ORIENTED_EDGE ( 'NONE', *, *, #810, .F. ) ;
#5437 = CARTESIAN_POINT ( 'NONE',  ( -7.335542105859834905, -71.29999999999996874, -18.81599999999999540 ) ) ;
#5438 = AXIS2_PLACEMENT_3D ( 'NONE', #3175, #182, #1908 ) ;
#5439 = EDGE_CURVE ( 'NONE', #1963, #455, #2513, .T. ) ;
#5440 = DIRECTION ( 'NONE',  ( 0.000000000000000000, -0.000000000000000000, 1.000000000000000000 ) ) ;
#5441 = ORIENTED_EDGE ( 'NONE', *, *, #1205, .F. ) ;
#5442 = PLANE ( 'NONE',  #3862 ) ;
#5443 = ORIENTED_EDGE ( 'NONE', *, *, #2375, .T. ) ;
#5444 = CIRCLE ( 'NONE', #3500, 2.500000000000002220 ) ;
#5445 = EDGE_CURVE ( 'NONE', #4583, #4304, #2868, .T. ) ;
#5446 = CARTESIAN_POINT ( 'NONE',  ( 24.49999999999999645, 1.786052293135802763E-29, -22.79999999999999716 ) ) ;
#5447 = ORIENTED_EDGE ( 'NONE', *, *, #3304, .F. ) ;
#5448 = CARTESIAN_POINT ( 'NONE',  ( 22.99999999999999289, -40.30000000000001137, -34.02792206135786302 ) ) ;
#5449 = DIRECTION ( 'NONE',  ( -1.000000000000000000, 0.000000000000000000, -0.000000000000000000 ) ) ;
#5450 = VERTEX_POINT ( 'NONE', #3680 ) ;
#5451 = EDGE_LOOP ( 'NONE', ( #3334, #1418, #2912, #1454 ) ) ;
#5452 = DIRECTION ( 'NONE',  ( -0.000000000000000000, -0.000000000000000000, 1.000000000000000000 ) ) ;
#5453 = AXIS2_PLACEMENT_3D ( 'NONE', #2146, #61, #1763 ) ;
#5454 = AXIS2_PLACEMENT_3D ( 'NONE', #4079, #3160, #2711 ) ;
#5455 = EDGE_LOOP ( 'NONE', ( #2008, #2879, #5083, #531 ) ) ;
#5456 = ADVANCED_FACE ( 'NONE', ( #5376 ), #2047, .T. ) ;
#5457 = CIRCLE ( 'NONE', #660, 1.424999999999995826 ) ;
#5458 = ADVANCED_FACE ( 'NONE', ( #3231 ), #4595, .T. ) ;
#5459 = CARTESIAN_POINT ( 'NONE',  ( 17.61999999999999744, -43.12000000000001876, -14.68999999999999595 ) ) ;
#5460 = DIRECTION ( 'NONE',  ( 0.000000000000000000, -1.000000000000000000, 0.000000000000000000 ) ) ;
#5461 = FACE_OUTER_BOUND ( 'NONE', #2963, .T. ) ;
#5462 = VECTOR ( 'NONE', #4836, 1000.000000000000000 ) ;
#5463 = DIRECTION ( 'NONE',  ( 1.000000000000000000, 0.000000000000000000, -1.301268728343923962E-17 ) ) ;
#5464 = CARTESIAN_POINT ( 'NONE',  ( -33.89583333333333570, -48.95000000000000995, -17.61599999999999611 ) ) ;
#5465 = PLANE ( 'NONE',  #5213 ) ;
#5466 = ORIENTED_EDGE ( 'NONE', *, *, #2653, .T. ) ;
#5467 = CARTESIAN_POINT ( 'NONE',  ( -22.29999999999999716, -5.900000000000066969, 2.000000000000000000 ) ) ;
#5468 = VECTOR ( 'NONE', #101, 1000.000000000000000 ) ;
#5469 = ORIENTED_EDGE ( 'NONE', *, *, #4322, .T. ) ;
#5470 = VECTOR ( 'NONE', #1489, 1000.000000000000000 ) ;
#5471 = EDGE_LOOP ( 'NONE', ( #2772, #3512, #3497, #603 ) ) ;
#5472 = CARTESIAN_POINT ( 'NONE',  ( 16.19500000000000028, -43.12000000000001876, -9.589999999999998082 ) ) ;
#5473 = DIRECTION ( 'NONE',  ( -1.000000000000000000, 0.000000000000000000, 0.000000000000000000 ) ) ;
#5474 = DIRECTION ( 'NONE',  ( 1.000000000000000000, 0.000000000000000000, 0.000000000000000000 ) ) ;
#5475 = VECTOR ( 'NONE', #874, 1000.000000000000000 ) ;
#5476 = EDGE_CURVE ( 'NONE', #888, #1783, #4181, .T. ) ;
#5477 = ORIENTED_EDGE ( 'NONE', *, *, #391, .T. ) ;
#5478 = PLANE ( 'NONE',  #5082 ) ;
#5479 = VECTOR ( 'NONE', #2990, 1000.000000000000000 ) ;
#5480 = ORIENTED_EDGE ( 'NONE', *, *, #1294, .F. ) ;
#5481 = CARTESIAN_POINT ( 'NONE',  ( 0.000000000000000000, 22.34999999999998366, -29.47285424949237864 ) ) ;
#5482 = DIRECTION ( 'NONE',  ( -7.767418549149889834E-17, -1.000000000000000000, 0.000000000000000000 ) ) ;
#5483 = ORIENTED_EDGE ( 'NONE', *, *, #777, .F. ) ;
#5484 = LINE ( 'NONE', #5397, #494 ) ;
#5485 = ORIENTED_EDGE ( 'NONE', *, *, #3045, .F. ) ;
#5486 = LINE ( 'NONE', #4591, #4799 ) ;
#5487 = CARTESIAN_POINT ( 'NONE',  ( 32.50000000000000711, 27.69999999999998863, -145.7918040909596300 ) ) ;
#5488 = DIRECTION ( 'NONE',  ( -0.01745240643728354635, -0.000000000000000000, 0.9998476951563911586 ) ) ;
#5489 = DIRECTION ( 'NONE',  ( -2.668805347656627171E-16, 1.000000000000000000, 0.000000000000000000 ) ) ;
#5490 = CARTESIAN_POINT ( 'NONE',  ( 28.49999999999999645, 0.000000000000000000, 0.000000000000000000 ) ) ;
#5491 = DIRECTION ( 'NONE',  ( 0.000000000000000000, -1.000000000000000000, 0.000000000000000000 ) ) ;
#5492 = VERTEX_POINT ( 'NONE', #3766 ) ;
#5493 = PLANE ( 'NONE',  #4662 ) ;
ENDSEC;
END-ISO-10303-21;
